11-12 22:56:26 com_github_MitjaNemec_ReplicateLayout.action_replicate_layout 409:Plugin executed on: 'win32'
11-12 22:56:26 com_github_MitjaNemec_ReplicateLayout.action_replicate_layout 410:Plugin executed with python version: '3.11.5 (main, Jun 15 2025, 06:45:45) [MSC v.1942 64 bit (AMD64)]'
11-12 22:56:26 com_github_MitjaNemec_ReplicateLayout.action_replicate_layout 411:KiCad build version: 9.0.3
11-12 22:56:26 com_github_MitjaNemec_ReplicateLayout.action_replicate_layout 412:Plugin version: 4.0.3
11-12 22:56:26 com_github_MitjaNemec_ReplicateLayout.action_replicate_layout 413:Frame repr: <wx._core.Frame object at 0x00000233D76FFA30>
11-12 22:56:26 com_github_MitjaNemec_ReplicateLayout.action_replicate_layout 437:Preparing replicator with LED142 as a reference
11-12 22:56:26 com_github_MitjaNemec_ReplicateLayout.replicate_layout 117:getting a list of all footprints on board
11-12 22:56:33 com_github_MitjaNemec_ReplicateLayout.action_replicate_layout 485:source anchor footprint is 'LED142'
Located on: ['Top', 'LEDs_Bottom', 'LEDS_discreet4', 'LED_single']
With filenames: ['Top.kicad_sch', 'LEDs_bottom.kicad_sch', 'LEDS_discreet.kicad_sch', 'LED_single.kicad_sch']
With sheet_id:['Top', 'LEDs_Bottom', 'LEDS_discreet4', 'LED_single']
11-12 22:56:33 com_github_MitjaNemec_ReplicateLayout.action_replicate_layout 492:Corresponding footprints are 
[('LED223', ['Bottom', 'LEDs_Bottom', 'LEDS_discreet5', 'LED_single3']), ('LED199', ['Top', 'LEDs_Bottom', 'LEDS_discreet', 'LED_single']), ('LED202', ['Top', 'LEDs_Bottom', 'LEDS_discreet5', 'LED_single']), ('LED139', ['Bottom', 'LEDs_Bottom', 'LEDS_discreet', 'LED_single2']), ('LED172', ['Top', 'LEDs_Bottom', 'LEDS_discreet', 'LED_single3']), ('LED133', ['Bottom', 'LEDs_Bottom', 'LEDS_discreet3', 'LED_single2']), ('LED277', ['Top', 'LEDs_Bottom', 'LEDS_discreet8', 'LED_single1']), ('LED241', ['Bottom', 'LEDs_Bottom', 'LEDS_discreet6', 'LED_single1']), ('LED175', ['Top', 'LEDs_Bottom', 'LEDS_discreet2', 'LED_single']), ('LED136', ['Bottom', 'LEDs_Bottom', 'LEDS_discreet3', 'LED_single3']), ('LED217', ['Bottom', 'LEDs_Bottom', 'LEDS_discreet5', 'LED_single1']), ('LED211', ['Top', 'LEDs_Bottom', 'LEDS_discreet5', 'LED_single3']), ('LED109', ['Bottom', 'LEDs_Bottom', 'LEDS_discreet', 'LED_single']), ('LED286', ['Bottom', 'LEDs_Bottom', 'LEDS_discreet8', 'LED_single']), ('LED256', ['Top', 'LEDs_Bottom', 'LEDS_discreet7', 'LED_single2']), ('LED250', ['Top', 'LEDs_Bottom', 'LEDS_discreet7', 'LED_single']), ('LED289', ['Bottom', 'LEDs_Bottom', 'LEDS_discreet8', 'LED_single1']), ('LED205', ['Top', 'LEDs_Bottom', 'LEDS_discreet5', 'LED_single1']), ('LED154', ['Top', 'LEDs_Bottom', 'LEDS_discreet', 'LED_single2']), ('LED160', ['Bottom', 'LEDs_Bottom', 'LEDS_discreet4', 'LED_single1']), ('LED292', ['Bottom', 'LEDs_Bottom', 'LEDS_discreet8', 'LED_single2']), ('LED187', ['Bottom', 'LEDs_Bottom', 'LEDS_discreet2', 'LED_single']), ('LED148', ['Top', 'LEDs_Bottom', 'LEDS_discreet4', 'LED_single2']), ('LED226', ['Top', 'LEDs_Bottom', 'LEDS_discreet6', 'LED_single']), ('LED229', ['Top', 'LEDs_Bottom', 'LEDS_discreet6', 'LED_single1']), ('LED280', ['Top', 'LEDs_Bottom', 'LEDS_discreet8', 'LED_single2']), ('LED196', ['Bottom', 'LEDs_Bottom', 'LEDS_discreet2', 'LED_single3']), ('LED262', ['Bottom', 'LEDs_Bottom', 'LEDS_discreet7', 'LED_single']), ('LED271', ['Bottom', 'LEDs_Bottom', 'LEDS_discreet7', 'LED_single3']), ('LED232', ['Top', 'LEDs_Bottom', 'LEDS_discreet6', 'LED_single2']), ('LED259', ['Top', 'LEDs_Bottom', 'LEDS_discreet7', 'LED_single3']), ('LED238', ['Bottom', 'LEDs_Bottom', 'LEDS_discreet6', 'LED_single']), ('LED283', ['Top', 'LEDs_Bottom', 'LEDS_discreet8', 'LED_single3']), ('LED121', ['Top', 'LEDs_Bottom', 'LEDS_discreet3', 'LED_single3']), ('LED253', ['Top', 'LEDs_Bottom', 'LEDS_discreet7', 'LED_single1']), ('LED190', ['Bottom', 'LEDs_Bottom', 'LEDS_discreet2', 'LED_single1']), ('LED145', ['Top', 'LEDs_Bottom', 'LEDS_discreet4', 'LED_single1']), ('LED127', ['Bottom', 'LEDs_Bottom', 'LEDS_discreet3', 'LED_single']), ('LED268', ['Bottom', 'LEDs_Bottom', 'LEDS_discreet7', 'LED_single2']), ('LED104', ['Bottom', 'LEDs_Bottom', 'LEDS_discreet', 'LED_single1']), ('LED220', ['Bottom', 'LEDs_Bottom', 'LEDS_discreet5', 'LED_single2']), ('LED235', ['Top', 'LEDs_Bottom', 'LEDS_discreet6', 'LED_single3']), ('LED118', ['Top', 'LEDs_Bottom', 'LEDS_discreet3', 'LED_single2']), ('LED265', ['Bottom', 'LEDs_Bottom', 'LEDS_discreet7', 'LED_single1']), ('LED208', ['Top', 'LEDs_Bottom', 'LEDS_discreet5', 'LED_single2']), ('LED193', ['Bottom', 'LEDs_Bottom', 'LEDS_discreet2', 'LED_single2']), ('LED124', ['Top', 'LEDs_Bottom', 'LEDS_discreet', 'LED_single1']), ('LED295', ['Bottom', 'LEDs_Bottom', 'LEDS_discreet8', 'LED_single3']), ('LED157', ['Bottom', 'LEDs_Bottom', 'LEDS_discreet4', 'LED_single']), ('LED151', ['Top', 'LEDs_Bottom', 'LEDS_discreet4', 'LED_single3']), ('LED274', ['Top', 'LEDs_Bottom', 'LEDS_discreet8', 'LED_single']), ('LED115', ['Top', 'LEDs_Bottom', 'LEDS_discreet3', 'LED_single1']), ('LED178', ['Top', 'LEDs_Bottom', 'LEDS_discreet2', 'LED_single1']), ('LED244', ['Bottom', 'LEDs_Bottom', 'LEDS_discreet6', 'LED_single2']), ('LED130', ['Bottom', 'LEDs_Bottom', 'LEDS_discreet3', 'LED_single1']), ('LED214', ['Bottom', 'LEDs_Bottom', 'LEDS_discreet5', 'LED_single']), ('LED169', ['Bottom', 'LEDs_Bottom', 'LEDS_discreet4', 'LED_single3']), ('LED142', ['Top', 'LEDs_Bottom', 'LEDS_discreet4', 'LED_single']), ('LED181', ['Top', 'LEDs_Bottom', 'LEDS_discreet2', 'LED_single2']), ('LED184', ['Top', 'LEDs_Bottom', 'LEDS_discreet2', 'LED_single3']), ('LED163', ['Bottom', 'LEDs_Bottom', 'LEDS_discreet', 'LED_single3']), ('LED247', ['Bottom', 'LEDs_Bottom', 'LEDS_discreet6', 'LED_single3']), ('LED112', ['Top', 'LEDs_Bottom', 'LEDS_discreet3', 'LED_single']), ('LED166', ['Bottom', 'LEDs_Bottom', 'LEDS_discreet4', 'LED_single2'])]
11-12 22:56:33 com_github_MitjaNemec_ReplicateLayout.action_replicate_layout 504:Showing dialog
11-12 22:56:33 com_github_MitjaNemec_ReplicateLayout.replicate_layout 472:constructing a list of sheets suitable for replication on level:'LED_single', file:'LED_single.kicad_sch'
11-12 22:56:33 com_github_MitjaNemec_ReplicateLayout.replicate_layout 509:suitable sheets are:[['Bottom', 'LEDs_Bottom', 'LEDS_discreet', 'LED_single'], ['Bottom', 'LEDs_Bottom', 'LEDS_discreet', 'LED_single1'], ['Bottom', 'LEDs_Bottom', 'LEDS_discreet', 'LED_single2'], ['Bottom', 'LEDs_Bottom', 'LEDS_discreet', 'LED_single3'], ['Bottom', 'LEDs_Bottom', 'LEDS_discreet2', 'LED_single'], ['Bottom', 'LEDs_Bottom', 'LEDS_discreet2', 'LED_single1'], ['Bottom', 'LEDs_Bottom', 'LEDS_discreet2', 'LED_single2'], ['Bottom', 'LEDs_Bottom', 'LEDS_discreet2', 'LED_single3'], ['Bottom', 'LEDs_Bottom', 'LEDS_discreet3', 'LED_single'], ['Bottom', 'LEDs_Bottom', 'LEDS_discreet3', 'LED_single1'], ['Bottom', 'LEDs_Bottom', 'LEDS_discreet3', 'LED_single2'], ['Bottom', 'LEDs_Bottom', 'LEDS_discreet3', 'LED_single3'], ['Bottom', 'LEDs_Bottom', 'LEDS_discreet4', 'LED_single'], ['Bottom', 'LEDs_Bottom', 'LEDS_discreet4', 'LED_single1'], ['Bottom', 'LEDs_Bottom', 'LEDS_discreet4', 'LED_single2'], ['Bottom', 'LEDs_Bottom', 'LEDS_discreet4', 'LED_single3'], ['Bottom', 'LEDs_Bottom', 'LEDS_discreet5', 'LED_single'], ['Bottom', 'LEDs_Bottom', 'LEDS_discreet5', 'LED_single1'], ['Bottom', 'LEDs_Bottom', 'LEDS_discreet5', 'LED_single2'], ['Bottom', 'LEDs_Bottom', 'LEDS_discreet5', 'LED_single3'], ['Bottom', 'LEDs_Bottom', 'LEDS_discreet6', 'LED_single'], ['Bottom', 'LEDs_Bottom', 'LEDS_discreet6', 'LED_single1'], ['Bottom', 'LEDs_Bottom', 'LEDS_discreet6', 'LED_single2'], ['Bottom', 'LEDs_Bottom', 'LEDS_discreet6', 'LED_single3'], ['Bottom', 'LEDs_Bottom', 'LEDS_discreet7', 'LED_single'], ['Bottom', 'LEDs_Bottom', 'LEDS_discreet7', 'LED_single1'], ['Bottom', 'LEDs_Bottom', 'LEDS_discreet7', 'LED_single2'], ['Bottom', 'LEDs_Bottom', 'LEDS_discreet7', 'LED_single3'], ['Bottom', 'LEDs_Bottom', 'LEDS_discreet8', 'LED_single'], ['Bottom', 'LEDs_Bottom', 'LEDS_discreet8', 'LED_single1'], ['Bottom', 'LEDs_Bottom', 'LEDS_discreet8', 'LED_single2'], ['Bottom', 'LEDs_Bottom', 'LEDS_discreet8', 'LED_single3'], ['Top', 'LEDs_Bottom', 'LEDS_discreet', 'LED_single'], ['Top', 'LEDs_Bottom', 'LEDS_discreet', 'LED_single1'], ['Top', 'LEDs_Bottom', 'LEDS_discreet', 'LED_single2'], ['Top', 'LEDs_Bottom', 'LEDS_discreet', 'LED_single3'], ['Top', 'LEDs_Bottom', 'LEDS_discreet2', 'LED_single'], ['Top', 'LEDs_Bottom', 'LEDS_discreet2', 'LED_single1'], ['Top', 'LEDs_Bottom', 'LEDS_discreet2', 'LED_single2'], ['Top', 'LEDs_Bottom', 'LEDS_discreet2', 'LED_single3'], ['Top', 'LEDs_Bottom', 'LEDS_discreet3', 'LED_single'], ['Top', 'LEDs_Bottom', 'LEDS_discreet3', 'LED_single1'], ['Top', 'LEDs_Bottom', 'LEDS_discreet3', 'LED_single2'], ['Top', 'LEDs_Bottom', 'LEDS_discreet3', 'LED_single3'], ['Top', 'LEDs_Bottom', 'LEDS_discreet4', 'LED_single1'], ['Top', 'LEDs_Bottom', 'LEDS_discreet4', 'LED_single2'], ['Top', 'LEDs_Bottom', 'LEDS_discreet4', 'LED_single3'], ['Top', 'LEDs_Bottom', 'LEDS_discreet5', 'LED_single'], ['Top', 'LEDs_Bottom', 'LEDS_discreet5', 'LED_single1'], ['Top', 'LEDs_Bottom', 'LEDS_discreet5', 'LED_single2'], ['Top', 'LEDs_Bottom', 'LEDS_discreet5', 'LED_single3'], ['Top', 'LEDs_Bottom', 'LEDS_discreet6', 'LED_single'], ['Top', 'LEDs_Bottom', 'LEDS_discreet6', 'LED_single1'], ['Top', 'LEDs_Bottom', 'LEDS_discreet6', 'LED_single2'], ['Top', 'LEDs_Bottom', 'LEDS_discreet6', 'LED_single3'], ['Top', 'LEDs_Bottom', 'LEDS_discreet7', 'LED_single'], ['Top', 'LEDs_Bottom', 'LEDS_discreet7', 'LED_single1'], ['Top', 'LEDs_Bottom', 'LEDS_discreet7', 'LED_single2'], ['Top', 'LEDs_Bottom', 'LEDS_discreet7', 'LED_single3'], ['Top', 'LEDs_Bottom', 'LEDS_discreet8', 'LED_single'], ['Top', 'LEDs_Bottom', 'LEDS_discreet8', 'LED_single1'], ['Top', 'LEDs_Bottom', 'LEDS_discreet8', 'LED_single2'], ['Top', 'LEDs_Bottom', 'LEDS_discreet8', 'LED_single3']]
11-12 22:56:33 com_github_MitjaNemec_ReplicateLayout.replicate_layout 1512:Level selected: ['Top', 'LEDs_Bottom', 'LEDS_discreet4', 'LED_single']
11-12 22:56:33 com_github_MitjaNemec_ReplicateLayout.replicate_layout 1336:Filtering list of tracks
11-12 22:56:33 com_github_MitjaNemec_ReplicateLayout.action_replicate_layout 510:Toolbar position: wx.Point(1523, 120)
11-12 22:56:33 com_github_MitjaNemec_ReplicateLayout.action_replicate_layout 515:Dialog position: wx.Point(1084, 120)
11-12 22:56:39 com_github_MitjaNemec_ReplicateLayout.replicate_layout 472:constructing a list of sheets suitable for replication on level:'LED_single', file:'LED_single.kicad_sch'
11-12 22:56:39 com_github_MitjaNemec_ReplicateLayout.replicate_layout 509:suitable sheets are:[['Bottom', 'LEDs_Bottom', 'LEDS_discreet', 'LED_single'], ['Bottom', 'LEDs_Bottom', 'LEDS_discreet', 'LED_single1'], ['Bottom', 'LEDs_Bottom', 'LEDS_discreet', 'LED_single2'], ['Bottom', 'LEDs_Bottom', 'LEDS_discreet', 'LED_single3'], ['Bottom', 'LEDs_Bottom', 'LEDS_discreet2', 'LED_single'], ['Bottom', 'LEDs_Bottom', 'LEDS_discreet2', 'LED_single1'], ['Bottom', 'LEDs_Bottom', 'LEDS_discreet2', 'LED_single2'], ['Bottom', 'LEDs_Bottom', 'LEDS_discreet2', 'LED_single3'], ['Bottom', 'LEDs_Bottom', 'LEDS_discreet3', 'LED_single'], ['Bottom', 'LEDs_Bottom', 'LEDS_discreet3', 'LED_single1'], ['Bottom', 'LEDs_Bottom', 'LEDS_discreet3', 'LED_single2'], ['Bottom', 'LEDs_Bottom', 'LEDS_discreet3', 'LED_single3'], ['Bottom', 'LEDs_Bottom', 'LEDS_discreet4', 'LED_single'], ['Bottom', 'LEDs_Bottom', 'LEDS_discreet4', 'LED_single1'], ['Bottom', 'LEDs_Bottom', 'LEDS_discreet4', 'LED_single2'], ['Bottom', 'LEDs_Bottom', 'LEDS_discreet4', 'LED_single3'], ['Bottom', 'LEDs_Bottom', 'LEDS_discreet5', 'LED_single'], ['Bottom', 'LEDs_Bottom', 'LEDS_discreet5', 'LED_single1'], ['Bottom', 'LEDs_Bottom', 'LEDS_discreet5', 'LED_single2'], ['Bottom', 'LEDs_Bottom', 'LEDS_discreet5', 'LED_single3'], ['Bottom', 'LEDs_Bottom', 'LEDS_discreet6', 'LED_single'], ['Bottom', 'LEDs_Bottom', 'LEDS_discreet6', 'LED_single1'], ['Bottom', 'LEDs_Bottom', 'LEDS_discreet6', 'LED_single2'], ['Bottom', 'LEDs_Bottom', 'LEDS_discreet6', 'LED_single3'], ['Bottom', 'LEDs_Bottom', 'LEDS_discreet7', 'LED_single'], ['Bottom', 'LEDs_Bottom', 'LEDS_discreet7', 'LED_single1'], ['Bottom', 'LEDs_Bottom', 'LEDS_discreet7', 'LED_single2'], ['Bottom', 'LEDs_Bottom', 'LEDS_discreet7', 'LED_single3'], ['Bottom', 'LEDs_Bottom', 'LEDS_discreet8', 'LED_single'], ['Bottom', 'LEDs_Bottom', 'LEDS_discreet8', 'LED_single1'], ['Bottom', 'LEDs_Bottom', 'LEDS_discreet8', 'LED_single2'], ['Bottom', 'LEDs_Bottom', 'LEDS_discreet8', 'LED_single3'], ['Top', 'LEDs_Bottom', 'LEDS_discreet', 'LED_single'], ['Top', 'LEDs_Bottom', 'LEDS_discreet', 'LED_single1'], ['Top', 'LEDs_Bottom', 'LEDS_discreet', 'LED_single2'], ['Top', 'LEDs_Bottom', 'LEDS_discreet', 'LED_single3'], ['Top', 'LEDs_Bottom', 'LEDS_discreet2', 'LED_single'], ['Top', 'LEDs_Bottom', 'LEDS_discreet2', 'LED_single1'], ['Top', 'LEDs_Bottom', 'LEDS_discreet2', 'LED_single2'], ['Top', 'LEDs_Bottom', 'LEDS_discreet2', 'LED_single3'], ['Top', 'LEDs_Bottom', 'LEDS_discreet3', 'LED_single'], ['Top', 'LEDs_Bottom', 'LEDS_discreet3', 'LED_single1'], ['Top', 'LEDs_Bottom', 'LEDS_discreet3', 'LED_single2'], ['Top', 'LEDs_Bottom', 'LEDS_discreet3', 'LED_single3'], ['Top', 'LEDs_Bottom', 'LEDS_discreet4', 'LED_single1'], ['Top', 'LEDs_Bottom', 'LEDS_discreet4', 'LED_single2'], ['Top', 'LEDs_Bottom', 'LEDS_discreet4', 'LED_single3'], ['Top', 'LEDs_Bottom', 'LEDS_discreet5', 'LED_single'], ['Top', 'LEDs_Bottom', 'LEDS_discreet5', 'LED_single1'], ['Top', 'LEDs_Bottom', 'LEDS_discreet5', 'LED_single2'], ['Top', 'LEDs_Bottom', 'LEDS_discreet5', 'LED_single3'], ['Top', 'LEDs_Bottom', 'LEDS_discreet6', 'LED_single'], ['Top', 'LEDs_Bottom', 'LEDS_discreet6', 'LED_single1'], ['Top', 'LEDs_Bottom', 'LEDS_discreet6', 'LED_single2'], ['Top', 'LEDs_Bottom', 'LEDS_discreet6', 'LED_single3'], ['Top', 'LEDs_Bottom', 'LEDS_discreet7', 'LED_single'], ['Top', 'LEDs_Bottom', 'LEDS_discreet7', 'LED_single1'], ['Top', 'LEDs_Bottom', 'LEDS_discreet7', 'LED_single2'], ['Top', 'LEDs_Bottom', 'LEDS_discreet7', 'LED_single3'], ['Top', 'LEDs_Bottom', 'LEDS_discreet8', 'LED_single'], ['Top', 'LEDs_Bottom', 'LEDS_discreet8', 'LED_single1'], ['Top', 'LEDs_Bottom', 'LEDS_discreet8', 'LED_single2'], ['Top', 'LEDs_Bottom', 'LEDS_discreet8', 'LED_single3']]
11-12 22:56:39 com_github_MitjaNemec_ReplicateLayout.replicate_layout 1512:Level selected: ['Top', 'LEDs_Bottom', 'LEDS_discreet4', 'LED_single']
11-12 22:56:39 com_github_MitjaNemec_ReplicateLayout.replicate_layout 1336:Filtering list of tracks
11-12 22:56:39 com_github_MitjaNemec_ReplicateLayout.replicate_layout 1342:Track group: , src group:
11-12 22:56:39 com_github_MitjaNemec_ReplicateLayout.replicate_layout 1342:Track group: , src group:
11-12 22:56:39 com_github_MitjaNemec_ReplicateLayout.replicate_layout 1342:Track group: , src group:
11-12 22:56:39 com_github_MitjaNemec_ReplicateLayout.replicate_layout 1342:Track group: , src group:
11-12 22:56:39 com_github_MitjaNemec_ReplicateLayout.replicate_layout 1342:Track group: , src group:
11-12 22:56:39 com_github_MitjaNemec_ReplicateLayout.replicate_layout 1342:Track group: , src group:
11-12 22:56:39 com_github_MitjaNemec_ReplicateLayout.replicate_layout 1342:Track group: , src group:
11-12 22:56:39 com_github_MitjaNemec_ReplicateLayout.replicate_layout 1342:Track group: , src group:
11-12 22:56:39 com_github_MitjaNemec_ReplicateLayout.replicate_layout 1342:Track group: , src group:
11-12 22:56:39 com_github_MitjaNemec_ReplicateLayout.replicate_layout 1342:Track group: , src group:
11-12 22:56:39 com_github_MitjaNemec_ReplicateLayout.replicate_layout 1342:Track group: , src group:
11-12 22:56:39 com_github_MitjaNemec_ReplicateLayout.replicate_layout 1342:Track group: , src group:
11-12 22:56:39 com_github_MitjaNemec_ReplicateLayout.replicate_layout 1342:Track group: , src group:
11-12 22:56:39 com_github_MitjaNemec_ReplicateLayout.replicate_layout 1342:Track group: , src group:
11-12 22:56:39 com_github_MitjaNemec_ReplicateLayout.replicate_layout 1342:Track group: , src group:
11-12 22:56:39 com_github_MitjaNemec_ReplicateLayout.replicate_layout 1342:Track group: , src group:
11-12 22:56:39 com_github_MitjaNemec_ReplicateLayout.replicate_layout 1342:Track group: , src group:
11-12 22:56:39 com_github_MitjaNemec_ReplicateLayout.replicate_layout 1342:Track group: , src group:
11-12 22:56:39 com_github_MitjaNemec_ReplicateLayout.replicate_layout 1342:Track group: , src group:
11-12 22:56:39 com_github_MitjaNemec_ReplicateLayout.replicate_layout 1342:Track group: , src group:
11-12 22:56:39 com_github_MitjaNemec_ReplicateLayout.replicate_layout 1342:Track group: , src group:
11-12 22:56:39 com_github_MitjaNemec_ReplicateLayout.replicate_layout 1342:Track group: , src group:
11-12 22:56:39 com_github_MitjaNemec_ReplicateLayout.replicate_layout 1342:Track group: , src group:
11-12 22:56:39 com_github_MitjaNemec_ReplicateLayout.replicate_layout 1342:Track group: , src group:
11-12 22:56:39 com_github_MitjaNemec_ReplicateLayout.replicate_layout 1342:Track group: , src group:
11-12 22:56:39 com_github_MitjaNemec_ReplicateLayout.replicate_layout 1342:Track group: , src group:
11-12 22:56:39 com_github_MitjaNemec_ReplicateLayout.replicate_layout 1342:Track group: , src group:
11-12 22:56:39 com_github_MitjaNemec_ReplicateLayout.replicate_layout 1342:Track group: , src group:
11-12 22:56:39 com_github_MitjaNemec_ReplicateLayout.replicate_layout 1342:Track group: , src group:
11-12 22:56:39 com_github_MitjaNemec_ReplicateLayout.replicate_layout 1342:Track group: , src group:
11-12 22:56:39 com_github_MitjaNemec_ReplicateLayout.replicate_layout 1342:Track group: , src group:
11-12 22:56:39 com_github_MitjaNemec_ReplicateLayout.replicate_layout 1342:Track group: , src group:
11-12 22:56:39 com_github_MitjaNemec_ReplicateLayout.replicate_layout 1342:Track group: , src group:
11-12 22:56:39 com_github_MitjaNemec_ReplicateLayout.replicate_layout 1342:Track group: , src group:
11-12 22:56:39 com_github_MitjaNemec_ReplicateLayout.replicate_layout 1342:Track group: , src group:
11-12 22:56:39 com_github_MitjaNemec_ReplicateLayout.replicate_layout 1342:Track group: , src group:
11-12 22:56:39 com_github_MitjaNemec_ReplicateLayout.replicate_layout 1342:Track group: , src group:
11-12 22:56:39 com_github_MitjaNemec_ReplicateLayout.replicate_layout 1342:Track group: , src group:
11-12 22:56:39 com_github_MitjaNemec_ReplicateLayout.replicate_layout 1342:Track group: , src group:
11-12 22:56:39 com_github_MitjaNemec_ReplicateLayout.replicate_layout 1342:Track group: , src group:
11-12 22:56:39 com_github_MitjaNemec_ReplicateLayout.replicate_layout 1342:Track group: , src group:
11-12 22:56:39 com_github_MitjaNemec_ReplicateLayout.replicate_layout 1342:Track group: , src group:
11-12 22:56:39 com_github_MitjaNemec_ReplicateLayout.replicate_layout 1342:Track group: , src group:
11-12 22:56:39 com_github_MitjaNemec_ReplicateLayout.replicate_layout 1342:Track group: , src group:
11-12 22:56:39 com_github_MitjaNemec_ReplicateLayout.replicate_layout 1342:Track group: , src group:
11-12 22:56:39 com_github_MitjaNemec_ReplicateLayout.replicate_layout 1342:Track group: , src group:
11-12 22:56:39 com_github_MitjaNemec_ReplicateLayout.replicate_layout 1342:Track group: , src group:
11-12 22:56:39 com_github_MitjaNemec_ReplicateLayout.replicate_layout 1342:Track group: , src group:
11-12 22:56:39 com_github_MitjaNemec_ReplicateLayout.replicate_layout 1342:Track group: , src group:
11-12 22:56:39 com_github_MitjaNemec_ReplicateLayout.replicate_layout 1342:Track group: , src group:
11-12 22:56:39 com_github_MitjaNemec_ReplicateLayout.replicate_layout 1342:Track group: , src group:
11-12 22:56:39 com_github_MitjaNemec_ReplicateLayout.replicate_layout 1342:Track group: , src group:
11-12 22:56:39 com_github_MitjaNemec_ReplicateLayout.replicate_layout 1342:Track group: , src group:
11-12 22:56:39 com_github_MitjaNemec_ReplicateLayout.replicate_layout 1342:Track group: , src group:
11-12 22:56:39 com_github_MitjaNemec_ReplicateLayout.replicate_layout 1342:Track group: , src group:
11-12 22:56:39 com_github_MitjaNemec_ReplicateLayout.replicate_layout 1342:Track group: , src group:
11-12 22:56:39 com_github_MitjaNemec_ReplicateLayout.replicate_layout 1342:Track group: , src group:
11-12 22:56:39 com_github_MitjaNemec_ReplicateLayout.replicate_layout 1342:Track group: , src group:
11-12 22:56:39 com_github_MitjaNemec_ReplicateLayout.replicate_layout 1342:Track group: , src group:
11-12 22:56:39 com_github_MitjaNemec_ReplicateLayout.replicate_layout 1342:Track group: , src group:
11-12 22:56:39 com_github_MitjaNemec_ReplicateLayout.replicate_layout 1342:Track group: , src group:
11-12 22:56:39 com_github_MitjaNemec_ReplicateLayout.replicate_layout 1342:Track group: , src group:
11-12 22:56:39 com_github_MitjaNemec_ReplicateLayout.replicate_layout 1342:Track group: , src group:
11-12 22:56:39 com_github_MitjaNemec_ReplicateLayout.replicate_layout 1342:Track group: , src group:
11-12 22:56:39 com_github_MitjaNemec_ReplicateLayout.replicate_layout 1342:Track group: , src group:
11-12 22:56:39 com_github_MitjaNemec_ReplicateLayout.replicate_layout 1342:Track group: , src group:
11-12 22:56:39 com_github_MitjaNemec_ReplicateLayout.replicate_layout 1342:Track group: , src group:
11-12 22:56:39 com_github_MitjaNemec_ReplicateLayout.replicate_layout 1342:Track group: , src group:
11-12 22:56:39 com_github_MitjaNemec_ReplicateLayout.replicate_layout 1342:Track group: , src group:
11-12 22:56:39 com_github_MitjaNemec_ReplicateLayout.replicate_layout 1342:Track group: , src group:
11-12 22:56:39 com_github_MitjaNemec_ReplicateLayout.replicate_layout 1342:Track group: , src group:
11-12 22:56:39 com_github_MitjaNemec_ReplicateLayout.replicate_layout 1342:Track group: ViaStitching /Top/GND, src group:
11-12 22:56:39 com_github_MitjaNemec_ReplicateLayout.replicate_layout 1342:Track group: ViaStitching /Top/GND, src group:
11-12 22:56:39 com_github_MitjaNemec_ReplicateLayout.replicate_layout 1342:Track group: ViaStitching /Top/GND, src group:
11-12 22:56:39 com_github_MitjaNemec_ReplicateLayout.replicate_layout 1342:Track group: ViaStitching /Top/GND, src group:
11-12 22:56:39 com_github_MitjaNemec_ReplicateLayout.replicate_layout 1342:Track group: ViaStitching /Top/GND, src group:
11-12 22:56:39 com_github_MitjaNemec_ReplicateLayout.replicate_layout 1342:Track group: ViaStitching /Top/GND, src group:
11-12 22:56:39 com_github_MitjaNemec_ReplicateLayout.replicate_layout 1342:Track group: ViaStitching /Top/GND, src group:
11-12 22:56:39 com_github_MitjaNemec_ReplicateLayout.replicate_layout 1342:Track group: ViaStitching /Top/GND, src group:
11-12 22:56:39 com_github_MitjaNemec_ReplicateLayout.replicate_layout 1342:Track group: ViaStitching /Top/GND, src group:
11-12 22:56:39 com_github_MitjaNemec_ReplicateLayout.replicate_layout 1342:Track group: ViaStitching /Top/GND, src group:
11-12 22:56:39 com_github_MitjaNemec_ReplicateLayout.replicate_layout 1342:Track group: ViaStitching /Top/GND, src group:
11-12 22:56:39 com_github_MitjaNemec_ReplicateLayout.replicate_layout 1342:Track group: ViaStitching /Top/GND, src group:
11-12 22:56:39 com_github_MitjaNemec_ReplicateLayout.replicate_layout 1342:Track group: ViaStitching /Top/GND, src group:
11-12 22:56:39 com_github_MitjaNemec_ReplicateLayout.replicate_layout 1342:Track group: ViaStitching /Top/GND, src group:
11-12 22:56:39 com_github_MitjaNemec_ReplicateLayout.replicate_layout 1342:Track group: ViaStitching /Top/GND, src group:
11-12 22:56:39 com_github_MitjaNemec_ReplicateLayout.replicate_layout 1342:Track group: ViaStitching /Top/GND, src group:
11-12 22:56:39 com_github_MitjaNemec_ReplicateLayout.replicate_layout 1342:Track group: ViaStitching /Top/GND, src group:
11-12 22:56:39 com_github_MitjaNemec_ReplicateLayout.replicate_layout 1342:Track group: ViaStitching /Top/GND, src group:
11-12 22:56:39 com_github_MitjaNemec_ReplicateLayout.replicate_layout 1342:Track group: ViaStitching /Top/GND, src group:
11-12 22:56:39 com_github_MitjaNemec_ReplicateLayout.replicate_layout 1342:Track group: ViaStitching /Top/GND, src group:
11-12 22:56:39 com_github_MitjaNemec_ReplicateLayout.replicate_layout 1342:Track group: ViaStitching /Top/GND, src group:
11-12 22:56:39 com_github_MitjaNemec_ReplicateLayout.replicate_layout 1342:Track group: ViaStitching /Top/GND, src group:
11-12 22:56:39 com_github_MitjaNemec_ReplicateLayout.replicate_layout 1342:Track group: ViaStitching /Top/GND, src group:
11-12 22:56:39 com_github_MitjaNemec_ReplicateLayout.replicate_layout 1342:Track group: ViaStitching /Top/GND, src group:
11-12 22:56:39 com_github_MitjaNemec_ReplicateLayout.replicate_layout 1342:Track group: ViaStitching /Top/GND, src group:
11-12 22:56:39 com_github_MitjaNemec_ReplicateLayout.replicate_layout 1342:Track group: ViaStitching /Top/GND, src group:
11-12 22:56:39 com_github_MitjaNemec_ReplicateLayout.replicate_layout 1342:Track group: ViaStitching /Top/GND, src group:
11-12 22:56:39 com_github_MitjaNemec_ReplicateLayout.replicate_layout 1342:Track group: ViaStitching /Top/GND, src group:
11-12 22:56:39 com_github_MitjaNemec_ReplicateLayout.replicate_layout 1342:Track group: ViaStitching /Top/GND, src group:
11-12 22:56:39 com_github_MitjaNemec_ReplicateLayout.replicate_layout 1342:Track group: ViaStitching /Top/GND, src group:
11-12 22:56:39 com_github_MitjaNemec_ReplicateLayout.replicate_layout 1342:Track group: ViaStitching /Top/GND, src group:
11-12 22:56:39 com_github_MitjaNemec_ReplicateLayout.replicate_layout 1342:Track group: ViaStitching /Top/GND, src group:
11-12 22:56:39 com_github_MitjaNemec_ReplicateLayout.replicate_layout 1342:Track group: ViaStitching /Top/GND, src group:
11-12 22:56:39 com_github_MitjaNemec_ReplicateLayout.replicate_layout 1342:Track group: ViaStitching /Top/GND, src group:
11-12 22:56:39 com_github_MitjaNemec_ReplicateLayout.replicate_layout 1342:Track group: ViaStitching /Top/GND, src group:
11-12 22:56:39 com_github_MitjaNemec_ReplicateLayout.replicate_layout 1342:Track group: ViaStitching /Top/GND, src group:
11-12 22:56:39 com_github_MitjaNemec_ReplicateLayout.replicate_layout 1342:Track group: ViaStitching /Top/GND, src group:
11-12 22:56:39 com_github_MitjaNemec_ReplicateLayout.replicate_layout 1342:Track group: ViaStitching /Top/GND, src group:
11-12 22:56:39 com_github_MitjaNemec_ReplicateLayout.replicate_layout 1342:Track group: ViaStitching /Top/GND, src group:
11-12 22:56:39 com_github_MitjaNemec_ReplicateLayout.replicate_layout 1342:Track group: ViaStitching /Top/GND, src group:
11-12 22:56:39 com_github_MitjaNemec_ReplicateLayout.replicate_layout 1342:Track group: ViaStitching /Top/GND, src group:
11-12 22:56:39 com_github_MitjaNemec_ReplicateLayout.replicate_layout 1342:Track group: ViaStitching /Top/GND, src group:
11-12 22:56:39 com_github_MitjaNemec_ReplicateLayout.replicate_layout 1342:Track group: ViaStitching /Top/GND, src group:
11-12 22:56:39 com_github_MitjaNemec_ReplicateLayout.replicate_layout 1342:Track group: ViaStitching /Top/GND, src group:
11-12 22:56:39 com_github_MitjaNemec_ReplicateLayout.replicate_layout 1342:Track group: ViaStitching /Top/GND, src group:
11-12 22:56:39 com_github_MitjaNemec_ReplicateLayout.replicate_layout 1342:Track group: ViaStitching /Top/GND, src group:
11-12 22:56:39 com_github_MitjaNemec_ReplicateLayout.replicate_layout 1342:Track group: ViaStitching /Top/GND, src group:
11-12 22:56:39 com_github_MitjaNemec_ReplicateLayout.replicate_layout 1342:Track group: ViaStitching /Top/GND, src group:
11-12 22:56:39 com_github_MitjaNemec_ReplicateLayout.replicate_layout 1342:Track group: ViaStitching /Top/GND, src group:
11-12 22:56:39 com_github_MitjaNemec_ReplicateLayout.replicate_layout 1342:Track group: ViaStitching /Top/GND, src group:
11-12 22:56:39 com_github_MitjaNemec_ReplicateLayout.replicate_layout 1342:Track group: ViaStitching /Top/GND, src group:
11-12 22:56:39 com_github_MitjaNemec_ReplicateLayout.replicate_layout 1342:Track group: ViaStitching /Top/GND, src group:
11-12 22:56:39 com_github_MitjaNemec_ReplicateLayout.replicate_layout 1342:Track group: ViaStitching /Top/GND, src group:
11-12 22:56:39 com_github_MitjaNemec_ReplicateLayout.replicate_layout 1342:Track group: ViaStitching /Top/GND, src group:
11-12 22:56:39 com_github_MitjaNemec_ReplicateLayout.replicate_layout 1342:Track group: ViaStitching /Top/GND, src group:
11-12 22:56:39 com_github_MitjaNemec_ReplicateLayout.replicate_layout 1342:Track group: ViaStitching /Top/GND, src group:
11-12 22:56:39 com_github_MitjaNemec_ReplicateLayout.replicate_layout 1342:Track group: ViaStitching /Top/GND, src group:
11-12 22:56:39 com_github_MitjaNemec_ReplicateLayout.replicate_layout 1342:Track group: ViaStitching /Top/GND, src group:
11-12 22:56:39 com_github_MitjaNemec_ReplicateLayout.replicate_layout 1342:Track group: ViaStitching /Top/GND, src group:
11-12 22:56:39 com_github_MitjaNemec_ReplicateLayout.replicate_layout 1342:Track group: ViaStitching /Top/GND, src group:
11-12 22:56:39 com_github_MitjaNemec_ReplicateLayout.replicate_layout 1342:Track group: ViaStitching /Top/GND, src group:
11-12 22:56:39 com_github_MitjaNemec_ReplicateLayout.replicate_layout 1342:Track group: ViaStitching /Top/GND, src group:
11-12 22:56:39 com_github_MitjaNemec_ReplicateLayout.replicate_layout 1342:Track group: ViaStitching /Top/GND, src group:
11-12 22:56:39 com_github_MitjaNemec_ReplicateLayout.replicate_layout 1342:Track group: ViaStitching /Top/GND, src group:
11-12 22:56:39 com_github_MitjaNemec_ReplicateLayout.replicate_layout 1342:Track group: ViaStitching /Top/GND, src group:
11-12 22:56:39 com_github_MitjaNemec_ReplicateLayout.replicate_layout 1342:Track group: ViaStitching /Top/GND, src group:
11-12 22:56:39 com_github_MitjaNemec_ReplicateLayout.replicate_layout 1342:Track group: ViaStitching /Top/GND, src group:
11-12 22:56:39 com_github_MitjaNemec_ReplicateLayout.replicate_layout 1342:Track group: ViaStitching /Top/GND, src group:
11-12 22:56:39 com_github_MitjaNemec_ReplicateLayout.replicate_layout 1342:Track group: ViaStitching /Top/GND, src group:
11-12 22:56:39 com_github_MitjaNemec_ReplicateLayout.replicate_layout 1342:Track group: ViaStitching /Top/GND, src group:
11-12 22:56:39 com_github_MitjaNemec_ReplicateLayout.replicate_layout 1342:Track group: ViaStitching /Top/GND, src group:
11-12 22:56:39 com_github_MitjaNemec_ReplicateLayout.replicate_layout 1342:Track group: ViaStitching /Top/GND, src group:
11-12 22:56:39 com_github_MitjaNemec_ReplicateLayout.replicate_layout 1342:Track group: ViaStitching /Top/GND, src group:
11-12 22:56:39 com_github_MitjaNemec_ReplicateLayout.replicate_layout 1342:Track group: ViaStitching /Top/GND, src group:
11-12 22:56:39 com_github_MitjaNemec_ReplicateLayout.replicate_layout 1342:Track group: ViaStitching /Top/GND, src group:
11-12 22:56:39 com_github_MitjaNemec_ReplicateLayout.replicate_layout 1342:Track group: ViaStitching /Top/GND, src group:
11-12 22:56:39 com_github_MitjaNemec_ReplicateLayout.replicate_layout 1342:Track group: ViaStitching /Top/GND, src group:
11-12 22:56:39 com_github_MitjaNemec_ReplicateLayout.replicate_layout 1342:Track group: ViaStitching /Top/GND, src group:
11-12 22:56:39 com_github_MitjaNemec_ReplicateLayout.replicate_layout 1342:Track group: ViaStitching /Top/GND, src group:
11-12 22:56:39 com_github_MitjaNemec_ReplicateLayout.replicate_layout 1342:Track group: ViaStitching /Top/GND, src group:
11-12 22:56:39 com_github_MitjaNemec_ReplicateLayout.replicate_layout 1342:Track group: ViaStitching /Top/GND, src group:
11-12 22:56:39 com_github_MitjaNemec_ReplicateLayout.replicate_layout 1342:Track group: ViaStitching /Top/GND, src group:
11-12 22:56:39 com_github_MitjaNemec_ReplicateLayout.replicate_layout 1342:Track group: ViaStitching /Top/GND, src group:
11-12 22:56:39 com_github_MitjaNemec_ReplicateLayout.replicate_layout 1342:Track group: ViaStitching /Top/GND, src group:
11-12 22:56:39 com_github_MitjaNemec_ReplicateLayout.replicate_layout 1342:Track group: ViaStitching /Top/GND, src group:
11-12 22:56:39 com_github_MitjaNemec_ReplicateLayout.replicate_layout 1342:Track group: ViaStitching /Top/GND, src group:
11-12 22:56:39 com_github_MitjaNemec_ReplicateLayout.replicate_layout 1342:Track group: ViaStitching /Top/GND, src group:
11-12 22:56:39 com_github_MitjaNemec_ReplicateLayout.replicate_layout 1342:Track group: ViaStitching /Top/GND, src group:
11-12 22:56:39 com_github_MitjaNemec_ReplicateLayout.replicate_layout 1342:Track group: ViaStitching /Top/GND, src group:
11-12 22:56:39 com_github_MitjaNemec_ReplicateLayout.replicate_layout 1342:Track group: ViaStitching /Top/GND, src group:
11-12 22:56:39 com_github_MitjaNemec_ReplicateLayout.replicate_layout 1342:Track group: ViaStitching /Top/GND, src group:
11-12 22:56:39 com_github_MitjaNemec_ReplicateLayout.replicate_layout 1342:Track group: ViaStitching /Top/GND, src group:
11-12 22:56:39 com_github_MitjaNemec_ReplicateLayout.replicate_layout 1342:Track group: ViaStitching /Top/GND, src group:
11-12 22:56:39 com_github_MitjaNemec_ReplicateLayout.replicate_layout 1342:Track group: ViaStitching /Top/GND, src group:
11-12 22:56:39 com_github_MitjaNemec_ReplicateLayout.replicate_layout 1342:Track group: ViaStitching /Top/GND, src group:
11-12 22:56:39 com_github_MitjaNemec_ReplicateLayout.replicate_layout 1342:Track group: ViaStitching /Top/GND, src group:
11-12 22:56:39 com_github_MitjaNemec_ReplicateLayout.replicate_layout 1342:Track group: , src group:
11-12 22:56:39 com_github_MitjaNemec_ReplicateLayout.replicate_layout 1342:Track group: , src group:
11-12 22:56:39 com_github_MitjaNemec_ReplicateLayout.replicate_layout 1342:Track group: , src group:
11-12 22:56:39 com_github_MitjaNemec_ReplicateLayout.replicate_layout 1342:Track group: , src group:
11-12 22:56:39 com_github_MitjaNemec_ReplicateLayout.replicate_layout 1342:Track group: , src group:
11-12 22:56:45 com_github_MitjaNemec_ReplicateLayout.replicate_layout 472:constructing a list of sheets suitable for replication on level:'LED_single', file:'LED_single.kicad_sch'
11-12 22:56:45 com_github_MitjaNemec_ReplicateLayout.replicate_layout 509:suitable sheets are:[['Bottom', 'LEDs_Bottom', 'LEDS_discreet', 'LED_single'], ['Bottom', 'LEDs_Bottom', 'LEDS_discreet', 'LED_single1'], ['Bottom', 'LEDs_Bottom', 'LEDS_discreet', 'LED_single2'], ['Bottom', 'LEDs_Bottom', 'LEDS_discreet', 'LED_single3'], ['Bottom', 'LEDs_Bottom', 'LEDS_discreet2', 'LED_single'], ['Bottom', 'LEDs_Bottom', 'LEDS_discreet2', 'LED_single1'], ['Bottom', 'LEDs_Bottom', 'LEDS_discreet2', 'LED_single2'], ['Bottom', 'LEDs_Bottom', 'LEDS_discreet2', 'LED_single3'], ['Bottom', 'LEDs_Bottom', 'LEDS_discreet3', 'LED_single'], ['Bottom', 'LEDs_Bottom', 'LEDS_discreet3', 'LED_single1'], ['Bottom', 'LEDs_Bottom', 'LEDS_discreet3', 'LED_single2'], ['Bottom', 'LEDs_Bottom', 'LEDS_discreet3', 'LED_single3'], ['Bottom', 'LEDs_Bottom', 'LEDS_discreet4', 'LED_single'], ['Bottom', 'LEDs_Bottom', 'LEDS_discreet4', 'LED_single1'], ['Bottom', 'LEDs_Bottom', 'LEDS_discreet4', 'LED_single2'], ['Bottom', 'LEDs_Bottom', 'LEDS_discreet4', 'LED_single3'], ['Bottom', 'LEDs_Bottom', 'LEDS_discreet5', 'LED_single'], ['Bottom', 'LEDs_Bottom', 'LEDS_discreet5', 'LED_single1'], ['Bottom', 'LEDs_Bottom', 'LEDS_discreet5', 'LED_single2'], ['Bottom', 'LEDs_Bottom', 'LEDS_discreet5', 'LED_single3'], ['Bottom', 'LEDs_Bottom', 'LEDS_discreet6', 'LED_single'], ['Bottom', 'LEDs_Bottom', 'LEDS_discreet6', 'LED_single1'], ['Bottom', 'LEDs_Bottom', 'LEDS_discreet6', 'LED_single2'], ['Bottom', 'LEDs_Bottom', 'LEDS_discreet6', 'LED_single3'], ['Bottom', 'LEDs_Bottom', 'LEDS_discreet7', 'LED_single'], ['Bottom', 'LEDs_Bottom', 'LEDS_discreet7', 'LED_single1'], ['Bottom', 'LEDs_Bottom', 'LEDS_discreet7', 'LED_single2'], ['Bottom', 'LEDs_Bottom', 'LEDS_discreet7', 'LED_single3'], ['Bottom', 'LEDs_Bottom', 'LEDS_discreet8', 'LED_single'], ['Bottom', 'LEDs_Bottom', 'LEDS_discreet8', 'LED_single1'], ['Bottom', 'LEDs_Bottom', 'LEDS_discreet8', 'LED_single2'], ['Bottom', 'LEDs_Bottom', 'LEDS_discreet8', 'LED_single3'], ['Top', 'LEDs_Bottom', 'LEDS_discreet', 'LED_single'], ['Top', 'LEDs_Bottom', 'LEDS_discreet', 'LED_single1'], ['Top', 'LEDs_Bottom', 'LEDS_discreet', 'LED_single2'], ['Top', 'LEDs_Bottom', 'LEDS_discreet', 'LED_single3'], ['Top', 'LEDs_Bottom', 'LEDS_discreet2', 'LED_single'], ['Top', 'LEDs_Bottom', 'LEDS_discreet2', 'LED_single1'], ['Top', 'LEDs_Bottom', 'LEDS_discreet2', 'LED_single2'], ['Top', 'LEDs_Bottom', 'LEDS_discreet2', 'LED_single3'], ['Top', 'LEDs_Bottom', 'LEDS_discreet3', 'LED_single'], ['Top', 'LEDs_Bottom', 'LEDS_discreet3', 'LED_single1'], ['Top', 'LEDs_Bottom', 'LEDS_discreet3', 'LED_single2'], ['Top', 'LEDs_Bottom', 'LEDS_discreet3', 'LED_single3'], ['Top', 'LEDs_Bottom', 'LEDS_discreet4', 'LED_single1'], ['Top', 'LEDs_Bottom', 'LEDS_discreet4', 'LED_single2'], ['Top', 'LEDs_Bottom', 'LEDS_discreet4', 'LED_single3'], ['Top', 'LEDs_Bottom', 'LEDS_discreet5', 'LED_single'], ['Top', 'LEDs_Bottom', 'LEDS_discreet5', 'LED_single1'], ['Top', 'LEDs_Bottom', 'LEDS_discreet5', 'LED_single2'], ['Top', 'LEDs_Bottom', 'LEDS_discreet5', 'LED_single3'], ['Top', 'LEDs_Bottom', 'LEDS_discreet6', 'LED_single'], ['Top', 'LEDs_Bottom', 'LEDS_discreet6', 'LED_single1'], ['Top', 'LEDs_Bottom', 'LEDS_discreet6', 'LED_single2'], ['Top', 'LEDs_Bottom', 'LEDS_discreet6', 'LED_single3'], ['Top', 'LEDs_Bottom', 'LEDS_discreet7', 'LED_single'], ['Top', 'LEDs_Bottom', 'LEDS_discreet7', 'LED_single1'], ['Top', 'LEDs_Bottom', 'LEDS_discreet7', 'LED_single2'], ['Top', 'LEDs_Bottom', 'LEDS_discreet7', 'LED_single3'], ['Top', 'LEDs_Bottom', 'LEDS_discreet8', 'LED_single'], ['Top', 'LEDs_Bottom', 'LEDS_discreet8', 'LED_single1'], ['Top', 'LEDs_Bottom', 'LEDS_discreet8', 'LED_single2'], ['Top', 'LEDs_Bottom', 'LEDS_discreet8', 'LED_single3']]
11-12 22:56:45 com_github_MitjaNemec_ReplicateLayout.replicate_layout 1512:Level selected: ['Top', 'LEDs_Bottom', 'LEDS_discreet4', 'LED_single']
11-12 22:56:45 com_github_MitjaNemec_ReplicateLayout.replicate_layout 1336:Filtering list of tracks
11-12 22:56:45 com_github_MitjaNemec_ReplicateLayout.replicate_layout 1342:Track group: , src group:
11-12 22:56:45 com_github_MitjaNemec_ReplicateLayout.replicate_layout 1342:Track group: , src group:
11-12 22:56:45 com_github_MitjaNemec_ReplicateLayout.replicate_layout 1342:Track group: , src group:
11-12 22:56:45 com_github_MitjaNemec_ReplicateLayout.replicate_layout 1342:Track group: , src group:
11-12 22:56:45 com_github_MitjaNemec_ReplicateLayout.replicate_layout 1342:Track group: , src group:
11-12 22:56:45 com_github_MitjaNemec_ReplicateLayout.replicate_layout 1342:Track group: , src group:
11-12 22:56:45 com_github_MitjaNemec_ReplicateLayout.replicate_layout 1342:Track group: , src group:
11-12 22:56:45 com_github_MitjaNemec_ReplicateLayout.replicate_layout 1342:Track group: , src group:
11-12 22:56:45 com_github_MitjaNemec_ReplicateLayout.replicate_layout 1342:Track group: , src group:
11-12 22:56:45 com_github_MitjaNemec_ReplicateLayout.replicate_layout 1342:Track group: , src group:
11-12 22:56:45 com_github_MitjaNemec_ReplicateLayout.replicate_layout 1342:Track group: , src group:
11-12 22:56:45 com_github_MitjaNemec_ReplicateLayout.replicate_layout 1342:Track group: , src group:
11-12 22:56:45 com_github_MitjaNemec_ReplicateLayout.replicate_layout 1342:Track group: , src group:
11-12 22:56:45 com_github_MitjaNemec_ReplicateLayout.replicate_layout 1342:Track group: , src group:
11-12 22:56:45 com_github_MitjaNemec_ReplicateLayout.replicate_layout 1342:Track group: , src group:
11-12 22:56:45 com_github_MitjaNemec_ReplicateLayout.replicate_layout 1342:Track group: , src group:
11-12 22:56:45 com_github_MitjaNemec_ReplicateLayout.replicate_layout 1342:Track group: , src group:
11-12 22:56:45 com_github_MitjaNemec_ReplicateLayout.replicate_layout 1342:Track group: , src group:
11-12 22:56:45 com_github_MitjaNemec_ReplicateLayout.replicate_layout 1342:Track group: , src group:
11-12 22:56:45 com_github_MitjaNemec_ReplicateLayout.replicate_layout 1342:Track group: , src group:
11-12 22:56:45 com_github_MitjaNemec_ReplicateLayout.replicate_layout 1342:Track group: , src group:
11-12 22:56:45 com_github_MitjaNemec_ReplicateLayout.replicate_layout 1342:Track group: , src group:
11-12 22:56:45 com_github_MitjaNemec_ReplicateLayout.replicate_layout 1342:Track group: , src group:
11-12 22:56:45 com_github_MitjaNemec_ReplicateLayout.replicate_layout 1342:Track group: , src group:
11-12 22:56:45 com_github_MitjaNemec_ReplicateLayout.replicate_layout 1342:Track group: , src group:
11-12 22:56:45 com_github_MitjaNemec_ReplicateLayout.replicate_layout 1342:Track group: , src group:
11-12 22:56:45 com_github_MitjaNemec_ReplicateLayout.replicate_layout 1342:Track group: , src group:
11-12 22:56:45 com_github_MitjaNemec_ReplicateLayout.replicate_layout 1342:Track group: , src group:
11-12 22:56:45 com_github_MitjaNemec_ReplicateLayout.replicate_layout 1342:Track group: , src group:
11-12 22:56:45 com_github_MitjaNemec_ReplicateLayout.replicate_layout 1342:Track group: , src group:
11-12 22:56:45 com_github_MitjaNemec_ReplicateLayout.replicate_layout 1342:Track group: , src group:
11-12 22:56:45 com_github_MitjaNemec_ReplicateLayout.replicate_layout 1342:Track group: , src group:
11-12 22:56:45 com_github_MitjaNemec_ReplicateLayout.replicate_layout 1342:Track group: , src group:
11-12 22:56:45 com_github_MitjaNemec_ReplicateLayout.replicate_layout 1342:Track group: , src group:
11-12 22:56:45 com_github_MitjaNemec_ReplicateLayout.replicate_layout 1342:Track group: , src group:
11-12 22:56:45 com_github_MitjaNemec_ReplicateLayout.replicate_layout 1342:Track group: , src group:
11-12 22:56:45 com_github_MitjaNemec_ReplicateLayout.replicate_layout 1342:Track group: , src group:
11-12 22:56:45 com_github_MitjaNemec_ReplicateLayout.replicate_layout 1342:Track group: , src group:
11-12 22:56:45 com_github_MitjaNemec_ReplicateLayout.replicate_layout 1342:Track group: , src group:
11-12 22:56:45 com_github_MitjaNemec_ReplicateLayout.replicate_layout 1342:Track group: , src group:
11-12 22:56:45 com_github_MitjaNemec_ReplicateLayout.replicate_layout 1342:Track group: , src group:
11-12 22:56:45 com_github_MitjaNemec_ReplicateLayout.replicate_layout 1342:Track group: , src group:
11-12 22:56:45 com_github_MitjaNemec_ReplicateLayout.replicate_layout 1342:Track group: , src group:
11-12 22:56:45 com_github_MitjaNemec_ReplicateLayout.replicate_layout 1342:Track group: , src group:
11-12 22:56:45 com_github_MitjaNemec_ReplicateLayout.replicate_layout 1342:Track group: , src group:
11-12 22:56:45 com_github_MitjaNemec_ReplicateLayout.replicate_layout 1342:Track group: , src group:
11-12 22:56:45 com_github_MitjaNemec_ReplicateLayout.replicate_layout 1342:Track group: , src group:
11-12 22:56:45 com_github_MitjaNemec_ReplicateLayout.replicate_layout 1342:Track group: , src group:
11-12 22:56:45 com_github_MitjaNemec_ReplicateLayout.replicate_layout 1342:Track group: , src group:
11-12 22:56:45 com_github_MitjaNemec_ReplicateLayout.replicate_layout 1342:Track group: , src group:
11-12 22:56:45 com_github_MitjaNemec_ReplicateLayout.replicate_layout 1342:Track group: , src group:
11-12 22:56:45 com_github_MitjaNemec_ReplicateLayout.replicate_layout 1342:Track group: , src group:
11-12 22:56:45 com_github_MitjaNemec_ReplicateLayout.replicate_layout 1342:Track group: , src group:
11-12 22:56:45 com_github_MitjaNemec_ReplicateLayout.replicate_layout 1342:Track group: , src group:
11-12 22:56:45 com_github_MitjaNemec_ReplicateLayout.replicate_layout 1342:Track group: , src group:
11-12 22:56:45 com_github_MitjaNemec_ReplicateLayout.replicate_layout 1342:Track group: , src group:
11-12 22:56:45 com_github_MitjaNemec_ReplicateLayout.replicate_layout 1342:Track group: , src group:
11-12 22:56:45 com_github_MitjaNemec_ReplicateLayout.replicate_layout 1342:Track group: , src group:
11-12 22:56:45 com_github_MitjaNemec_ReplicateLayout.replicate_layout 1342:Track group: , src group:
11-12 22:56:45 com_github_MitjaNemec_ReplicateLayout.replicate_layout 1342:Track group: , src group:
11-12 22:56:45 com_github_MitjaNemec_ReplicateLayout.replicate_layout 1342:Track group: , src group:
11-12 22:56:45 com_github_MitjaNemec_ReplicateLayout.replicate_layout 1342:Track group: , src group:
11-12 22:56:45 com_github_MitjaNemec_ReplicateLayout.replicate_layout 1342:Track group: , src group:
11-12 22:56:45 com_github_MitjaNemec_ReplicateLayout.replicate_layout 1342:Track group: , src group:
11-12 22:56:45 com_github_MitjaNemec_ReplicateLayout.replicate_layout 1342:Track group: , src group:
11-12 22:56:45 com_github_MitjaNemec_ReplicateLayout.replicate_layout 1342:Track group: , src group:
11-12 22:56:45 com_github_MitjaNemec_ReplicateLayout.replicate_layout 1342:Track group: , src group:
11-12 22:56:45 com_github_MitjaNemec_ReplicateLayout.replicate_layout 1342:Track group: , src group:
11-12 22:56:45 com_github_MitjaNemec_ReplicateLayout.replicate_layout 1342:Track group: , src group:
11-12 22:56:45 com_github_MitjaNemec_ReplicateLayout.replicate_layout 1342:Track group: , src group:
11-12 22:56:45 com_github_MitjaNemec_ReplicateLayout.replicate_layout 1342:Track group: , src group:
11-12 22:56:45 com_github_MitjaNemec_ReplicateLayout.replicate_layout 1342:Track group: ViaStitching /Top/GND, src group:
11-12 22:56:45 com_github_MitjaNemec_ReplicateLayout.replicate_layout 1342:Track group: ViaStitching /Top/GND, src group:
11-12 22:56:45 com_github_MitjaNemec_ReplicateLayout.replicate_layout 1342:Track group: ViaStitching /Top/GND, src group:
11-12 22:56:45 com_github_MitjaNemec_ReplicateLayout.replicate_layout 1342:Track group: ViaStitching /Top/GND, src group:
11-12 22:56:45 com_github_MitjaNemec_ReplicateLayout.replicate_layout 1342:Track group: ViaStitching /Top/GND, src group:
11-12 22:56:45 com_github_MitjaNemec_ReplicateLayout.replicate_layout 1342:Track group: ViaStitching /Top/GND, src group:
11-12 22:56:45 com_github_MitjaNemec_ReplicateLayout.replicate_layout 1342:Track group: ViaStitching /Top/GND, src group:
11-12 22:56:45 com_github_MitjaNemec_ReplicateLayout.replicate_layout 1342:Track group: ViaStitching /Top/GND, src group:
11-12 22:56:45 com_github_MitjaNemec_ReplicateLayout.replicate_layout 1342:Track group: ViaStitching /Top/GND, src group:
11-12 22:56:45 com_github_MitjaNemec_ReplicateLayout.replicate_layout 1342:Track group: ViaStitching /Top/GND, src group:
11-12 22:56:45 com_github_MitjaNemec_ReplicateLayout.replicate_layout 1342:Track group: ViaStitching /Top/GND, src group:
11-12 22:56:45 com_github_MitjaNemec_ReplicateLayout.replicate_layout 1342:Track group: ViaStitching /Top/GND, src group:
11-12 22:56:45 com_github_MitjaNemec_ReplicateLayout.replicate_layout 1342:Track group: ViaStitching /Top/GND, src group:
11-12 22:56:45 com_github_MitjaNemec_ReplicateLayout.replicate_layout 1342:Track group: ViaStitching /Top/GND, src group:
11-12 22:56:45 com_github_MitjaNemec_ReplicateLayout.replicate_layout 1342:Track group: ViaStitching /Top/GND, src group:
11-12 22:56:45 com_github_MitjaNemec_ReplicateLayout.replicate_layout 1342:Track group: ViaStitching /Top/GND, src group:
11-12 22:56:45 com_github_MitjaNemec_ReplicateLayout.replicate_layout 1342:Track group: ViaStitching /Top/GND, src group:
11-12 22:56:45 com_github_MitjaNemec_ReplicateLayout.replicate_layout 1342:Track group: ViaStitching /Top/GND, src group:
11-12 22:56:45 com_github_MitjaNemec_ReplicateLayout.replicate_layout 1342:Track group: ViaStitching /Top/GND, src group:
11-12 22:56:45 com_github_MitjaNemec_ReplicateLayout.replicate_layout 1342:Track group: ViaStitching /Top/GND, src group:
11-12 22:56:45 com_github_MitjaNemec_ReplicateLayout.replicate_layout 1342:Track group: ViaStitching /Top/GND, src group:
11-12 22:56:45 com_github_MitjaNemec_ReplicateLayout.replicate_layout 1342:Track group: ViaStitching /Top/GND, src group:
11-12 22:56:45 com_github_MitjaNemec_ReplicateLayout.replicate_layout 1342:Track group: ViaStitching /Top/GND, src group:
11-12 22:56:45 com_github_MitjaNemec_ReplicateLayout.replicate_layout 1342:Track group: ViaStitching /Top/GND, src group:
11-12 22:56:45 com_github_MitjaNemec_ReplicateLayout.replicate_layout 1342:Track group: ViaStitching /Top/GND, src group:
11-12 22:56:45 com_github_MitjaNemec_ReplicateLayout.replicate_layout 1342:Track group: ViaStitching /Top/GND, src group:
11-12 22:56:45 com_github_MitjaNemec_ReplicateLayout.replicate_layout 1342:Track group: ViaStitching /Top/GND, src group:
11-12 22:56:45 com_github_MitjaNemec_ReplicateLayout.replicate_layout 1342:Track group: ViaStitching /Top/GND, src group:
11-12 22:56:45 com_github_MitjaNemec_ReplicateLayout.replicate_layout 1342:Track group: ViaStitching /Top/GND, src group:
11-12 22:56:45 com_github_MitjaNemec_ReplicateLayout.replicate_layout 1342:Track group: ViaStitching /Top/GND, src group:
11-12 22:56:45 com_github_MitjaNemec_ReplicateLayout.replicate_layout 1342:Track group: ViaStitching /Top/GND, src group:
11-12 22:56:45 com_github_MitjaNemec_ReplicateLayout.replicate_layout 1342:Track group: ViaStitching /Top/GND, src group:
11-12 22:56:45 com_github_MitjaNemec_ReplicateLayout.replicate_layout 1342:Track group: ViaStitching /Top/GND, src group:
11-12 22:56:45 com_github_MitjaNemec_ReplicateLayout.replicate_layout 1342:Track group: ViaStitching /Top/GND, src group:
11-12 22:56:45 com_github_MitjaNemec_ReplicateLayout.replicate_layout 1342:Track group: ViaStitching /Top/GND, src group:
11-12 22:56:45 com_github_MitjaNemec_ReplicateLayout.replicate_layout 1342:Track group: ViaStitching /Top/GND, src group:
11-12 22:56:45 com_github_MitjaNemec_ReplicateLayout.replicate_layout 1342:Track group: ViaStitching /Top/GND, src group:
11-12 22:56:45 com_github_MitjaNemec_ReplicateLayout.replicate_layout 1342:Track group: ViaStitching /Top/GND, src group:
11-12 22:56:45 com_github_MitjaNemec_ReplicateLayout.replicate_layout 1342:Track group: ViaStitching /Top/GND, src group:
11-12 22:56:45 com_github_MitjaNemec_ReplicateLayout.replicate_layout 1342:Track group: ViaStitching /Top/GND, src group:
11-12 22:56:45 com_github_MitjaNemec_ReplicateLayout.replicate_layout 1342:Track group: ViaStitching /Top/GND, src group:
11-12 22:56:45 com_github_MitjaNemec_ReplicateLayout.replicate_layout 1342:Track group: ViaStitching /Top/GND, src group:
11-12 22:56:45 com_github_MitjaNemec_ReplicateLayout.replicate_layout 1342:Track group: ViaStitching /Top/GND, src group:
11-12 22:56:45 com_github_MitjaNemec_ReplicateLayout.replicate_layout 1342:Track group: ViaStitching /Top/GND, src group:
11-12 22:56:45 com_github_MitjaNemec_ReplicateLayout.replicate_layout 1342:Track group: ViaStitching /Top/GND, src group:
11-12 22:56:45 com_github_MitjaNemec_ReplicateLayout.replicate_layout 1342:Track group: ViaStitching /Top/GND, src group:
11-12 22:56:45 com_github_MitjaNemec_ReplicateLayout.replicate_layout 1342:Track group: ViaStitching /Top/GND, src group:
11-12 22:56:45 com_github_MitjaNemec_ReplicateLayout.replicate_layout 1342:Track group: ViaStitching /Top/GND, src group:
11-12 22:56:45 com_github_MitjaNemec_ReplicateLayout.replicate_layout 1342:Track group: ViaStitching /Top/GND, src group:
11-12 22:56:45 com_github_MitjaNemec_ReplicateLayout.replicate_layout 1342:Track group: ViaStitching /Top/GND, src group:
11-12 22:56:45 com_github_MitjaNemec_ReplicateLayout.replicate_layout 1342:Track group: ViaStitching /Top/GND, src group:
11-12 22:56:45 com_github_MitjaNemec_ReplicateLayout.replicate_layout 1342:Track group: ViaStitching /Top/GND, src group:
11-12 22:56:45 com_github_MitjaNemec_ReplicateLayout.replicate_layout 1342:Track group: ViaStitching /Top/GND, src group:
11-12 22:56:45 com_github_MitjaNemec_ReplicateLayout.replicate_layout 1342:Track group: ViaStitching /Top/GND, src group:
11-12 22:56:45 com_github_MitjaNemec_ReplicateLayout.replicate_layout 1342:Track group: ViaStitching /Top/GND, src group:
11-12 22:56:45 com_github_MitjaNemec_ReplicateLayout.replicate_layout 1342:Track group: ViaStitching /Top/GND, src group:
11-12 22:56:45 com_github_MitjaNemec_ReplicateLayout.replicate_layout 1342:Track group: ViaStitching /Top/GND, src group:
11-12 22:56:45 com_github_MitjaNemec_ReplicateLayout.replicate_layout 1342:Track group: ViaStitching /Top/GND, src group:
11-12 22:56:45 com_github_MitjaNemec_ReplicateLayout.replicate_layout 1342:Track group: ViaStitching /Top/GND, src group:
11-12 22:56:45 com_github_MitjaNemec_ReplicateLayout.replicate_layout 1342:Track group: ViaStitching /Top/GND, src group:
11-12 22:56:45 com_github_MitjaNemec_ReplicateLayout.replicate_layout 1342:Track group: ViaStitching /Top/GND, src group:
11-12 22:56:45 com_github_MitjaNemec_ReplicateLayout.replicate_layout 1342:Track group: ViaStitching /Top/GND, src group:
11-12 22:56:45 com_github_MitjaNemec_ReplicateLayout.replicate_layout 1342:Track group: ViaStitching /Top/GND, src group:
11-12 22:56:45 com_github_MitjaNemec_ReplicateLayout.replicate_layout 1342:Track group: ViaStitching /Top/GND, src group:
11-12 22:56:45 com_github_MitjaNemec_ReplicateLayout.replicate_layout 1342:Track group: ViaStitching /Top/GND, src group:
11-12 22:56:45 com_github_MitjaNemec_ReplicateLayout.replicate_layout 1342:Track group: ViaStitching /Top/GND, src group:
11-12 22:56:45 com_github_MitjaNemec_ReplicateLayout.replicate_layout 1342:Track group: ViaStitching /Top/GND, src group:
11-12 22:56:45 com_github_MitjaNemec_ReplicateLayout.replicate_layout 1342:Track group: ViaStitching /Top/GND, src group:
11-12 22:56:45 com_github_MitjaNemec_ReplicateLayout.replicate_layout 1342:Track group: ViaStitching /Top/GND, src group:
11-12 22:56:45 com_github_MitjaNemec_ReplicateLayout.replicate_layout 1342:Track group: ViaStitching /Top/GND, src group:
11-12 22:56:45 com_github_MitjaNemec_ReplicateLayout.replicate_layout 1342:Track group: ViaStitching /Top/GND, src group:
11-12 22:56:45 com_github_MitjaNemec_ReplicateLayout.replicate_layout 1342:Track group: ViaStitching /Top/GND, src group:
11-12 22:56:45 com_github_MitjaNemec_ReplicateLayout.replicate_layout 1342:Track group: ViaStitching /Top/GND, src group:
11-12 22:56:45 com_github_MitjaNemec_ReplicateLayout.replicate_layout 1342:Track group: ViaStitching /Top/GND, src group:
11-12 22:56:45 com_github_MitjaNemec_ReplicateLayout.replicate_layout 1342:Track group: ViaStitching /Top/GND, src group:
11-12 22:56:45 com_github_MitjaNemec_ReplicateLayout.replicate_layout 1342:Track group: ViaStitching /Top/GND, src group:
11-12 22:56:45 com_github_MitjaNemec_ReplicateLayout.replicate_layout 1342:Track group: ViaStitching /Top/GND, src group:
11-12 22:56:45 com_github_MitjaNemec_ReplicateLayout.replicate_layout 1342:Track group: ViaStitching /Top/GND, src group:
11-12 22:56:45 com_github_MitjaNemec_ReplicateLayout.replicate_layout 1342:Track group: ViaStitching /Top/GND, src group:
11-12 22:56:45 com_github_MitjaNemec_ReplicateLayout.replicate_layout 1342:Track group: ViaStitching /Top/GND, src group:
11-12 22:56:45 com_github_MitjaNemec_ReplicateLayout.replicate_layout 1342:Track group: ViaStitching /Top/GND, src group:
11-12 22:56:45 com_github_MitjaNemec_ReplicateLayout.replicate_layout 1342:Track group: ViaStitching /Top/GND, src group:
11-12 22:56:45 com_github_MitjaNemec_ReplicateLayout.replicate_layout 1342:Track group: ViaStitching /Top/GND, src group:
11-12 22:56:45 com_github_MitjaNemec_ReplicateLayout.replicate_layout 1342:Track group: ViaStitching /Top/GND, src group:
11-12 22:56:45 com_github_MitjaNemec_ReplicateLayout.replicate_layout 1342:Track group: ViaStitching /Top/GND, src group:
11-12 22:56:45 com_github_MitjaNemec_ReplicateLayout.replicate_layout 1342:Track group: ViaStitching /Top/GND, src group:
11-12 22:56:45 com_github_MitjaNemec_ReplicateLayout.replicate_layout 1342:Track group: ViaStitching /Top/GND, src group:
11-12 22:56:45 com_github_MitjaNemec_ReplicateLayout.replicate_layout 1342:Track group: ViaStitching /Top/GND, src group:
11-12 22:56:45 com_github_MitjaNemec_ReplicateLayout.replicate_layout 1342:Track group: ViaStitching /Top/GND, src group:
11-12 22:56:45 com_github_MitjaNemec_ReplicateLayout.replicate_layout 1342:Track group: ViaStitching /Top/GND, src group:
11-12 22:56:45 com_github_MitjaNemec_ReplicateLayout.replicate_layout 1342:Track group: ViaStitching /Top/GND, src group:
11-12 22:56:45 com_github_MitjaNemec_ReplicateLayout.replicate_layout 1342:Track group: ViaStitching /Top/GND, src group:
11-12 22:56:45 com_github_MitjaNemec_ReplicateLayout.replicate_layout 1342:Track group: ViaStitching /Top/GND, src group:
11-12 22:56:45 com_github_MitjaNemec_ReplicateLayout.replicate_layout 1342:Track group: ViaStitching /Top/GND, src group:
11-12 22:56:45 com_github_MitjaNemec_ReplicateLayout.replicate_layout 1342:Track group: ViaStitching /Top/GND, src group:
11-12 22:56:45 com_github_MitjaNemec_ReplicateLayout.replicate_layout 1342:Track group: ViaStitching /Top/GND, src group:
11-12 22:56:45 com_github_MitjaNemec_ReplicateLayout.replicate_layout 1342:Track group: , src group:
11-12 22:56:45 com_github_MitjaNemec_ReplicateLayout.replicate_layout 1342:Track group: , src group:
11-12 22:56:45 com_github_MitjaNemec_ReplicateLayout.replicate_layout 1342:Track group: , src group:
11-12 22:56:45 com_github_MitjaNemec_ReplicateLayout.replicate_layout 1342:Track group: , src group:
11-12 22:56:45 com_github_MitjaNemec_ReplicateLayout.replicate_layout 1342:Track group: , src group:
11-12 22:56:47 com_github_MitjaNemec_ReplicateLayout.replicate_layout 472:constructing a list of sheets suitable for replication on level:'LED_single', file:'LED_single.kicad_sch'
11-12 22:56:47 com_github_MitjaNemec_ReplicateLayout.replicate_layout 509:suitable sheets are:[['Bottom', 'LEDs_Bottom', 'LEDS_discreet', 'LED_single'], ['Bottom', 'LEDs_Bottom', 'LEDS_discreet', 'LED_single1'], ['Bottom', 'LEDs_Bottom', 'LEDS_discreet', 'LED_single2'], ['Bottom', 'LEDs_Bottom', 'LEDS_discreet', 'LED_single3'], ['Bottom', 'LEDs_Bottom', 'LEDS_discreet2', 'LED_single'], ['Bottom', 'LEDs_Bottom', 'LEDS_discreet2', 'LED_single1'], ['Bottom', 'LEDs_Bottom', 'LEDS_discreet2', 'LED_single2'], ['Bottom', 'LEDs_Bottom', 'LEDS_discreet2', 'LED_single3'], ['Bottom', 'LEDs_Bottom', 'LEDS_discreet3', 'LED_single'], ['Bottom', 'LEDs_Bottom', 'LEDS_discreet3', 'LED_single1'], ['Bottom', 'LEDs_Bottom', 'LEDS_discreet3', 'LED_single2'], ['Bottom', 'LEDs_Bottom', 'LEDS_discreet3', 'LED_single3'], ['Bottom', 'LEDs_Bottom', 'LEDS_discreet4', 'LED_single'], ['Bottom', 'LEDs_Bottom', 'LEDS_discreet4', 'LED_single1'], ['Bottom', 'LEDs_Bottom', 'LEDS_discreet4', 'LED_single2'], ['Bottom', 'LEDs_Bottom', 'LEDS_discreet4', 'LED_single3'], ['Bottom', 'LEDs_Bottom', 'LEDS_discreet5', 'LED_single'], ['Bottom', 'LEDs_Bottom', 'LEDS_discreet5', 'LED_single1'], ['Bottom', 'LEDs_Bottom', 'LEDS_discreet5', 'LED_single2'], ['Bottom', 'LEDs_Bottom', 'LEDS_discreet5', 'LED_single3'], ['Bottom', 'LEDs_Bottom', 'LEDS_discreet6', 'LED_single'], ['Bottom', 'LEDs_Bottom', 'LEDS_discreet6', 'LED_single1'], ['Bottom', 'LEDs_Bottom', 'LEDS_discreet6', 'LED_single2'], ['Bottom', 'LEDs_Bottom', 'LEDS_discreet6', 'LED_single3'], ['Bottom', 'LEDs_Bottom', 'LEDS_discreet7', 'LED_single'], ['Bottom', 'LEDs_Bottom', 'LEDS_discreet7', 'LED_single1'], ['Bottom', 'LEDs_Bottom', 'LEDS_discreet7', 'LED_single2'], ['Bottom', 'LEDs_Bottom', 'LEDS_discreet7', 'LED_single3'], ['Bottom', 'LEDs_Bottom', 'LEDS_discreet8', 'LED_single'], ['Bottom', 'LEDs_Bottom', 'LEDS_discreet8', 'LED_single1'], ['Bottom', 'LEDs_Bottom', 'LEDS_discreet8', 'LED_single2'], ['Bottom', 'LEDs_Bottom', 'LEDS_discreet8', 'LED_single3'], ['Top', 'LEDs_Bottom', 'LEDS_discreet', 'LED_single'], ['Top', 'LEDs_Bottom', 'LEDS_discreet', 'LED_single1'], ['Top', 'LEDs_Bottom', 'LEDS_discreet', 'LED_single2'], ['Top', 'LEDs_Bottom', 'LEDS_discreet', 'LED_single3'], ['Top', 'LEDs_Bottom', 'LEDS_discreet2', 'LED_single'], ['Top', 'LEDs_Bottom', 'LEDS_discreet2', 'LED_single1'], ['Top', 'LEDs_Bottom', 'LEDS_discreet2', 'LED_single2'], ['Top', 'LEDs_Bottom', 'LEDS_discreet2', 'LED_single3'], ['Top', 'LEDs_Bottom', 'LEDS_discreet3', 'LED_single'], ['Top', 'LEDs_Bottom', 'LEDS_discreet3', 'LED_single1'], ['Top', 'LEDs_Bottom', 'LEDS_discreet3', 'LED_single2'], ['Top', 'LEDs_Bottom', 'LEDS_discreet3', 'LED_single3'], ['Top', 'LEDs_Bottom', 'LEDS_discreet4', 'LED_single1'], ['Top', 'LEDs_Bottom', 'LEDS_discreet4', 'LED_single2'], ['Top', 'LEDs_Bottom', 'LEDS_discreet4', 'LED_single3'], ['Top', 'LEDs_Bottom', 'LEDS_discreet5', 'LED_single'], ['Top', 'LEDs_Bottom', 'LEDS_discreet5', 'LED_single1'], ['Top', 'LEDs_Bottom', 'LEDS_discreet5', 'LED_single2'], ['Top', 'LEDs_Bottom', 'LEDS_discreet5', 'LED_single3'], ['Top', 'LEDs_Bottom', 'LEDS_discreet6', 'LED_single'], ['Top', 'LEDs_Bottom', 'LEDS_discreet6', 'LED_single1'], ['Top', 'LEDs_Bottom', 'LEDS_discreet6', 'LED_single2'], ['Top', 'LEDs_Bottom', 'LEDS_discreet6', 'LED_single3'], ['Top', 'LEDs_Bottom', 'LEDS_discreet7', 'LED_single'], ['Top', 'LEDs_Bottom', 'LEDS_discreet7', 'LED_single1'], ['Top', 'LEDs_Bottom', 'LEDS_discreet7', 'LED_single2'], ['Top', 'LEDs_Bottom', 'LEDS_discreet7', 'LED_single3'], ['Top', 'LEDs_Bottom', 'LEDS_discreet8', 'LED_single'], ['Top', 'LEDs_Bottom', 'LEDS_discreet8', 'LED_single1'], ['Top', 'LEDs_Bottom', 'LEDS_discreet8', 'LED_single2'], ['Top', 'LEDs_Bottom', 'LEDS_discreet8', 'LED_single3']]
11-12 22:56:47 com_github_MitjaNemec_ReplicateLayout.replicate_layout 1512:Level selected: ['Top', 'LEDs_Bottom', 'LEDS_discreet4', 'LED_single']
11-12 22:56:47 com_github_MitjaNemec_ReplicateLayout.replicate_layout 1336:Filtering list of tracks
11-12 22:56:47 com_github_MitjaNemec_ReplicateLayout.replicate_layout 1342:Track group: , src group:
11-12 22:56:47 com_github_MitjaNemec_ReplicateLayout.replicate_layout 1342:Track group: , src group:
11-12 22:56:47 com_github_MitjaNemec_ReplicateLayout.replicate_layout 1342:Track group: , src group:
11-12 22:56:47 com_github_MitjaNemec_ReplicateLayout.replicate_layout 1342:Track group: , src group:
11-12 22:56:47 com_github_MitjaNemec_ReplicateLayout.replicate_layout 1342:Track group: , src group:
11-12 22:56:47 com_github_MitjaNemec_ReplicateLayout.replicate_layout 1342:Track group: , src group:
11-12 22:56:47 com_github_MitjaNemec_ReplicateLayout.replicate_layout 1342:Track group: , src group:
11-12 22:56:47 com_github_MitjaNemec_ReplicateLayout.replicate_layout 1342:Track group: , src group:
11-12 22:56:47 com_github_MitjaNemec_ReplicateLayout.replicate_layout 1342:Track group: , src group:
11-12 22:56:47 com_github_MitjaNemec_ReplicateLayout.replicate_layout 1342:Track group: , src group:
11-12 22:56:47 com_github_MitjaNemec_ReplicateLayout.replicate_layout 1342:Track group: , src group:
11-12 22:56:47 com_github_MitjaNemec_ReplicateLayout.replicate_layout 1342:Track group: , src group:
11-12 22:56:47 com_github_MitjaNemec_ReplicateLayout.replicate_layout 1342:Track group: , src group:
11-12 22:56:47 com_github_MitjaNemec_ReplicateLayout.replicate_layout 1342:Track group: , src group:
11-12 22:56:47 com_github_MitjaNemec_ReplicateLayout.replicate_layout 1342:Track group: , src group:
11-12 22:56:47 com_github_MitjaNemec_ReplicateLayout.replicate_layout 1342:Track group: , src group:
11-12 22:56:47 com_github_MitjaNemec_ReplicateLayout.replicate_layout 1342:Track group: , src group:
11-12 22:56:47 com_github_MitjaNemec_ReplicateLayout.replicate_layout 1342:Track group: , src group:
11-12 22:56:47 com_github_MitjaNemec_ReplicateLayout.replicate_layout 1342:Track group: , src group:
11-12 22:56:47 com_github_MitjaNemec_ReplicateLayout.replicate_layout 1342:Track group: , src group:
11-12 22:56:47 com_github_MitjaNemec_ReplicateLayout.replicate_layout 1342:Track group: , src group:
11-12 22:56:47 com_github_MitjaNemec_ReplicateLayout.replicate_layout 1342:Track group: , src group:
11-12 22:56:47 com_github_MitjaNemec_ReplicateLayout.replicate_layout 1342:Track group: , src group:
11-12 22:56:47 com_github_MitjaNemec_ReplicateLayout.replicate_layout 1342:Track group: , src group:
11-12 22:56:47 com_github_MitjaNemec_ReplicateLayout.replicate_layout 1342:Track group: , src group:
11-12 22:56:47 com_github_MitjaNemec_ReplicateLayout.replicate_layout 1342:Track group: , src group:
11-12 22:56:47 com_github_MitjaNemec_ReplicateLayout.replicate_layout 1342:Track group: , src group:
11-12 22:56:47 com_github_MitjaNemec_ReplicateLayout.replicate_layout 1342:Track group: , src group:
11-12 22:56:47 com_github_MitjaNemec_ReplicateLayout.replicate_layout 1342:Track group: , src group:
11-12 22:56:47 com_github_MitjaNemec_ReplicateLayout.replicate_layout 1342:Track group: , src group:
11-12 22:56:47 com_github_MitjaNemec_ReplicateLayout.replicate_layout 1342:Track group: , src group:
11-12 22:56:47 com_github_MitjaNemec_ReplicateLayout.replicate_layout 1342:Track group: , src group:
11-12 22:56:47 com_github_MitjaNemec_ReplicateLayout.replicate_layout 1342:Track group: , src group:
11-12 22:56:47 com_github_MitjaNemec_ReplicateLayout.replicate_layout 1342:Track group: , src group:
11-12 22:56:47 com_github_MitjaNemec_ReplicateLayout.replicate_layout 1342:Track group: , src group:
11-12 22:56:47 com_github_MitjaNemec_ReplicateLayout.replicate_layout 1342:Track group: , src group:
11-12 22:56:47 com_github_MitjaNemec_ReplicateLayout.replicate_layout 1342:Track group: , src group:
11-12 22:56:47 com_github_MitjaNemec_ReplicateLayout.replicate_layout 1342:Track group: , src group:
11-12 22:56:47 com_github_MitjaNemec_ReplicateLayout.replicate_layout 1342:Track group: , src group:
11-12 22:56:47 com_github_MitjaNemec_ReplicateLayout.replicate_layout 1342:Track group: , src group:
11-12 22:56:47 com_github_MitjaNemec_ReplicateLayout.replicate_layout 1342:Track group: , src group:
11-12 22:56:47 com_github_MitjaNemec_ReplicateLayout.replicate_layout 1342:Track group: , src group:
11-12 22:56:47 com_github_MitjaNemec_ReplicateLayout.replicate_layout 1342:Track group: , src group:
11-12 22:56:47 com_github_MitjaNemec_ReplicateLayout.replicate_layout 1342:Track group: , src group:
11-12 22:56:47 com_github_MitjaNemec_ReplicateLayout.replicate_layout 1342:Track group: , src group:
11-12 22:56:47 com_github_MitjaNemec_ReplicateLayout.replicate_layout 1342:Track group: , src group:
11-12 22:56:47 com_github_MitjaNemec_ReplicateLayout.replicate_layout 1342:Track group: , src group:
11-12 22:56:47 com_github_MitjaNemec_ReplicateLayout.replicate_layout 1342:Track group: , src group:
11-12 22:56:47 com_github_MitjaNemec_ReplicateLayout.replicate_layout 1342:Track group: , src group:
11-12 22:56:47 com_github_MitjaNemec_ReplicateLayout.replicate_layout 1342:Track group: , src group:
11-12 22:56:47 com_github_MitjaNemec_ReplicateLayout.replicate_layout 1342:Track group: , src group:
11-12 22:56:47 com_github_MitjaNemec_ReplicateLayout.replicate_layout 1342:Track group: , src group:
11-12 22:56:47 com_github_MitjaNemec_ReplicateLayout.replicate_layout 1342:Track group: , src group:
11-12 22:56:47 com_github_MitjaNemec_ReplicateLayout.replicate_layout 1342:Track group: , src group:
11-12 22:56:47 com_github_MitjaNemec_ReplicateLayout.replicate_layout 1342:Track group: , src group:
11-12 22:56:47 com_github_MitjaNemec_ReplicateLayout.replicate_layout 1342:Track group: , src group:
11-12 22:56:47 com_github_MitjaNemec_ReplicateLayout.replicate_layout 1342:Track group: , src group:
11-12 22:56:47 com_github_MitjaNemec_ReplicateLayout.replicate_layout 1342:Track group: , src group:
11-12 22:56:47 com_github_MitjaNemec_ReplicateLayout.replicate_layout 1342:Track group: , src group:
11-12 22:56:47 com_github_MitjaNemec_ReplicateLayout.replicate_layout 1342:Track group: , src group:
11-12 22:56:47 com_github_MitjaNemec_ReplicateLayout.replicate_layout 1342:Track group: , src group:
11-12 22:56:47 com_github_MitjaNemec_ReplicateLayout.replicate_layout 1342:Track group: , src group:
11-12 22:56:47 com_github_MitjaNemec_ReplicateLayout.replicate_layout 1342:Track group: , src group:
11-12 22:56:47 com_github_MitjaNemec_ReplicateLayout.replicate_layout 1342:Track group: , src group:
11-12 22:56:47 com_github_MitjaNemec_ReplicateLayout.replicate_layout 1342:Track group: , src group:
11-12 22:56:47 com_github_MitjaNemec_ReplicateLayout.replicate_layout 1342:Track group: , src group:
11-12 22:56:47 com_github_MitjaNemec_ReplicateLayout.replicate_layout 1342:Track group: , src group:
11-12 22:56:47 com_github_MitjaNemec_ReplicateLayout.replicate_layout 1342:Track group: , src group:
11-12 22:56:47 com_github_MitjaNemec_ReplicateLayout.replicate_layout 1342:Track group: , src group:
11-12 22:56:47 com_github_MitjaNemec_ReplicateLayout.replicate_layout 1342:Track group: , src group:
11-12 22:56:47 com_github_MitjaNemec_ReplicateLayout.replicate_layout 1342:Track group: , src group:
11-12 22:56:47 com_github_MitjaNemec_ReplicateLayout.replicate_layout 1342:Track group: ViaStitching /Top/GND, src group:
11-12 22:56:47 com_github_MitjaNemec_ReplicateLayout.replicate_layout 1342:Track group: ViaStitching /Top/GND, src group:
11-12 22:56:47 com_github_MitjaNemec_ReplicateLayout.replicate_layout 1342:Track group: ViaStitching /Top/GND, src group:
11-12 22:56:47 com_github_MitjaNemec_ReplicateLayout.replicate_layout 1342:Track group: ViaStitching /Top/GND, src group:
11-12 22:56:47 com_github_MitjaNemec_ReplicateLayout.replicate_layout 1342:Track group: ViaStitching /Top/GND, src group:
11-12 22:56:47 com_github_MitjaNemec_ReplicateLayout.replicate_layout 1342:Track group: ViaStitching /Top/GND, src group:
11-12 22:56:47 com_github_MitjaNemec_ReplicateLayout.replicate_layout 1342:Track group: ViaStitching /Top/GND, src group:
11-12 22:56:47 com_github_MitjaNemec_ReplicateLayout.replicate_layout 1342:Track group: ViaStitching /Top/GND, src group:
11-12 22:56:47 com_github_MitjaNemec_ReplicateLayout.replicate_layout 1342:Track group: ViaStitching /Top/GND, src group:
11-12 22:56:47 com_github_MitjaNemec_ReplicateLayout.replicate_layout 1342:Track group: ViaStitching /Top/GND, src group:
11-12 22:56:47 com_github_MitjaNemec_ReplicateLayout.replicate_layout 1342:Track group: ViaStitching /Top/GND, src group:
11-12 22:56:47 com_github_MitjaNemec_ReplicateLayout.replicate_layout 1342:Track group: ViaStitching /Top/GND, src group:
11-12 22:56:47 com_github_MitjaNemec_ReplicateLayout.replicate_layout 1342:Track group: ViaStitching /Top/GND, src group:
11-12 22:56:47 com_github_MitjaNemec_ReplicateLayout.replicate_layout 1342:Track group: ViaStitching /Top/GND, src group:
11-12 22:56:47 com_github_MitjaNemec_ReplicateLayout.replicate_layout 1342:Track group: ViaStitching /Top/GND, src group:
11-12 22:56:47 com_github_MitjaNemec_ReplicateLayout.replicate_layout 1342:Track group: ViaStitching /Top/GND, src group:
11-12 22:56:47 com_github_MitjaNemec_ReplicateLayout.replicate_layout 1342:Track group: ViaStitching /Top/GND, src group:
11-12 22:56:47 com_github_MitjaNemec_ReplicateLayout.replicate_layout 1342:Track group: ViaStitching /Top/GND, src group:
11-12 22:56:47 com_github_MitjaNemec_ReplicateLayout.replicate_layout 1342:Track group: ViaStitching /Top/GND, src group:
11-12 22:56:47 com_github_MitjaNemec_ReplicateLayout.replicate_layout 1342:Track group: ViaStitching /Top/GND, src group:
11-12 22:56:47 com_github_MitjaNemec_ReplicateLayout.replicate_layout 1342:Track group: ViaStitching /Top/GND, src group:
11-12 22:56:47 com_github_MitjaNemec_ReplicateLayout.replicate_layout 1342:Track group: ViaStitching /Top/GND, src group:
11-12 22:56:47 com_github_MitjaNemec_ReplicateLayout.replicate_layout 1342:Track group: ViaStitching /Top/GND, src group:
11-12 22:56:47 com_github_MitjaNemec_ReplicateLayout.replicate_layout 1342:Track group: ViaStitching /Top/GND, src group:
11-12 22:56:47 com_github_MitjaNemec_ReplicateLayout.replicate_layout 1342:Track group: ViaStitching /Top/GND, src group:
11-12 22:56:47 com_github_MitjaNemec_ReplicateLayout.replicate_layout 1342:Track group: ViaStitching /Top/GND, src group:
11-12 22:56:47 com_github_MitjaNemec_ReplicateLayout.replicate_layout 1342:Track group: ViaStitching /Top/GND, src group:
11-12 22:56:47 com_github_MitjaNemec_ReplicateLayout.replicate_layout 1342:Track group: ViaStitching /Top/GND, src group:
11-12 22:56:47 com_github_MitjaNemec_ReplicateLayout.replicate_layout 1342:Track group: ViaStitching /Top/GND, src group:
11-12 22:56:47 com_github_MitjaNemec_ReplicateLayout.replicate_layout 1342:Track group: ViaStitching /Top/GND, src group:
11-12 22:56:47 com_github_MitjaNemec_ReplicateLayout.replicate_layout 1342:Track group: ViaStitching /Top/GND, src group:
11-12 22:56:47 com_github_MitjaNemec_ReplicateLayout.replicate_layout 1342:Track group: ViaStitching /Top/GND, src group:
11-12 22:56:47 com_github_MitjaNemec_ReplicateLayout.replicate_layout 1342:Track group: ViaStitching /Top/GND, src group:
11-12 22:56:47 com_github_MitjaNemec_ReplicateLayout.replicate_layout 1342:Track group: ViaStitching /Top/GND, src group:
11-12 22:56:47 com_github_MitjaNemec_ReplicateLayout.replicate_layout 1342:Track group: ViaStitching /Top/GND, src group:
11-12 22:56:47 com_github_MitjaNemec_ReplicateLayout.replicate_layout 1342:Track group: ViaStitching /Top/GND, src group:
11-12 22:56:47 com_github_MitjaNemec_ReplicateLayout.replicate_layout 1342:Track group: ViaStitching /Top/GND, src group:
11-12 22:56:47 com_github_MitjaNemec_ReplicateLayout.replicate_layout 1342:Track group: ViaStitching /Top/GND, src group:
11-12 22:56:47 com_github_MitjaNemec_ReplicateLayout.replicate_layout 1342:Track group: ViaStitching /Top/GND, src group:
11-12 22:56:47 com_github_MitjaNemec_ReplicateLayout.replicate_layout 1342:Track group: ViaStitching /Top/GND, src group:
11-12 22:56:47 com_github_MitjaNemec_ReplicateLayout.replicate_layout 1342:Track group: ViaStitching /Top/GND, src group:
11-12 22:56:47 com_github_MitjaNemec_ReplicateLayout.replicate_layout 1342:Track group: ViaStitching /Top/GND, src group:
11-12 22:56:47 com_github_MitjaNemec_ReplicateLayout.replicate_layout 1342:Track group: ViaStitching /Top/GND, src group:
11-12 22:56:47 com_github_MitjaNemec_ReplicateLayout.replicate_layout 1342:Track group: ViaStitching /Top/GND, src group:
11-12 22:56:47 com_github_MitjaNemec_ReplicateLayout.replicate_layout 1342:Track group: ViaStitching /Top/GND, src group:
11-12 22:56:47 com_github_MitjaNemec_ReplicateLayout.replicate_layout 1342:Track group: ViaStitching /Top/GND, src group:
11-12 22:56:47 com_github_MitjaNemec_ReplicateLayout.replicate_layout 1342:Track group: ViaStitching /Top/GND, src group:
11-12 22:56:47 com_github_MitjaNemec_ReplicateLayout.replicate_layout 1342:Track group: ViaStitching /Top/GND, src group:
11-12 22:56:47 com_github_MitjaNemec_ReplicateLayout.replicate_layout 1342:Track group: ViaStitching /Top/GND, src group:
11-12 22:56:47 com_github_MitjaNemec_ReplicateLayout.replicate_layout 1342:Track group: ViaStitching /Top/GND, src group:
11-12 22:56:47 com_github_MitjaNemec_ReplicateLayout.replicate_layout 1342:Track group: ViaStitching /Top/GND, src group:
11-12 22:56:47 com_github_MitjaNemec_ReplicateLayout.replicate_layout 1342:Track group: ViaStitching /Top/GND, src group:
11-12 22:56:47 com_github_MitjaNemec_ReplicateLayout.replicate_layout 1342:Track group: ViaStitching /Top/GND, src group:
11-12 22:56:47 com_github_MitjaNemec_ReplicateLayout.replicate_layout 1342:Track group: ViaStitching /Top/GND, src group:
11-12 22:56:47 com_github_MitjaNemec_ReplicateLayout.replicate_layout 1342:Track group: ViaStitching /Top/GND, src group:
11-12 22:56:47 com_github_MitjaNemec_ReplicateLayout.replicate_layout 1342:Track group: ViaStitching /Top/GND, src group:
11-12 22:56:47 com_github_MitjaNemec_ReplicateLayout.replicate_layout 1342:Track group: ViaStitching /Top/GND, src group:
11-12 22:56:47 com_github_MitjaNemec_ReplicateLayout.replicate_layout 1342:Track group: ViaStitching /Top/GND, src group:
11-12 22:56:47 com_github_MitjaNemec_ReplicateLayout.replicate_layout 1342:Track group: ViaStitching /Top/GND, src group:
11-12 22:56:47 com_github_MitjaNemec_ReplicateLayout.replicate_layout 1342:Track group: ViaStitching /Top/GND, src group:
11-12 22:56:47 com_github_MitjaNemec_ReplicateLayout.replicate_layout 1342:Track group: ViaStitching /Top/GND, src group:
11-12 22:56:47 com_github_MitjaNemec_ReplicateLayout.replicate_layout 1342:Track group: ViaStitching /Top/GND, src group:
11-12 22:56:47 com_github_MitjaNemec_ReplicateLayout.replicate_layout 1342:Track group: ViaStitching /Top/GND, src group:
11-12 22:56:47 com_github_MitjaNemec_ReplicateLayout.replicate_layout 1342:Track group: ViaStitching /Top/GND, src group:
11-12 22:56:47 com_github_MitjaNemec_ReplicateLayout.replicate_layout 1342:Track group: ViaStitching /Top/GND, src group:
11-12 22:56:47 com_github_MitjaNemec_ReplicateLayout.replicate_layout 1342:Track group: ViaStitching /Top/GND, src group:
11-12 22:56:47 com_github_MitjaNemec_ReplicateLayout.replicate_layout 1342:Track group: ViaStitching /Top/GND, src group:
11-12 22:56:47 com_github_MitjaNemec_ReplicateLayout.replicate_layout 1342:Track group: ViaStitching /Top/GND, src group:
11-12 22:56:47 com_github_MitjaNemec_ReplicateLayout.replicate_layout 1342:Track group: ViaStitching /Top/GND, src group:
11-12 22:56:47 com_github_MitjaNemec_ReplicateLayout.replicate_layout 1342:Track group: ViaStitching /Top/GND, src group:
11-12 22:56:47 com_github_MitjaNemec_ReplicateLayout.replicate_layout 1342:Track group: ViaStitching /Top/GND, src group:
11-12 22:56:47 com_github_MitjaNemec_ReplicateLayout.replicate_layout 1342:Track group: ViaStitching /Top/GND, src group:
11-12 22:56:47 com_github_MitjaNemec_ReplicateLayout.replicate_layout 1342:Track group: ViaStitching /Top/GND, src group:
11-12 22:56:47 com_github_MitjaNemec_ReplicateLayout.replicate_layout 1342:Track group: ViaStitching /Top/GND, src group:
11-12 22:56:47 com_github_MitjaNemec_ReplicateLayout.replicate_layout 1342:Track group: ViaStitching /Top/GND, src group:
11-12 22:56:47 com_github_MitjaNemec_ReplicateLayout.replicate_layout 1342:Track group: ViaStitching /Top/GND, src group:
11-12 22:56:47 com_github_MitjaNemec_ReplicateLayout.replicate_layout 1342:Track group: ViaStitching /Top/GND, src group:
11-12 22:56:47 com_github_MitjaNemec_ReplicateLayout.replicate_layout 1342:Track group: ViaStitching /Top/GND, src group:
11-12 22:56:47 com_github_MitjaNemec_ReplicateLayout.replicate_layout 1342:Track group: ViaStitching /Top/GND, src group:
11-12 22:56:47 com_github_MitjaNemec_ReplicateLayout.replicate_layout 1342:Track group: ViaStitching /Top/GND, src group:
11-12 22:56:47 com_github_MitjaNemec_ReplicateLayout.replicate_layout 1342:Track group: ViaStitching /Top/GND, src group:
11-12 22:56:47 com_github_MitjaNemec_ReplicateLayout.replicate_layout 1342:Track group: ViaStitching /Top/GND, src group:
11-12 22:56:47 com_github_MitjaNemec_ReplicateLayout.replicate_layout 1342:Track group: ViaStitching /Top/GND, src group:
11-12 22:56:47 com_github_MitjaNemec_ReplicateLayout.replicate_layout 1342:Track group: ViaStitching /Top/GND, src group:
11-12 22:56:47 com_github_MitjaNemec_ReplicateLayout.replicate_layout 1342:Track group: ViaStitching /Top/GND, src group:
11-12 22:56:47 com_github_MitjaNemec_ReplicateLayout.replicate_layout 1342:Track group: ViaStitching /Top/GND, src group:
11-12 22:56:47 com_github_MitjaNemec_ReplicateLayout.replicate_layout 1342:Track group: ViaStitching /Top/GND, src group:
11-12 22:56:47 com_github_MitjaNemec_ReplicateLayout.replicate_layout 1342:Track group: ViaStitching /Top/GND, src group:
11-12 22:56:47 com_github_MitjaNemec_ReplicateLayout.replicate_layout 1342:Track group: ViaStitching /Top/GND, src group:
11-12 22:56:47 com_github_MitjaNemec_ReplicateLayout.replicate_layout 1342:Track group: ViaStitching /Top/GND, src group:
11-12 22:56:47 com_github_MitjaNemec_ReplicateLayout.replicate_layout 1342:Track group: ViaStitching /Top/GND, src group:
11-12 22:56:47 com_github_MitjaNemec_ReplicateLayout.replicate_layout 1342:Track group: ViaStitching /Top/GND, src group:
11-12 22:56:47 com_github_MitjaNemec_ReplicateLayout.replicate_layout 1342:Track group: ViaStitching /Top/GND, src group:
11-12 22:56:47 com_github_MitjaNemec_ReplicateLayout.replicate_layout 1342:Track group: ViaStitching /Top/GND, src group:
11-12 22:56:47 com_github_MitjaNemec_ReplicateLayout.replicate_layout 1342:Track group: ViaStitching /Top/GND, src group:
11-12 22:56:47 com_github_MitjaNemec_ReplicateLayout.replicate_layout 1342:Track group: ViaStitching /Top/GND, src group:
11-12 22:56:47 com_github_MitjaNemec_ReplicateLayout.replicate_layout 1342:Track group: , src group:
11-12 22:56:47 com_github_MitjaNemec_ReplicateLayout.replicate_layout 1342:Track group: , src group:
11-12 22:56:47 com_github_MitjaNemec_ReplicateLayout.replicate_layout 1342:Track group: , src group:
11-12 22:56:47 com_github_MitjaNemec_ReplicateLayout.replicate_layout 1342:Track group: , src group:
11-12 22:56:47 com_github_MitjaNemec_ReplicateLayout.replicate_layout 1342:Track group: , src group:
11-12 22:56:56 com_github_MitjaNemec_ReplicateLayout.replicate_layout 472:constructing a list of sheets suitable for replication on level:'LED_single', file:'LED_single.kicad_sch'
11-12 22:56:56 com_github_MitjaNemec_ReplicateLayout.replicate_layout 509:suitable sheets are:[['Bottom', 'LEDs_Bottom', 'LEDS_discreet', 'LED_single'], ['Bottom', 'LEDs_Bottom', 'LEDS_discreet', 'LED_single1'], ['Bottom', 'LEDs_Bottom', 'LEDS_discreet', 'LED_single2'], ['Bottom', 'LEDs_Bottom', 'LEDS_discreet', 'LED_single3'], ['Bottom', 'LEDs_Bottom', 'LEDS_discreet2', 'LED_single'], ['Bottom', 'LEDs_Bottom', 'LEDS_discreet2', 'LED_single1'], ['Bottom', 'LEDs_Bottom', 'LEDS_discreet2', 'LED_single2'], ['Bottom', 'LEDs_Bottom', 'LEDS_discreet2', 'LED_single3'], ['Bottom', 'LEDs_Bottom', 'LEDS_discreet3', 'LED_single'], ['Bottom', 'LEDs_Bottom', 'LEDS_discreet3', 'LED_single1'], ['Bottom', 'LEDs_Bottom', 'LEDS_discreet3', 'LED_single2'], ['Bottom', 'LEDs_Bottom', 'LEDS_discreet3', 'LED_single3'], ['Bottom', 'LEDs_Bottom', 'LEDS_discreet4', 'LED_single'], ['Bottom', 'LEDs_Bottom', 'LEDS_discreet4', 'LED_single1'], ['Bottom', 'LEDs_Bottom', 'LEDS_discreet4', 'LED_single2'], ['Bottom', 'LEDs_Bottom', 'LEDS_discreet4', 'LED_single3'], ['Bottom', 'LEDs_Bottom', 'LEDS_discreet5', 'LED_single'], ['Bottom', 'LEDs_Bottom', 'LEDS_discreet5', 'LED_single1'], ['Bottom', 'LEDs_Bottom', 'LEDS_discreet5', 'LED_single2'], ['Bottom', 'LEDs_Bottom', 'LEDS_discreet5', 'LED_single3'], ['Bottom', 'LEDs_Bottom', 'LEDS_discreet6', 'LED_single'], ['Bottom', 'LEDs_Bottom', 'LEDS_discreet6', 'LED_single1'], ['Bottom', 'LEDs_Bottom', 'LEDS_discreet6', 'LED_single2'], ['Bottom', 'LEDs_Bottom', 'LEDS_discreet6', 'LED_single3'], ['Bottom', 'LEDs_Bottom', 'LEDS_discreet7', 'LED_single'], ['Bottom', 'LEDs_Bottom', 'LEDS_discreet7', 'LED_single1'], ['Bottom', 'LEDs_Bottom', 'LEDS_discreet7', 'LED_single2'], ['Bottom', 'LEDs_Bottom', 'LEDS_discreet7', 'LED_single3'], ['Bottom', 'LEDs_Bottom', 'LEDS_discreet8', 'LED_single'], ['Bottom', 'LEDs_Bottom', 'LEDS_discreet8', 'LED_single1'], ['Bottom', 'LEDs_Bottom', 'LEDS_discreet8', 'LED_single2'], ['Bottom', 'LEDs_Bottom', 'LEDS_discreet8', 'LED_single3'], ['Top', 'LEDs_Bottom', 'LEDS_discreet', 'LED_single'], ['Top', 'LEDs_Bottom', 'LEDS_discreet', 'LED_single1'], ['Top', 'LEDs_Bottom', 'LEDS_discreet', 'LED_single2'], ['Top', 'LEDs_Bottom', 'LEDS_discreet', 'LED_single3'], ['Top', 'LEDs_Bottom', 'LEDS_discreet2', 'LED_single'], ['Top', 'LEDs_Bottom', 'LEDS_discreet2', 'LED_single1'], ['Top', 'LEDs_Bottom', 'LEDS_discreet2', 'LED_single2'], ['Top', 'LEDs_Bottom', 'LEDS_discreet2', 'LED_single3'], ['Top', 'LEDs_Bottom', 'LEDS_discreet3', 'LED_single'], ['Top', 'LEDs_Bottom', 'LEDS_discreet3', 'LED_single1'], ['Top', 'LEDs_Bottom', 'LEDS_discreet3', 'LED_single2'], ['Top', 'LEDs_Bottom', 'LEDS_discreet3', 'LED_single3'], ['Top', 'LEDs_Bottom', 'LEDS_discreet4', 'LED_single1'], ['Top', 'LEDs_Bottom', 'LEDS_discreet4', 'LED_single2'], ['Top', 'LEDs_Bottom', 'LEDS_discreet4', 'LED_single3'], ['Top', 'LEDs_Bottom', 'LEDS_discreet5', 'LED_single'], ['Top', 'LEDs_Bottom', 'LEDS_discreet5', 'LED_single1'], ['Top', 'LEDs_Bottom', 'LEDS_discreet5', 'LED_single2'], ['Top', 'LEDs_Bottom', 'LEDS_discreet5', 'LED_single3'], ['Top', 'LEDs_Bottom', 'LEDS_discreet6', 'LED_single'], ['Top', 'LEDs_Bottom', 'LEDS_discreet6', 'LED_single1'], ['Top', 'LEDs_Bottom', 'LEDS_discreet6', 'LED_single2'], ['Top', 'LEDs_Bottom', 'LEDS_discreet6', 'LED_single3'], ['Top', 'LEDs_Bottom', 'LEDS_discreet7', 'LED_single'], ['Top', 'LEDs_Bottom', 'LEDS_discreet7', 'LED_single1'], ['Top', 'LEDs_Bottom', 'LEDS_discreet7', 'LED_single2'], ['Top', 'LEDs_Bottom', 'LEDS_discreet7', 'LED_single3'], ['Top', 'LEDs_Bottom', 'LEDS_discreet8', 'LED_single'], ['Top', 'LEDs_Bottom', 'LEDS_discreet8', 'LED_single1'], ['Top', 'LEDs_Bottom', 'LEDS_discreet8', 'LED_single2'], ['Top', 'LEDs_Bottom', 'LEDS_discreet8', 'LED_single3']]
11-12 22:56:56 com_github_MitjaNemec_ReplicateLayout.replicate_layout 1512:Level selected: ['Top', 'LEDs_Bottom', 'LEDS_discreet4', 'LED_single']
11-12 22:56:56 com_github_MitjaNemec_ReplicateLayout.replicate_layout 1336:Filtering list of tracks
11-12 22:56:56 com_github_MitjaNemec_ReplicateLayout.replicate_layout 1342:Track group: , src group:
11-12 22:56:56 com_github_MitjaNemec_ReplicateLayout.replicate_layout 1342:Track group: , src group:
11-12 22:56:56 com_github_MitjaNemec_ReplicateLayout.replicate_layout 1342:Track group: , src group:
11-12 22:56:56 com_github_MitjaNemec_ReplicateLayout.replicate_layout 1342:Track group: , src group:
11-12 22:56:56 com_github_MitjaNemec_ReplicateLayout.replicate_layout 1342:Track group: , src group:
11-12 22:56:56 com_github_MitjaNemec_ReplicateLayout.replicate_layout 1342:Track group: , src group:
11-12 22:56:56 com_github_MitjaNemec_ReplicateLayout.replicate_layout 1342:Track group: , src group:
11-12 22:56:56 com_github_MitjaNemec_ReplicateLayout.replicate_layout 1342:Track group: , src group:
11-12 22:56:56 com_github_MitjaNemec_ReplicateLayout.replicate_layout 1342:Track group: , src group:
11-12 22:56:56 com_github_MitjaNemec_ReplicateLayout.replicate_layout 1342:Track group: , src group:
11-12 22:56:56 com_github_MitjaNemec_ReplicateLayout.replicate_layout 1342:Track group: , src group:
11-12 22:56:56 com_github_MitjaNemec_ReplicateLayout.replicate_layout 1342:Track group: , src group:
11-12 22:56:56 com_github_MitjaNemec_ReplicateLayout.replicate_layout 1342:Track group: , src group:
11-12 22:56:56 com_github_MitjaNemec_ReplicateLayout.replicate_layout 1342:Track group: , src group:
11-12 22:56:56 com_github_MitjaNemec_ReplicateLayout.replicate_layout 1342:Track group: , src group:
11-12 22:56:56 com_github_MitjaNemec_ReplicateLayout.replicate_layout 1342:Track group: , src group:
11-12 22:56:56 com_github_MitjaNemec_ReplicateLayout.replicate_layout 1342:Track group: , src group:
11-12 22:56:56 com_github_MitjaNemec_ReplicateLayout.replicate_layout 1342:Track group: , src group:
11-12 22:56:56 com_github_MitjaNemec_ReplicateLayout.replicate_layout 1342:Track group: , src group:
11-12 22:56:56 com_github_MitjaNemec_ReplicateLayout.replicate_layout 1342:Track group: , src group:
11-12 22:56:56 com_github_MitjaNemec_ReplicateLayout.replicate_layout 1342:Track group: , src group:
11-12 22:56:56 com_github_MitjaNemec_ReplicateLayout.replicate_layout 1342:Track group: , src group:
11-12 22:56:56 com_github_MitjaNemec_ReplicateLayout.replicate_layout 1342:Track group: , src group:
11-12 22:56:56 com_github_MitjaNemec_ReplicateLayout.replicate_layout 1342:Track group: , src group:
11-12 22:56:56 com_github_MitjaNemec_ReplicateLayout.replicate_layout 1342:Track group: , src group:
11-12 22:56:56 com_github_MitjaNemec_ReplicateLayout.replicate_layout 1342:Track group: , src group:
11-12 22:56:56 com_github_MitjaNemec_ReplicateLayout.replicate_layout 1342:Track group: , src group:
11-12 22:56:56 com_github_MitjaNemec_ReplicateLayout.replicate_layout 1342:Track group: , src group:
11-12 22:56:56 com_github_MitjaNemec_ReplicateLayout.replicate_layout 1342:Track group: , src group:
11-12 22:56:56 com_github_MitjaNemec_ReplicateLayout.replicate_layout 1342:Track group: , src group:
11-12 22:56:56 com_github_MitjaNemec_ReplicateLayout.replicate_layout 1342:Track group: , src group:
11-12 22:56:56 com_github_MitjaNemec_ReplicateLayout.replicate_layout 1342:Track group: , src group:
11-12 22:56:56 com_github_MitjaNemec_ReplicateLayout.replicate_layout 1342:Track group: , src group:
11-12 22:56:56 com_github_MitjaNemec_ReplicateLayout.replicate_layout 1342:Track group: , src group:
11-12 22:56:56 com_github_MitjaNemec_ReplicateLayout.replicate_layout 1342:Track group: , src group:
11-12 22:56:56 com_github_MitjaNemec_ReplicateLayout.replicate_layout 1342:Track group: , src group:
11-12 22:56:56 com_github_MitjaNemec_ReplicateLayout.replicate_layout 1342:Track group: , src group:
11-12 22:56:56 com_github_MitjaNemec_ReplicateLayout.replicate_layout 1342:Track group: , src group:
11-12 22:56:56 com_github_MitjaNemec_ReplicateLayout.replicate_layout 1342:Track group: , src group:
11-12 22:56:56 com_github_MitjaNemec_ReplicateLayout.replicate_layout 1342:Track group: , src group:
11-12 22:56:56 com_github_MitjaNemec_ReplicateLayout.replicate_layout 1342:Track group: , src group:
11-12 22:56:56 com_github_MitjaNemec_ReplicateLayout.replicate_layout 1342:Track group: , src group:
11-12 22:56:56 com_github_MitjaNemec_ReplicateLayout.replicate_layout 1342:Track group: , src group:
11-12 22:56:56 com_github_MitjaNemec_ReplicateLayout.replicate_layout 1342:Track group: , src group:
11-12 22:56:56 com_github_MitjaNemec_ReplicateLayout.replicate_layout 1342:Track group: , src group:
11-12 22:56:56 com_github_MitjaNemec_ReplicateLayout.replicate_layout 1342:Track group: , src group:
11-12 22:56:56 com_github_MitjaNemec_ReplicateLayout.replicate_layout 1342:Track group: , src group:
11-12 22:56:56 com_github_MitjaNemec_ReplicateLayout.replicate_layout 1342:Track group: , src group:
11-12 22:56:56 com_github_MitjaNemec_ReplicateLayout.replicate_layout 1342:Track group: , src group:
11-12 22:56:56 com_github_MitjaNemec_ReplicateLayout.replicate_layout 1342:Track group: , src group:
11-12 22:56:56 com_github_MitjaNemec_ReplicateLayout.replicate_layout 1342:Track group: , src group:
11-12 22:56:56 com_github_MitjaNemec_ReplicateLayout.replicate_layout 1342:Track group: , src group:
11-12 22:56:56 com_github_MitjaNemec_ReplicateLayout.replicate_layout 1342:Track group: , src group:
11-12 22:56:56 com_github_MitjaNemec_ReplicateLayout.replicate_layout 1342:Track group: , src group:
11-12 22:56:56 com_github_MitjaNemec_ReplicateLayout.replicate_layout 1342:Track group: , src group:
11-12 22:56:56 com_github_MitjaNemec_ReplicateLayout.replicate_layout 1342:Track group: , src group:
11-12 22:56:56 com_github_MitjaNemec_ReplicateLayout.replicate_layout 1342:Track group: , src group:
11-12 22:56:56 com_github_MitjaNemec_ReplicateLayout.replicate_layout 1342:Track group: , src group:
11-12 22:56:56 com_github_MitjaNemec_ReplicateLayout.replicate_layout 1342:Track group: , src group:
11-12 22:56:56 com_github_MitjaNemec_ReplicateLayout.replicate_layout 1342:Track group: , src group:
11-12 22:56:56 com_github_MitjaNemec_ReplicateLayout.replicate_layout 1342:Track group: , src group:
11-12 22:56:56 com_github_MitjaNemec_ReplicateLayout.replicate_layout 1342:Track group: , src group:
11-12 22:56:56 com_github_MitjaNemec_ReplicateLayout.replicate_layout 1342:Track group: , src group:
11-12 22:56:56 com_github_MitjaNemec_ReplicateLayout.replicate_layout 1342:Track group: , src group:
11-12 22:56:56 com_github_MitjaNemec_ReplicateLayout.replicate_layout 1342:Track group: , src group:
11-12 22:56:56 com_github_MitjaNemec_ReplicateLayout.replicate_layout 1342:Track group: , src group:
11-12 22:56:56 com_github_MitjaNemec_ReplicateLayout.replicate_layout 1342:Track group: , src group:
11-12 22:56:56 com_github_MitjaNemec_ReplicateLayout.replicate_layout 1342:Track group: , src group:
11-12 22:56:56 com_github_MitjaNemec_ReplicateLayout.replicate_layout 1342:Track group: , src group:
11-12 22:56:56 com_github_MitjaNemec_ReplicateLayout.replicate_layout 1342:Track group: , src group:
11-12 22:56:56 com_github_MitjaNemec_ReplicateLayout.replicate_layout 1342:Track group: , src group:
11-12 22:56:56 com_github_MitjaNemec_ReplicateLayout.replicate_layout 1342:Track group: ViaStitching /Top/GND, src group:
11-12 22:56:56 com_github_MitjaNemec_ReplicateLayout.replicate_layout 1342:Track group: ViaStitching /Top/GND, src group:
11-12 22:56:56 com_github_MitjaNemec_ReplicateLayout.replicate_layout 1342:Track group: ViaStitching /Top/GND, src group:
11-12 22:56:56 com_github_MitjaNemec_ReplicateLayout.replicate_layout 1342:Track group: ViaStitching /Top/GND, src group:
11-12 22:56:56 com_github_MitjaNemec_ReplicateLayout.replicate_layout 1342:Track group: ViaStitching /Top/GND, src group:
11-12 22:56:56 com_github_MitjaNemec_ReplicateLayout.replicate_layout 1342:Track group: ViaStitching /Top/GND, src group:
11-12 22:56:56 com_github_MitjaNemec_ReplicateLayout.replicate_layout 1342:Track group: ViaStitching /Top/GND, src group:
11-12 22:56:56 com_github_MitjaNemec_ReplicateLayout.replicate_layout 1342:Track group: ViaStitching /Top/GND, src group:
11-12 22:56:56 com_github_MitjaNemec_ReplicateLayout.replicate_layout 1342:Track group: ViaStitching /Top/GND, src group:
11-12 22:56:56 com_github_MitjaNemec_ReplicateLayout.replicate_layout 1342:Track group: ViaStitching /Top/GND, src group:
11-12 22:56:56 com_github_MitjaNemec_ReplicateLayout.replicate_layout 1342:Track group: ViaStitching /Top/GND, src group:
11-12 22:56:56 com_github_MitjaNemec_ReplicateLayout.replicate_layout 1342:Track group: ViaStitching /Top/GND, src group:
11-12 22:56:56 com_github_MitjaNemec_ReplicateLayout.replicate_layout 1342:Track group: ViaStitching /Top/GND, src group:
11-12 22:56:56 com_github_MitjaNemec_ReplicateLayout.replicate_layout 1342:Track group: ViaStitching /Top/GND, src group:
11-12 22:56:56 com_github_MitjaNemec_ReplicateLayout.replicate_layout 1342:Track group: ViaStitching /Top/GND, src group:
11-12 22:56:56 com_github_MitjaNemec_ReplicateLayout.replicate_layout 1342:Track group: ViaStitching /Top/GND, src group:
11-12 22:56:56 com_github_MitjaNemec_ReplicateLayout.replicate_layout 1342:Track group: ViaStitching /Top/GND, src group:
11-12 22:56:56 com_github_MitjaNemec_ReplicateLayout.replicate_layout 1342:Track group: ViaStitching /Top/GND, src group:
11-12 22:56:56 com_github_MitjaNemec_ReplicateLayout.replicate_layout 1342:Track group: ViaStitching /Top/GND, src group:
11-12 22:56:56 com_github_MitjaNemec_ReplicateLayout.replicate_layout 1342:Track group: ViaStitching /Top/GND, src group:
11-12 22:56:56 com_github_MitjaNemec_ReplicateLayout.replicate_layout 1342:Track group: ViaStitching /Top/GND, src group:
11-12 22:56:56 com_github_MitjaNemec_ReplicateLayout.replicate_layout 1342:Track group: ViaStitching /Top/GND, src group:
11-12 22:56:56 com_github_MitjaNemec_ReplicateLayout.replicate_layout 1342:Track group: ViaStitching /Top/GND, src group:
11-12 22:56:56 com_github_MitjaNemec_ReplicateLayout.replicate_layout 1342:Track group: ViaStitching /Top/GND, src group:
11-12 22:56:56 com_github_MitjaNemec_ReplicateLayout.replicate_layout 1342:Track group: ViaStitching /Top/GND, src group:
11-12 22:56:56 com_github_MitjaNemec_ReplicateLayout.replicate_layout 1342:Track group: ViaStitching /Top/GND, src group:
11-12 22:56:56 com_github_MitjaNemec_ReplicateLayout.replicate_layout 1342:Track group: ViaStitching /Top/GND, src group:
11-12 22:56:56 com_github_MitjaNemec_ReplicateLayout.replicate_layout 1342:Track group: ViaStitching /Top/GND, src group:
11-12 22:56:56 com_github_MitjaNemec_ReplicateLayout.replicate_layout 1342:Track group: ViaStitching /Top/GND, src group:
11-12 22:56:56 com_github_MitjaNemec_ReplicateLayout.replicate_layout 1342:Track group: ViaStitching /Top/GND, src group:
11-12 22:56:56 com_github_MitjaNemec_ReplicateLayout.replicate_layout 1342:Track group: ViaStitching /Top/GND, src group:
11-12 22:56:56 com_github_MitjaNemec_ReplicateLayout.replicate_layout 1342:Track group: ViaStitching /Top/GND, src group:
11-12 22:56:56 com_github_MitjaNemec_ReplicateLayout.replicate_layout 1342:Track group: ViaStitching /Top/GND, src group:
11-12 22:56:56 com_github_MitjaNemec_ReplicateLayout.replicate_layout 1342:Track group: ViaStitching /Top/GND, src group:
11-12 22:56:56 com_github_MitjaNemec_ReplicateLayout.replicate_layout 1342:Track group: ViaStitching /Top/GND, src group:
11-12 22:56:56 com_github_MitjaNemec_ReplicateLayout.replicate_layout 1342:Track group: ViaStitching /Top/GND, src group:
11-12 22:56:56 com_github_MitjaNemec_ReplicateLayout.replicate_layout 1342:Track group: ViaStitching /Top/GND, src group:
11-12 22:56:56 com_github_MitjaNemec_ReplicateLayout.replicate_layout 1342:Track group: ViaStitching /Top/GND, src group:
11-12 22:56:56 com_github_MitjaNemec_ReplicateLayout.replicate_layout 1342:Track group: ViaStitching /Top/GND, src group:
11-12 22:56:56 com_github_MitjaNemec_ReplicateLayout.replicate_layout 1342:Track group: ViaStitching /Top/GND, src group:
11-12 22:56:56 com_github_MitjaNemec_ReplicateLayout.replicate_layout 1342:Track group: ViaStitching /Top/GND, src group:
11-12 22:56:56 com_github_MitjaNemec_ReplicateLayout.replicate_layout 1342:Track group: ViaStitching /Top/GND, src group:
11-12 22:56:56 com_github_MitjaNemec_ReplicateLayout.replicate_layout 1342:Track group: ViaStitching /Top/GND, src group:
11-12 22:56:56 com_github_MitjaNemec_ReplicateLayout.replicate_layout 1342:Track group: ViaStitching /Top/GND, src group:
11-12 22:56:56 com_github_MitjaNemec_ReplicateLayout.replicate_layout 1342:Track group: ViaStitching /Top/GND, src group:
11-12 22:56:56 com_github_MitjaNemec_ReplicateLayout.replicate_layout 1342:Track group: ViaStitching /Top/GND, src group:
11-12 22:56:56 com_github_MitjaNemec_ReplicateLayout.replicate_layout 1342:Track group: ViaStitching /Top/GND, src group:
11-12 22:56:56 com_github_MitjaNemec_ReplicateLayout.replicate_layout 1342:Track group: ViaStitching /Top/GND, src group:
11-12 22:56:56 com_github_MitjaNemec_ReplicateLayout.replicate_layout 1342:Track group: ViaStitching /Top/GND, src group:
11-12 22:56:56 com_github_MitjaNemec_ReplicateLayout.replicate_layout 1342:Track group: ViaStitching /Top/GND, src group:
11-12 22:56:56 com_github_MitjaNemec_ReplicateLayout.replicate_layout 1342:Track group: ViaStitching /Top/GND, src group:
11-12 22:56:56 com_github_MitjaNemec_ReplicateLayout.replicate_layout 1342:Track group: ViaStitching /Top/GND, src group:
11-12 22:56:56 com_github_MitjaNemec_ReplicateLayout.replicate_layout 1342:Track group: ViaStitching /Top/GND, src group:
11-12 22:56:56 com_github_MitjaNemec_ReplicateLayout.replicate_layout 1342:Track group: ViaStitching /Top/GND, src group:
11-12 22:56:56 com_github_MitjaNemec_ReplicateLayout.replicate_layout 1342:Track group: ViaStitching /Top/GND, src group:
11-12 22:56:56 com_github_MitjaNemec_ReplicateLayout.replicate_layout 1342:Track group: ViaStitching /Top/GND, src group:
11-12 22:56:56 com_github_MitjaNemec_ReplicateLayout.replicate_layout 1342:Track group: ViaStitching /Top/GND, src group:
11-12 22:56:56 com_github_MitjaNemec_ReplicateLayout.replicate_layout 1342:Track group: ViaStitching /Top/GND, src group:
11-12 22:56:56 com_github_MitjaNemec_ReplicateLayout.replicate_layout 1342:Track group: ViaStitching /Top/GND, src group:
11-12 22:56:56 com_github_MitjaNemec_ReplicateLayout.replicate_layout 1342:Track group: ViaStitching /Top/GND, src group:
11-12 22:56:56 com_github_MitjaNemec_ReplicateLayout.replicate_layout 1342:Track group: ViaStitching /Top/GND, src group:
11-12 22:56:56 com_github_MitjaNemec_ReplicateLayout.replicate_layout 1342:Track group: ViaStitching /Top/GND, src group:
11-12 22:56:56 com_github_MitjaNemec_ReplicateLayout.replicate_layout 1342:Track group: ViaStitching /Top/GND, src group:
11-12 22:56:56 com_github_MitjaNemec_ReplicateLayout.replicate_layout 1342:Track group: ViaStitching /Top/GND, src group:
11-12 22:56:56 com_github_MitjaNemec_ReplicateLayout.replicate_layout 1342:Track group: ViaStitching /Top/GND, src group:
11-12 22:56:56 com_github_MitjaNemec_ReplicateLayout.replicate_layout 1342:Track group: ViaStitching /Top/GND, src group:
11-12 22:56:56 com_github_MitjaNemec_ReplicateLayout.replicate_layout 1342:Track group: ViaStitching /Top/GND, src group:
11-12 22:56:56 com_github_MitjaNemec_ReplicateLayout.replicate_layout 1342:Track group: ViaStitching /Top/GND, src group:
11-12 22:56:56 com_github_MitjaNemec_ReplicateLayout.replicate_layout 1342:Track group: ViaStitching /Top/GND, src group:
11-12 22:56:56 com_github_MitjaNemec_ReplicateLayout.replicate_layout 1342:Track group: ViaStitching /Top/GND, src group:
11-12 22:56:56 com_github_MitjaNemec_ReplicateLayout.replicate_layout 1342:Track group: ViaStitching /Top/GND, src group:
11-12 22:56:56 com_github_MitjaNemec_ReplicateLayout.replicate_layout 1342:Track group: ViaStitching /Top/GND, src group:
11-12 22:56:56 com_github_MitjaNemec_ReplicateLayout.replicate_layout 1342:Track group: ViaStitching /Top/GND, src group:
11-12 22:56:56 com_github_MitjaNemec_ReplicateLayout.replicate_layout 1342:Track group: ViaStitching /Top/GND, src group:
11-12 22:56:56 com_github_MitjaNemec_ReplicateLayout.replicate_layout 1342:Track group: ViaStitching /Top/GND, src group:
11-12 22:56:56 com_github_MitjaNemec_ReplicateLayout.replicate_layout 1342:Track group: ViaStitching /Top/GND, src group:
11-12 22:56:56 com_github_MitjaNemec_ReplicateLayout.replicate_layout 1342:Track group: ViaStitching /Top/GND, src group:
11-12 22:56:56 com_github_MitjaNemec_ReplicateLayout.replicate_layout 1342:Track group: ViaStitching /Top/GND, src group:
11-12 22:56:56 com_github_MitjaNemec_ReplicateLayout.replicate_layout 1342:Track group: ViaStitching /Top/GND, src group:
11-12 22:56:56 com_github_MitjaNemec_ReplicateLayout.replicate_layout 1342:Track group: ViaStitching /Top/GND, src group:
11-12 22:56:56 com_github_MitjaNemec_ReplicateLayout.replicate_layout 1342:Track group: ViaStitching /Top/GND, src group:
11-12 22:56:56 com_github_MitjaNemec_ReplicateLayout.replicate_layout 1342:Track group: ViaStitching /Top/GND, src group:
11-12 22:56:56 com_github_MitjaNemec_ReplicateLayout.replicate_layout 1342:Track group: ViaStitching /Top/GND, src group:
11-12 22:56:56 com_github_MitjaNemec_ReplicateLayout.replicate_layout 1342:Track group: ViaStitching /Top/GND, src group:
11-12 22:56:56 com_github_MitjaNemec_ReplicateLayout.replicate_layout 1342:Track group: ViaStitching /Top/GND, src group:
11-12 22:56:56 com_github_MitjaNemec_ReplicateLayout.replicate_layout 1342:Track group: ViaStitching /Top/GND, src group:
11-12 22:56:56 com_github_MitjaNemec_ReplicateLayout.replicate_layout 1342:Track group: ViaStitching /Top/GND, src group:
11-12 22:56:56 com_github_MitjaNemec_ReplicateLayout.replicate_layout 1342:Track group: ViaStitching /Top/GND, src group:
11-12 22:56:56 com_github_MitjaNemec_ReplicateLayout.replicate_layout 1342:Track group: ViaStitching /Top/GND, src group:
11-12 22:56:56 com_github_MitjaNemec_ReplicateLayout.replicate_layout 1342:Track group: ViaStitching /Top/GND, src group:
11-12 22:56:56 com_github_MitjaNemec_ReplicateLayout.replicate_layout 1342:Track group: ViaStitching /Top/GND, src group:
11-12 22:56:56 com_github_MitjaNemec_ReplicateLayout.replicate_layout 1342:Track group: ViaStitching /Top/GND, src group:
11-12 22:56:56 com_github_MitjaNemec_ReplicateLayout.replicate_layout 1342:Track group: ViaStitching /Top/GND, src group:
11-12 22:56:56 com_github_MitjaNemec_ReplicateLayout.replicate_layout 1342:Track group: ViaStitching /Top/GND, src group:
11-12 22:56:56 com_github_MitjaNemec_ReplicateLayout.replicate_layout 1342:Track group: ViaStitching /Top/GND, src group:
11-12 22:56:56 com_github_MitjaNemec_ReplicateLayout.replicate_layout 1342:Track group: ViaStitching /Top/GND, src group:
11-12 22:56:56 com_github_MitjaNemec_ReplicateLayout.replicate_layout 1342:Track group: , src group:
11-12 22:56:56 com_github_MitjaNemec_ReplicateLayout.replicate_layout 1342:Track group: , src group:
11-12 22:56:56 com_github_MitjaNemec_ReplicateLayout.replicate_layout 1342:Track group: , src group:
11-12 22:56:56 com_github_MitjaNemec_ReplicateLayout.replicate_layout 1342:Track group: , src group:
11-12 22:56:56 com_github_MitjaNemec_ReplicateLayout.replicate_layout 1342:Track group: , src group:
11-12 22:57:10 com_github_MitjaNemec_ReplicateLayout.replicate_layout 472:constructing a list of sheets suitable for replication on level:'LED_single', file:'LED_single.kicad_sch'
11-12 22:57:10 com_github_MitjaNemec_ReplicateLayout.replicate_layout 509:suitable sheets are:[['Bottom', 'LEDs_Bottom', 'LEDS_discreet', 'LED_single'], ['Bottom', 'LEDs_Bottom', 'LEDS_discreet', 'LED_single1'], ['Bottom', 'LEDs_Bottom', 'LEDS_discreet', 'LED_single2'], ['Bottom', 'LEDs_Bottom', 'LEDS_discreet', 'LED_single3'], ['Bottom', 'LEDs_Bottom', 'LEDS_discreet2', 'LED_single'], ['Bottom', 'LEDs_Bottom', 'LEDS_discreet2', 'LED_single1'], ['Bottom', 'LEDs_Bottom', 'LEDS_discreet2', 'LED_single2'], ['Bottom', 'LEDs_Bottom', 'LEDS_discreet2', 'LED_single3'], ['Bottom', 'LEDs_Bottom', 'LEDS_discreet3', 'LED_single'], ['Bottom', 'LEDs_Bottom', 'LEDS_discreet3', 'LED_single1'], ['Bottom', 'LEDs_Bottom', 'LEDS_discreet3', 'LED_single2'], ['Bottom', 'LEDs_Bottom', 'LEDS_discreet3', 'LED_single3'], ['Bottom', 'LEDs_Bottom', 'LEDS_discreet4', 'LED_single'], ['Bottom', 'LEDs_Bottom', 'LEDS_discreet4', 'LED_single1'], ['Bottom', 'LEDs_Bottom', 'LEDS_discreet4', 'LED_single2'], ['Bottom', 'LEDs_Bottom', 'LEDS_discreet4', 'LED_single3'], ['Bottom', 'LEDs_Bottom', 'LEDS_discreet5', 'LED_single'], ['Bottom', 'LEDs_Bottom', 'LEDS_discreet5', 'LED_single1'], ['Bottom', 'LEDs_Bottom', 'LEDS_discreet5', 'LED_single2'], ['Bottom', 'LEDs_Bottom', 'LEDS_discreet5', 'LED_single3'], ['Bottom', 'LEDs_Bottom', 'LEDS_discreet6', 'LED_single'], ['Bottom', 'LEDs_Bottom', 'LEDS_discreet6', 'LED_single1'], ['Bottom', 'LEDs_Bottom', 'LEDS_discreet6', 'LED_single2'], ['Bottom', 'LEDs_Bottom', 'LEDS_discreet6', 'LED_single3'], ['Bottom', 'LEDs_Bottom', 'LEDS_discreet7', 'LED_single'], ['Bottom', 'LEDs_Bottom', 'LEDS_discreet7', 'LED_single1'], ['Bottom', 'LEDs_Bottom', 'LEDS_discreet7', 'LED_single2'], ['Bottom', 'LEDs_Bottom', 'LEDS_discreet7', 'LED_single3'], ['Bottom', 'LEDs_Bottom', 'LEDS_discreet8', 'LED_single'], ['Bottom', 'LEDs_Bottom', 'LEDS_discreet8', 'LED_single1'], ['Bottom', 'LEDs_Bottom', 'LEDS_discreet8', 'LED_single2'], ['Bottom', 'LEDs_Bottom', 'LEDS_discreet8', 'LED_single3'], ['Top', 'LEDs_Bottom', 'LEDS_discreet', 'LED_single'], ['Top', 'LEDs_Bottom', 'LEDS_discreet', 'LED_single1'], ['Top', 'LEDs_Bottom', 'LEDS_discreet', 'LED_single2'], ['Top', 'LEDs_Bottom', 'LEDS_discreet', 'LED_single3'], ['Top', 'LEDs_Bottom', 'LEDS_discreet2', 'LED_single'], ['Top', 'LEDs_Bottom', 'LEDS_discreet2', 'LED_single1'], ['Top', 'LEDs_Bottom', 'LEDS_discreet2', 'LED_single2'], ['Top', 'LEDs_Bottom', 'LEDS_discreet2', 'LED_single3'], ['Top', 'LEDs_Bottom', 'LEDS_discreet3', 'LED_single'], ['Top', 'LEDs_Bottom', 'LEDS_discreet3', 'LED_single1'], ['Top', 'LEDs_Bottom', 'LEDS_discreet3', 'LED_single2'], ['Top', 'LEDs_Bottom', 'LEDS_discreet3', 'LED_single3'], ['Top', 'LEDs_Bottom', 'LEDS_discreet4', 'LED_single1'], ['Top', 'LEDs_Bottom', 'LEDS_discreet4', 'LED_single2'], ['Top', 'LEDs_Bottom', 'LEDS_discreet4', 'LED_single3'], ['Top', 'LEDs_Bottom', 'LEDS_discreet5', 'LED_single'], ['Top', 'LEDs_Bottom', 'LEDS_discreet5', 'LED_single1'], ['Top', 'LEDs_Bottom', 'LEDS_discreet5', 'LED_single2'], ['Top', 'LEDs_Bottom', 'LEDS_discreet5', 'LED_single3'], ['Top', 'LEDs_Bottom', 'LEDS_discreet6', 'LED_single'], ['Top', 'LEDs_Bottom', 'LEDS_discreet6', 'LED_single1'], ['Top', 'LEDs_Bottom', 'LEDS_discreet6', 'LED_single2'], ['Top', 'LEDs_Bottom', 'LEDS_discreet6', 'LED_single3'], ['Top', 'LEDs_Bottom', 'LEDS_discreet7', 'LED_single'], ['Top', 'LEDs_Bottom', 'LEDS_discreet7', 'LED_single1'], ['Top', 'LEDs_Bottom', 'LEDS_discreet7', 'LED_single2'], ['Top', 'LEDs_Bottom', 'LEDS_discreet7', 'LED_single3'], ['Top', 'LEDs_Bottom', 'LEDS_discreet8', 'LED_single'], ['Top', 'LEDs_Bottom', 'LEDS_discreet8', 'LED_single1'], ['Top', 'LEDs_Bottom', 'LEDS_discreet8', 'LED_single2'], ['Top', 'LEDs_Bottom', 'LEDS_discreet8', 'LED_single3']]
11-12 22:57:10 com_github_MitjaNemec_ReplicateLayout.action_replicate_layout 248:Replicating layout
11-12 22:57:11 com_github_MitjaNemec_ReplicateLayout.replicate_layout 288:Starting replication of sheets: [['Bottom', 'LEDs_Bottom', 'LEDS_discreet', 'LED_single'], ['Bottom', 'LEDs_Bottom', 'LEDS_discreet', 'LED_single1'], ['Bottom', 'LEDs_Bottom', 'LEDS_discreet', 'LED_single2'], ['Bottom', 'LEDs_Bottom', 'LEDS_discreet', 'LED_single3'], ['Bottom', 'LEDs_Bottom', 'LEDS_discreet2', 'LED_single'], ['Bottom', 'LEDs_Bottom', 'LEDS_discreet2', 'LED_single1'], ['Bottom', 'LEDs_Bottom', 'LEDS_discreet2', 'LED_single2'], ['Bottom', 'LEDs_Bottom', 'LEDS_discreet2', 'LED_single3'], ['Bottom', 'LEDs_Bottom', 'LEDS_discreet3', 'LED_single'], ['Bottom', 'LEDs_Bottom', 'LEDS_discreet3', 'LED_single1'], ['Bottom', 'LEDs_Bottom', 'LEDS_discreet3', 'LED_single2'], ['Bottom', 'LEDs_Bottom', 'LEDS_discreet3', 'LED_single3'], ['Bottom', 'LEDs_Bottom', 'LEDS_discreet4', 'LED_single'], ['Bottom', 'LEDs_Bottom', 'LEDS_discreet4', 'LED_single1'], ['Bottom', 'LEDs_Bottom', 'LEDS_discreet4', 'LED_single2'], ['Bottom', 'LEDs_Bottom', 'LEDS_discreet4', 'LED_single3'], ['Bottom', 'LEDs_Bottom', 'LEDS_discreet5', 'LED_single'], ['Bottom', 'LEDs_Bottom', 'LEDS_discreet5', 'LED_single1'], ['Bottom', 'LEDs_Bottom', 'LEDS_discreet5', 'LED_single2'], ['Bottom', 'LEDs_Bottom', 'LEDS_discreet5', 'LED_single3'], ['Bottom', 'LEDs_Bottom', 'LEDS_discreet6', 'LED_single'], ['Bottom', 'LEDs_Bottom', 'LEDS_discreet6', 'LED_single1'], ['Bottom', 'LEDs_Bottom', 'LEDS_discreet6', 'LED_single2'], ['Bottom', 'LEDs_Bottom', 'LEDS_discreet6', 'LED_single3'], ['Bottom', 'LEDs_Bottom', 'LEDS_discreet7', 'LED_single'], ['Bottom', 'LEDs_Bottom', 'LEDS_discreet7', 'LED_single1'], ['Bottom', 'LEDs_Bottom', 'LEDS_discreet7', 'LED_single2'], ['Bottom', 'LEDs_Bottom', 'LEDS_discreet7', 'LED_single3'], ['Bottom', 'LEDs_Bottom', 'LEDS_discreet8', 'LED_single'], ['Bottom', 'LEDs_Bottom', 'LEDS_discreet8', 'LED_single1'], ['Bottom', 'LEDs_Bottom', 'LEDS_discreet8', 'LED_single2'], ['Bottom', 'LEDs_Bottom', 'LEDS_discreet8', 'LED_single3'], ['Top', 'LEDs_Bottom', 'LEDS_discreet', 'LED_single'], ['Top', 'LEDs_Bottom', 'LEDS_discreet', 'LED_single1'], ['Top', 'LEDs_Bottom', 'LEDS_discreet', 'LED_single2'], ['Top', 'LEDs_Bottom', 'LEDS_discreet', 'LED_single3'], ['Top', 'LEDs_Bottom', 'LEDS_discreet2', 'LED_single'], ['Top', 'LEDs_Bottom', 'LEDS_discreet2', 'LED_single1'], ['Top', 'LEDs_Bottom', 'LEDS_discreet2', 'LED_single2'], ['Top', 'LEDs_Bottom', 'LEDS_discreet2', 'LED_single3'], ['Top', 'LEDs_Bottom', 'LEDS_discreet3', 'LED_single'], ['Top', 'LEDs_Bottom', 'LEDS_discreet3', 'LED_single1'], ['Top', 'LEDs_Bottom', 'LEDS_discreet3', 'LED_single2'], ['Top', 'LEDs_Bottom', 'LEDS_discreet3', 'LED_single3'], ['Top', 'LEDs_Bottom', 'LEDS_discreet4', 'LED_single1'], ['Top', 'LEDs_Bottom', 'LEDS_discreet4', 'LED_single2'], ['Top', 'LEDs_Bottom', 'LEDS_discreet4', 'LED_single3'], ['Top', 'LEDs_Bottom', 'LEDS_discreet5', 'LED_single'], ['Top', 'LEDs_Bottom', 'LEDS_discreet5', 'LED_single1'], ['Top', 'LEDs_Bottom', 'LEDS_discreet5', 'LED_single2'], ['Top', 'LEDs_Bottom', 'LEDS_discreet5', 'LED_single3'], ['Top', 'LEDs_Bottom', 'LEDS_discreet6', 'LED_single'], ['Top', 'LEDs_Bottom', 'LEDS_discreet6', 'LED_single1'], ['Top', 'LEDs_Bottom', 'LEDS_discreet6', 'LED_single2'], ['Top', 'LEDs_Bottom', 'LEDS_discreet6', 'LED_single3'], ['Top', 'LEDs_Bottom', 'LEDS_discreet7', 'LED_single'], ['Top', 'LEDs_Bottom', 'LEDS_discreet7', 'LED_single1'], ['Top', 'LEDs_Bottom', 'LEDS_discreet7', 'LED_single2'], ['Top', 'LEDs_Bottom', 'LEDS_discreet7', 'LED_single3'], ['Top', 'LEDs_Bottom', 'LEDS_discreet8', 'LED_single'], ['Top', 'LEDs_Bottom', 'LEDS_discreet8', 'LED_single1'], ['Top', 'LEDs_Bottom', 'LEDS_discreet8', 'LED_single2'], ['Top', 'LEDs_Bottom', 'LEDS_discreet8', 'LED_single3']]
on level: ['Top', 'LEDs_Bottom', 'LEDS_discreet4', 'LED_single']
with tracks=True, zone=False, text=False, text=False, intersecting=False, remove=False, locked footprints=False, group_only=True
11-12 22:57:11 root 340:updating GUI message: 'Preparing for replication'
11-12 22:57:11 root 345:updating GUI with: 0
11-12 22:57:11 com_github_MitjaNemec_ReplicateLayout.replicate_layout 358:Getting the list of source footprints
11-12 22:57:11 com_github_MitjaNemec_ReplicateLayout.replicate_layout 368:Getting the list of all the remaining footprints
11-12 22:57:11 com_github_MitjaNemec_ReplicateLayout.replicate_layout 375:Getting source tracks
11-12 22:57:11 com_github_MitjaNemec_ReplicateLayout.replicate_layout 1336:Filtering list of tracks
11-12 22:57:11 com_github_MitjaNemec_ReplicateLayout.replicate_layout 1342:Track group: , src group:
11-12 22:57:11 com_github_MitjaNemec_ReplicateLayout.replicate_layout 1342:Track group: , src group:
11-12 22:57:11 com_github_MitjaNemec_ReplicateLayout.replicate_layout 1342:Track group: , src group:
11-12 22:57:11 com_github_MitjaNemec_ReplicateLayout.replicate_layout 1342:Track group: , src group:
11-12 22:57:11 com_github_MitjaNemec_ReplicateLayout.replicate_layout 1342:Track group: , src group:
11-12 22:57:11 com_github_MitjaNemec_ReplicateLayout.replicate_layout 1342:Track group: , src group:
11-12 22:57:11 com_github_MitjaNemec_ReplicateLayout.replicate_layout 1342:Track group: , src group:
11-12 22:57:11 com_github_MitjaNemec_ReplicateLayout.replicate_layout 1342:Track group: , src group:
11-12 22:57:11 com_github_MitjaNemec_ReplicateLayout.replicate_layout 1342:Track group: , src group:
11-12 22:57:11 com_github_MitjaNemec_ReplicateLayout.replicate_layout 1342:Track group: , src group:
11-12 22:57:11 com_github_MitjaNemec_ReplicateLayout.replicate_layout 1342:Track group: , src group:
11-12 22:57:11 com_github_MitjaNemec_ReplicateLayout.replicate_layout 1342:Track group: , src group:
11-12 22:57:11 com_github_MitjaNemec_ReplicateLayout.replicate_layout 1342:Track group: , src group:
11-12 22:57:11 com_github_MitjaNemec_ReplicateLayout.replicate_layout 1342:Track group: , src group:
11-12 22:57:11 com_github_MitjaNemec_ReplicateLayout.replicate_layout 1342:Track group: , src group:
11-12 22:57:11 com_github_MitjaNemec_ReplicateLayout.replicate_layout 1342:Track group: , src group:
11-12 22:57:11 com_github_MitjaNemec_ReplicateLayout.replicate_layout 1342:Track group: , src group:
11-12 22:57:11 com_github_MitjaNemec_ReplicateLayout.replicate_layout 1342:Track group: , src group:
11-12 22:57:11 com_github_MitjaNemec_ReplicateLayout.replicate_layout 1342:Track group: , src group:
11-12 22:57:11 com_github_MitjaNemec_ReplicateLayout.replicate_layout 1342:Track group: , src group:
11-12 22:57:11 com_github_MitjaNemec_ReplicateLayout.replicate_layout 1342:Track group: , src group:
11-12 22:57:11 com_github_MitjaNemec_ReplicateLayout.replicate_layout 1342:Track group: , src group:
11-12 22:57:11 com_github_MitjaNemec_ReplicateLayout.replicate_layout 1342:Track group: , src group:
11-12 22:57:11 com_github_MitjaNemec_ReplicateLayout.replicate_layout 1342:Track group: , src group:
11-12 22:57:11 com_github_MitjaNemec_ReplicateLayout.replicate_layout 1342:Track group: , src group:
11-12 22:57:11 com_github_MitjaNemec_ReplicateLayout.replicate_layout 1342:Track group: , src group:
11-12 22:57:11 com_github_MitjaNemec_ReplicateLayout.replicate_layout 1342:Track group: , src group:
11-12 22:57:11 com_github_MitjaNemec_ReplicateLayout.replicate_layout 1342:Track group: , src group:
11-12 22:57:11 com_github_MitjaNemec_ReplicateLayout.replicate_layout 1342:Track group: , src group:
11-12 22:57:11 com_github_MitjaNemec_ReplicateLayout.replicate_layout 1342:Track group: , src group:
11-12 22:57:11 com_github_MitjaNemec_ReplicateLayout.replicate_layout 1342:Track group: , src group:
11-12 22:57:11 com_github_MitjaNemec_ReplicateLayout.replicate_layout 1342:Track group: , src group:
11-12 22:57:11 com_github_MitjaNemec_ReplicateLayout.replicate_layout 1342:Track group: , src group:
11-12 22:57:11 com_github_MitjaNemec_ReplicateLayout.replicate_layout 1342:Track group: , src group:
11-12 22:57:11 com_github_MitjaNemec_ReplicateLayout.replicate_layout 1342:Track group: , src group:
11-12 22:57:11 com_github_MitjaNemec_ReplicateLayout.replicate_layout 1342:Track group: , src group:
11-12 22:57:11 com_github_MitjaNemec_ReplicateLayout.replicate_layout 1342:Track group: , src group:
11-12 22:57:11 com_github_MitjaNemec_ReplicateLayout.replicate_layout 1342:Track group: , src group:
11-12 22:57:11 com_github_MitjaNemec_ReplicateLayout.replicate_layout 1342:Track group: , src group:
11-12 22:57:11 com_github_MitjaNemec_ReplicateLayout.replicate_layout 1342:Track group: , src group:
11-12 22:57:11 com_github_MitjaNemec_ReplicateLayout.replicate_layout 1342:Track group: , src group:
11-12 22:57:11 com_github_MitjaNemec_ReplicateLayout.replicate_layout 1342:Track group: , src group:
11-12 22:57:11 com_github_MitjaNemec_ReplicateLayout.replicate_layout 1342:Track group: , src group:
11-12 22:57:11 com_github_MitjaNemec_ReplicateLayout.replicate_layout 1342:Track group: , src group:
11-12 22:57:11 com_github_MitjaNemec_ReplicateLayout.replicate_layout 1342:Track group: , src group:
11-12 22:57:11 com_github_MitjaNemec_ReplicateLayout.replicate_layout 1342:Track group: , src group:
11-12 22:57:11 com_github_MitjaNemec_ReplicateLayout.replicate_layout 1342:Track group: , src group:
11-12 22:57:11 com_github_MitjaNemec_ReplicateLayout.replicate_layout 1342:Track group: , src group:
11-12 22:57:11 com_github_MitjaNemec_ReplicateLayout.replicate_layout 1342:Track group: , src group:
11-12 22:57:11 com_github_MitjaNemec_ReplicateLayout.replicate_layout 1342:Track group: , src group:
11-12 22:57:11 com_github_MitjaNemec_ReplicateLayout.replicate_layout 1342:Track group: , src group:
11-12 22:57:11 com_github_MitjaNemec_ReplicateLayout.replicate_layout 1342:Track group: , src group:
11-12 22:57:11 com_github_MitjaNemec_ReplicateLayout.replicate_layout 1342:Track group: , src group:
11-12 22:57:11 com_github_MitjaNemec_ReplicateLayout.replicate_layout 1342:Track group: , src group:
11-12 22:57:11 com_github_MitjaNemec_ReplicateLayout.replicate_layout 1342:Track group: , src group:
11-12 22:57:11 com_github_MitjaNemec_ReplicateLayout.replicate_layout 1342:Track group: , src group:
11-12 22:57:11 com_github_MitjaNemec_ReplicateLayout.replicate_layout 1342:Track group: , src group:
11-12 22:57:11 com_github_MitjaNemec_ReplicateLayout.replicate_layout 1342:Track group: , src group:
11-12 22:57:11 com_github_MitjaNemec_ReplicateLayout.replicate_layout 1342:Track group: , src group:
11-12 22:57:11 com_github_MitjaNemec_ReplicateLayout.replicate_layout 1342:Track group: , src group:
11-12 22:57:11 com_github_MitjaNemec_ReplicateLayout.replicate_layout 1342:Track group: , src group:
11-12 22:57:11 com_github_MitjaNemec_ReplicateLayout.replicate_layout 1342:Track group: , src group:
11-12 22:57:11 com_github_MitjaNemec_ReplicateLayout.replicate_layout 1342:Track group: , src group:
11-12 22:57:11 com_github_MitjaNemec_ReplicateLayout.replicate_layout 1342:Track group: , src group:
11-12 22:57:11 com_github_MitjaNemec_ReplicateLayout.replicate_layout 1342:Track group: , src group:
11-12 22:57:11 com_github_MitjaNemec_ReplicateLayout.replicate_layout 1342:Track group: , src group:
11-12 22:57:11 com_github_MitjaNemec_ReplicateLayout.replicate_layout 1342:Track group: , src group:
11-12 22:57:11 com_github_MitjaNemec_ReplicateLayout.replicate_layout 1342:Track group: , src group:
11-12 22:57:11 com_github_MitjaNemec_ReplicateLayout.replicate_layout 1342:Track group: , src group:
11-12 22:57:11 com_github_MitjaNemec_ReplicateLayout.replicate_layout 1342:Track group: , src group:
11-12 22:57:11 com_github_MitjaNemec_ReplicateLayout.replicate_layout 1342:Track group: , src group:
11-12 22:57:11 com_github_MitjaNemec_ReplicateLayout.replicate_layout 1342:Track group: ViaStitching /Top/GND, src group:
11-12 22:57:11 com_github_MitjaNemec_ReplicateLayout.replicate_layout 1342:Track group: ViaStitching /Top/GND, src group:
11-12 22:57:11 com_github_MitjaNemec_ReplicateLayout.replicate_layout 1342:Track group: ViaStitching /Top/GND, src group:
11-12 22:57:11 com_github_MitjaNemec_ReplicateLayout.replicate_layout 1342:Track group: ViaStitching /Top/GND, src group:
11-12 22:57:11 com_github_MitjaNemec_ReplicateLayout.replicate_layout 1342:Track group: ViaStitching /Top/GND, src group:
11-12 22:57:11 com_github_MitjaNemec_ReplicateLayout.replicate_layout 1342:Track group: ViaStitching /Top/GND, src group:
11-12 22:57:11 com_github_MitjaNemec_ReplicateLayout.replicate_layout 1342:Track group: ViaStitching /Top/GND, src group:
11-12 22:57:11 com_github_MitjaNemec_ReplicateLayout.replicate_layout 1342:Track group: ViaStitching /Top/GND, src group:
11-12 22:57:11 com_github_MitjaNemec_ReplicateLayout.replicate_layout 1342:Track group: ViaStitching /Top/GND, src group:
11-12 22:57:11 com_github_MitjaNemec_ReplicateLayout.replicate_layout 1342:Track group: ViaStitching /Top/GND, src group:
11-12 22:57:11 com_github_MitjaNemec_ReplicateLayout.replicate_layout 1342:Track group: ViaStitching /Top/GND, src group:
11-12 22:57:11 com_github_MitjaNemec_ReplicateLayout.replicate_layout 1342:Track group: ViaStitching /Top/GND, src group:
11-12 22:57:11 com_github_MitjaNemec_ReplicateLayout.replicate_layout 1342:Track group: ViaStitching /Top/GND, src group:
11-12 22:57:11 com_github_MitjaNemec_ReplicateLayout.replicate_layout 1342:Track group: ViaStitching /Top/GND, src group:
11-12 22:57:11 com_github_MitjaNemec_ReplicateLayout.replicate_layout 1342:Track group: ViaStitching /Top/GND, src group:
11-12 22:57:11 com_github_MitjaNemec_ReplicateLayout.replicate_layout 1342:Track group: ViaStitching /Top/GND, src group:
11-12 22:57:11 com_github_MitjaNemec_ReplicateLayout.replicate_layout 1342:Track group: ViaStitching /Top/GND, src group:
11-12 22:57:11 com_github_MitjaNemec_ReplicateLayout.replicate_layout 1342:Track group: ViaStitching /Top/GND, src group:
11-12 22:57:11 com_github_MitjaNemec_ReplicateLayout.replicate_layout 1342:Track group: ViaStitching /Top/GND, src group:
11-12 22:57:11 com_github_MitjaNemec_ReplicateLayout.replicate_layout 1342:Track group: ViaStitching /Top/GND, src group:
11-12 22:57:11 com_github_MitjaNemec_ReplicateLayout.replicate_layout 1342:Track group: ViaStitching /Top/GND, src group:
11-12 22:57:11 com_github_MitjaNemec_ReplicateLayout.replicate_layout 1342:Track group: ViaStitching /Top/GND, src group:
11-12 22:57:11 com_github_MitjaNemec_ReplicateLayout.replicate_layout 1342:Track group: ViaStitching /Top/GND, src group:
11-12 22:57:11 com_github_MitjaNemec_ReplicateLayout.replicate_layout 1342:Track group: ViaStitching /Top/GND, src group:
11-12 22:57:11 com_github_MitjaNemec_ReplicateLayout.replicate_layout 1342:Track group: ViaStitching /Top/GND, src group:
11-12 22:57:11 com_github_MitjaNemec_ReplicateLayout.replicate_layout 1342:Track group: ViaStitching /Top/GND, src group:
11-12 22:57:11 com_github_MitjaNemec_ReplicateLayout.replicate_layout 1342:Track group: ViaStitching /Top/GND, src group:
11-12 22:57:11 com_github_MitjaNemec_ReplicateLayout.replicate_layout 1342:Track group: ViaStitching /Top/GND, src group:
11-12 22:57:11 com_github_MitjaNemec_ReplicateLayout.replicate_layout 1342:Track group: ViaStitching /Top/GND, src group:
11-12 22:57:11 com_github_MitjaNemec_ReplicateLayout.replicate_layout 1342:Track group: ViaStitching /Top/GND, src group:
11-12 22:57:11 com_github_MitjaNemec_ReplicateLayout.replicate_layout 1342:Track group: ViaStitching /Top/GND, src group:
11-12 22:57:11 com_github_MitjaNemec_ReplicateLayout.replicate_layout 1342:Track group: ViaStitching /Top/GND, src group:
11-12 22:57:11 com_github_MitjaNemec_ReplicateLayout.replicate_layout 1342:Track group: ViaStitching /Top/GND, src group:
11-12 22:57:11 com_github_MitjaNemec_ReplicateLayout.replicate_layout 1342:Track group: ViaStitching /Top/GND, src group:
11-12 22:57:11 com_github_MitjaNemec_ReplicateLayout.replicate_layout 1342:Track group: ViaStitching /Top/GND, src group:
11-12 22:57:11 com_github_MitjaNemec_ReplicateLayout.replicate_layout 1342:Track group: ViaStitching /Top/GND, src group:
11-12 22:57:11 com_github_MitjaNemec_ReplicateLayout.replicate_layout 1342:Track group: ViaStitching /Top/GND, src group:
11-12 22:57:11 com_github_MitjaNemec_ReplicateLayout.replicate_layout 1342:Track group: ViaStitching /Top/GND, src group:
11-12 22:57:11 com_github_MitjaNemec_ReplicateLayout.replicate_layout 1342:Track group: ViaStitching /Top/GND, src group:
11-12 22:57:11 com_github_MitjaNemec_ReplicateLayout.replicate_layout 1342:Track group: ViaStitching /Top/GND, src group:
11-12 22:57:11 com_github_MitjaNemec_ReplicateLayout.replicate_layout 1342:Track group: ViaStitching /Top/GND, src group:
11-12 22:57:11 com_github_MitjaNemec_ReplicateLayout.replicate_layout 1342:Track group: ViaStitching /Top/GND, src group:
11-12 22:57:11 com_github_MitjaNemec_ReplicateLayout.replicate_layout 1342:Track group: ViaStitching /Top/GND, src group:
11-12 22:57:11 com_github_MitjaNemec_ReplicateLayout.replicate_layout 1342:Track group: ViaStitching /Top/GND, src group:
11-12 22:57:11 com_github_MitjaNemec_ReplicateLayout.replicate_layout 1342:Track group: ViaStitching /Top/GND, src group:
11-12 22:57:11 com_github_MitjaNemec_ReplicateLayout.replicate_layout 1342:Track group: ViaStitching /Top/GND, src group:
11-12 22:57:11 com_github_MitjaNemec_ReplicateLayout.replicate_layout 1342:Track group: ViaStitching /Top/GND, src group:
11-12 22:57:11 com_github_MitjaNemec_ReplicateLayout.replicate_layout 1342:Track group: ViaStitching /Top/GND, src group:
11-12 22:57:11 com_github_MitjaNemec_ReplicateLayout.replicate_layout 1342:Track group: ViaStitching /Top/GND, src group:
11-12 22:57:11 com_github_MitjaNemec_ReplicateLayout.replicate_layout 1342:Track group: ViaStitching /Top/GND, src group:
11-12 22:57:11 com_github_MitjaNemec_ReplicateLayout.replicate_layout 1342:Track group: ViaStitching /Top/GND, src group:
11-12 22:57:11 com_github_MitjaNemec_ReplicateLayout.replicate_layout 1342:Track group: ViaStitching /Top/GND, src group:
11-12 22:57:11 com_github_MitjaNemec_ReplicateLayout.replicate_layout 1342:Track group: ViaStitching /Top/GND, src group:
11-12 22:57:11 com_github_MitjaNemec_ReplicateLayout.replicate_layout 1342:Track group: ViaStitching /Top/GND, src group:
11-12 22:57:11 com_github_MitjaNemec_ReplicateLayout.replicate_layout 1342:Track group: ViaStitching /Top/GND, src group:
11-12 22:57:11 com_github_MitjaNemec_ReplicateLayout.replicate_layout 1342:Track group: ViaStitching /Top/GND, src group:
11-12 22:57:11 com_github_MitjaNemec_ReplicateLayout.replicate_layout 1342:Track group: ViaStitching /Top/GND, src group:
11-12 22:57:11 com_github_MitjaNemec_ReplicateLayout.replicate_layout 1342:Track group: ViaStitching /Top/GND, src group:
11-12 22:57:11 com_github_MitjaNemec_ReplicateLayout.replicate_layout 1342:Track group: ViaStitching /Top/GND, src group:
11-12 22:57:11 com_github_MitjaNemec_ReplicateLayout.replicate_layout 1342:Track group: ViaStitching /Top/GND, src group:
11-12 22:57:11 com_github_MitjaNemec_ReplicateLayout.replicate_layout 1342:Track group: ViaStitching /Top/GND, src group:
11-12 22:57:11 com_github_MitjaNemec_ReplicateLayout.replicate_layout 1342:Track group: ViaStitching /Top/GND, src group:
11-12 22:57:11 com_github_MitjaNemec_ReplicateLayout.replicate_layout 1342:Track group: ViaStitching /Top/GND, src group:
11-12 22:57:11 com_github_MitjaNemec_ReplicateLayout.replicate_layout 1342:Track group: ViaStitching /Top/GND, src group:
11-12 22:57:11 com_github_MitjaNemec_ReplicateLayout.replicate_layout 1342:Track group: ViaStitching /Top/GND, src group:
11-12 22:57:11 com_github_MitjaNemec_ReplicateLayout.replicate_layout 1342:Track group: ViaStitching /Top/GND, src group:
11-12 22:57:11 com_github_MitjaNemec_ReplicateLayout.replicate_layout 1342:Track group: ViaStitching /Top/GND, src group:
11-12 22:57:11 com_github_MitjaNemec_ReplicateLayout.replicate_layout 1342:Track group: ViaStitching /Top/GND, src group:
11-12 22:57:11 com_github_MitjaNemec_ReplicateLayout.replicate_layout 1342:Track group: ViaStitching /Top/GND, src group:
11-12 22:57:11 com_github_MitjaNemec_ReplicateLayout.replicate_layout 1342:Track group: ViaStitching /Top/GND, src group:
11-12 22:57:11 com_github_MitjaNemec_ReplicateLayout.replicate_layout 1342:Track group: ViaStitching /Top/GND, src group:
11-12 22:57:11 com_github_MitjaNemec_ReplicateLayout.replicate_layout 1342:Track group: ViaStitching /Top/GND, src group:
11-12 22:57:11 com_github_MitjaNemec_ReplicateLayout.replicate_layout 1342:Track group: ViaStitching /Top/GND, src group:
11-12 22:57:11 com_github_MitjaNemec_ReplicateLayout.replicate_layout 1342:Track group: ViaStitching /Top/GND, src group:
11-12 22:57:11 com_github_MitjaNemec_ReplicateLayout.replicate_layout 1342:Track group: ViaStitching /Top/GND, src group:
11-12 22:57:11 com_github_MitjaNemec_ReplicateLayout.replicate_layout 1342:Track group: ViaStitching /Top/GND, src group:
11-12 22:57:11 com_github_MitjaNemec_ReplicateLayout.replicate_layout 1342:Track group: ViaStitching /Top/GND, src group:
11-12 22:57:11 com_github_MitjaNemec_ReplicateLayout.replicate_layout 1342:Track group: ViaStitching /Top/GND, src group:
11-12 22:57:11 com_github_MitjaNemec_ReplicateLayout.replicate_layout 1342:Track group: ViaStitching /Top/GND, src group:
11-12 22:57:11 com_github_MitjaNemec_ReplicateLayout.replicate_layout 1342:Track group: ViaStitching /Top/GND, src group:
11-12 22:57:11 com_github_MitjaNemec_ReplicateLayout.replicate_layout 1342:Track group: ViaStitching /Top/GND, src group:
11-12 22:57:11 com_github_MitjaNemec_ReplicateLayout.replicate_layout 1342:Track group: ViaStitching /Top/GND, src group:
11-12 22:57:11 com_github_MitjaNemec_ReplicateLayout.replicate_layout 1342:Track group: ViaStitching /Top/GND, src group:
11-12 22:57:11 com_github_MitjaNemec_ReplicateLayout.replicate_layout 1342:Track group: ViaStitching /Top/GND, src group:
11-12 22:57:11 com_github_MitjaNemec_ReplicateLayout.replicate_layout 1342:Track group: ViaStitching /Top/GND, src group:
11-12 22:57:11 com_github_MitjaNemec_ReplicateLayout.replicate_layout 1342:Track group: ViaStitching /Top/GND, src group:
11-12 22:57:11 com_github_MitjaNemec_ReplicateLayout.replicate_layout 1342:Track group: ViaStitching /Top/GND, src group:
11-12 22:57:11 com_github_MitjaNemec_ReplicateLayout.replicate_layout 1342:Track group: ViaStitching /Top/GND, src group:
11-12 22:57:11 com_github_MitjaNemec_ReplicateLayout.replicate_layout 1342:Track group: ViaStitching /Top/GND, src group:
11-12 22:57:11 com_github_MitjaNemec_ReplicateLayout.replicate_layout 1342:Track group: ViaStitching /Top/GND, src group:
11-12 22:57:11 com_github_MitjaNemec_ReplicateLayout.replicate_layout 1342:Track group: ViaStitching /Top/GND, src group:
11-12 22:57:11 com_github_MitjaNemec_ReplicateLayout.replicate_layout 1342:Track group: ViaStitching /Top/GND, src group:
11-12 22:57:11 com_github_MitjaNemec_ReplicateLayout.replicate_layout 1342:Track group: ViaStitching /Top/GND, src group:
11-12 22:57:11 com_github_MitjaNemec_ReplicateLayout.replicate_layout 1342:Track group: ViaStitching /Top/GND, src group:
11-12 22:57:11 com_github_MitjaNemec_ReplicateLayout.replicate_layout 1342:Track group: ViaStitching /Top/GND, src group:
11-12 22:57:11 com_github_MitjaNemec_ReplicateLayout.replicate_layout 1342:Track group: ViaStitching /Top/GND, src group:
11-12 22:57:11 com_github_MitjaNemec_ReplicateLayout.replicate_layout 1342:Track group: , src group:
11-12 22:57:11 com_github_MitjaNemec_ReplicateLayout.replicate_layout 1342:Track group: , src group:
11-12 22:57:11 com_github_MitjaNemec_ReplicateLayout.replicate_layout 1342:Track group: , src group:
11-12 22:57:11 com_github_MitjaNemec_ReplicateLayout.replicate_layout 1342:Track group: , src group:
11-12 22:57:11 com_github_MitjaNemec_ReplicateLayout.replicate_layout 1342:Track group: , src group:
11-12 22:57:11 com_github_MitjaNemec_ReplicateLayout.replicate_layout 379:Getting source zones
11-12 22:57:11 root 345:updating GUI with: 50
11-12 22:57:11 com_github_MitjaNemec_ReplicateLayout.replicate_layout 383:Getting source text items
11-12 22:57:11 root 345:updating GUI with: 66
11-12 22:57:11 com_github_MitjaNemec_ReplicateLayout.replicate_layout 387:Getting source drawing items
11-12 22:57:11 root 340:updating GUI message: 'Replicating footprints'
11-12 22:57:11 root 345:updating GUI with: 0
11-12 22:57:11 com_github_MitjaNemec_ReplicateLayout.replicate_layout 863:Replicating footprints
11-12 22:57:11 com_github_MitjaNemec_ReplicateLayout.replicate_layout 870:Replicating footprints on sheet ['Bottom', 'LEDs_Bottom', 'LEDS_discreet', 'LED_single']
11-12 22:57:11 com_github_MitjaNemec_ReplicateLayout.replicate_layout 835:Src fp.id: '0C09B42A-D4DF-4F87-AFF4-5296AF118FDF'
11-12 22:57:11 com_github_MitjaNemec_ReplicateLayout.replicate_layout 839:Dst fp.id: '0C09B42A-D4DF-4F87-AFF4-5296AF118FDF'
11-12 22:57:11 com_github_MitjaNemec_ReplicateLayout.replicate_layout 888:Replicating footprint: 'U153'
11-12 22:57:11 com_github_MitjaNemec_ReplicateLayout.replicate_layout 835:Src fp.id: 'EB896E0D-DC1C-402A-A83E-7193E291B78E'
11-12 22:57:11 com_github_MitjaNemec_ReplicateLayout.replicate_layout 839:Dst fp.id: 'EB896E0D-DC1C-402A-A83E-7193E291B78E'
11-12 22:57:11 com_github_MitjaNemec_ReplicateLayout.replicate_layout 895:found match in dst footprint: 'U128'
11-12 22:57:11 com_github_MitjaNemec_ReplicateLayout.replicate_layout 990:Src text UUid:110b3224-b357-4118-9c08-b3fded705e4b
11-12 22:57:11 com_github_MitjaNemec_ReplicateLayout.replicate_layout 991:Dst text UUid:72500f7d-d6ff-4725-9f63-1d25ec187fe3
11-12 22:57:11 com_github_MitjaNemec_ReplicateLayout.replicate_layout 990:Src text UUid:b9e7f770-21cd-4948-9662-6e0ac7df885e
11-12 22:57:11 com_github_MitjaNemec_ReplicateLayout.replicate_layout 991:Dst text UUid:0f08c92b-406f-4c47-9e19-27138ddc1805
11-12 22:57:11 com_github_MitjaNemec_ReplicateLayout.replicate_layout 990:Src text UUid:eaba7cf7-101e-4672-ad3c-d50ac347e980
11-12 22:57:11 com_github_MitjaNemec_ReplicateLayout.replicate_layout 991:Dst text UUid:95a1c67b-f8cf-4e57-979b-090306afef08
11-12 22:57:11 com_github_MitjaNemec_ReplicateLayout.replicate_layout 888:Replicating footprint: 'R196'
11-12 22:57:11 com_github_MitjaNemec_ReplicateLayout.replicate_layout 835:Src fp.id: '28A8D9BC-2140-4FD7-9BA9-4E17A2CADB20'
11-12 22:57:11 com_github_MitjaNemec_ReplicateLayout.replicate_layout 839:Dst fp.id: '28A8D9BC-2140-4FD7-9BA9-4E17A2CADB20'
11-12 22:57:11 com_github_MitjaNemec_ReplicateLayout.replicate_layout 895:found match in dst footprint: 'R163'
11-12 22:57:11 com_github_MitjaNemec_ReplicateLayout.replicate_layout 990:Src text UUid:10a75789-866c-466a-b99e-1669393a4dc9
11-12 22:57:11 com_github_MitjaNemec_ReplicateLayout.replicate_layout 991:Dst text UUid:41f17d03-b060-4e00-bd65-b38746cbff8a
11-12 22:57:11 com_github_MitjaNemec_ReplicateLayout.replicate_layout 990:Src text UUid:26f5deef-302c-459b-9fc1-9a4618773440
11-12 22:57:11 com_github_MitjaNemec_ReplicateLayout.replicate_layout 991:Dst text UUid:c58d67d5-53b0-4ada-a634-cd03e59605b7
11-12 22:57:11 com_github_MitjaNemec_ReplicateLayout.replicate_layout 990:Src text UUid:a58fc8cd-c2ef-4a2e-8f35-9edf2c2f6adb
11-12 22:57:11 com_github_MitjaNemec_ReplicateLayout.replicate_layout 991:Dst text UUid:0e900a4d-27d1-40e2-bb66-3d1537ead2ba
11-12 22:57:11 com_github_MitjaNemec_ReplicateLayout.replicate_layout 888:Replicating footprint: 'R197'
11-12 22:57:11 com_github_MitjaNemec_ReplicateLayout.replicate_layout 835:Src fp.id: '55391442-DACB-4265-94E5-89EFFD14C302'
11-12 22:57:11 com_github_MitjaNemec_ReplicateLayout.replicate_layout 839:Dst fp.id: '55391442-DACB-4265-94E5-89EFFD14C302'
11-12 22:57:11 com_github_MitjaNemec_ReplicateLayout.replicate_layout 895:found match in dst footprint: 'R164'
11-12 22:57:11 com_github_MitjaNemec_ReplicateLayout.replicate_layout 990:Src text UUid:6cd10716-af31-44d4-bad9-a9da97fd4924
11-12 22:57:11 com_github_MitjaNemec_ReplicateLayout.replicate_layout 991:Dst text UUid:471c3064-99af-423a-afdd-974a8542042f
11-12 22:57:11 com_github_MitjaNemec_ReplicateLayout.replicate_layout 990:Src text UUid:65380ce8-601c-4762-983f-4bdb6ed67bde
11-12 22:57:11 com_github_MitjaNemec_ReplicateLayout.replicate_layout 991:Dst text UUid:f700c6eb-9da6-4b55-8cb9-b1383eb6982e
11-12 22:57:11 com_github_MitjaNemec_ReplicateLayout.replicate_layout 990:Src text UUid:94d012b9-077f-436c-a4d8-e5bb00c165ba
11-12 22:57:11 com_github_MitjaNemec_ReplicateLayout.replicate_layout 991:Dst text UUid:7742fb50-935e-4d87-a35a-b96e729c29fa
11-12 22:57:11 com_github_MitjaNemec_ReplicateLayout.replicate_layout 888:Replicating footprint: 'U152'
11-12 22:57:11 com_github_MitjaNemec_ReplicateLayout.replicate_layout 835:Src fp.id: '62B3827C-A320-4AD6-A424-1485EF65900D'
11-12 22:57:11 com_github_MitjaNemec_ReplicateLayout.replicate_layout 839:Dst fp.id: '62B3827C-A320-4AD6-A424-1485EF65900D'
11-12 22:57:11 com_github_MitjaNemec_ReplicateLayout.replicate_layout 895:found match in dst footprint: 'U267'
11-12 22:57:11 com_github_MitjaNemec_ReplicateLayout.replicate_layout 990:Src text UUid:c50c72b1-94e3-4159-a219-37f741e82a7c
11-12 22:57:11 com_github_MitjaNemec_ReplicateLayout.replicate_layout 991:Dst text UUid:f8a9f5ca-b59a-453c-b9e0-2e24721fe444
11-12 22:57:11 com_github_MitjaNemec_ReplicateLayout.replicate_layout 990:Src text UUid:292e74a5-6b55-4359-be57-8b0026051126
11-12 22:57:11 com_github_MitjaNemec_ReplicateLayout.replicate_layout 991:Dst text UUid:e7e38ecf-9143-48dd-8df1-6b4222e01acf
11-12 22:57:11 com_github_MitjaNemec_ReplicateLayout.replicate_layout 990:Src text UUid:22c9f63c-bdf9-47e9-ae01-74d81cfbd908
11-12 22:57:11 com_github_MitjaNemec_ReplicateLayout.replicate_layout 991:Dst text UUid:9556aebe-2562-42c0-addc-43ebb8e831ba
11-12 22:57:11 com_github_MitjaNemec_ReplicateLayout.replicate_layout 888:Replicating footprint: 'R198'
11-12 22:57:11 com_github_MitjaNemec_ReplicateLayout.replicate_layout 835:Src fp.id: '2D77C678-F455-47D6-93BD-3ED95A089C96'
11-12 22:57:11 com_github_MitjaNemec_ReplicateLayout.replicate_layout 839:Dst fp.id: '2D77C678-F455-47D6-93BD-3ED95A089C96'
11-12 22:57:11 com_github_MitjaNemec_ReplicateLayout.replicate_layout 895:found match in dst footprint: 'R165'
11-12 22:57:11 com_github_MitjaNemec_ReplicateLayout.replicate_layout 990:Src text UUid:026024b2-ee3d-495c-b376-571543d60a54
11-12 22:57:11 com_github_MitjaNemec_ReplicateLayout.replicate_layout 991:Dst text UUid:60bcf081-e708-492d-8a66-b8add3a96828
11-12 22:57:11 com_github_MitjaNemec_ReplicateLayout.replicate_layout 990:Src text UUid:23dd6946-9981-4c83-9d25-050d5e9bece6
11-12 22:57:11 com_github_MitjaNemec_ReplicateLayout.replicate_layout 991:Dst text UUid:80cf528b-e374-4b10-b2fd-22dd4b231146
11-12 22:57:11 com_github_MitjaNemec_ReplicateLayout.replicate_layout 990:Src text UUid:8cb67b8b-8668-4222-8264-d0248233162e
11-12 22:57:11 com_github_MitjaNemec_ReplicateLayout.replicate_layout 991:Dst text UUid:c4790e6b-f3f8-4633-b721-642bd359b511
11-12 22:57:11 com_github_MitjaNemec_ReplicateLayout.replicate_layout 888:Replicating footprint: 'LED143'
11-12 22:57:11 com_github_MitjaNemec_ReplicateLayout.replicate_layout 835:Src fp.id: '2ABC1D4C-0E8C-4F90-9BF0-DF151C3D99F0'
11-12 22:57:11 com_github_MitjaNemec_ReplicateLayout.replicate_layout 839:Dst fp.id: '2ABC1D4C-0E8C-4F90-9BF0-DF151C3D99F0'
11-12 22:57:11 com_github_MitjaNemec_ReplicateLayout.replicate_layout 895:found match in dst footprint: 'LED110'
11-12 22:57:11 com_github_MitjaNemec_ReplicateLayout.replicate_layout 990:Src text UUid:cb110f2a-a8eb-4aca-b5bc-ff7ccb902aef
11-12 22:57:11 com_github_MitjaNemec_ReplicateLayout.replicate_layout 991:Dst text UUid:b7cf36b3-ad15-44fe-a382-edcd8e8fd12e
11-12 22:57:11 com_github_MitjaNemec_ReplicateLayout.replicate_layout 990:Src text UUid:cbc54092-ef49-4a91-b324-f6377248bdf9
11-12 22:57:11 com_github_MitjaNemec_ReplicateLayout.replicate_layout 991:Dst text UUid:4ff65b07-cb3a-4e66-9180-0af262aed303
11-12 22:57:11 com_github_MitjaNemec_ReplicateLayout.replicate_layout 990:Src text UUid:a432e7aa-3bd5-4cba-b765-9f5f9481582e
11-12 22:57:11 com_github_MitjaNemec_ReplicateLayout.replicate_layout 991:Dst text UUid:90a6abd7-daaf-4dd1-ab72-d2e92958111c
11-12 22:57:11 com_github_MitjaNemec_ReplicateLayout.replicate_layout 888:Replicating footprint: 'LED142'
11-12 22:57:11 com_github_MitjaNemec_ReplicateLayout.replicate_layout 835:Src fp.id: '0C09B42A-D4DF-4F87-AFF4-5296AF118FDF'
11-12 22:57:11 com_github_MitjaNemec_ReplicateLayout.replicate_layout 839:Dst fp.id: '0C09B42A-D4DF-4F87-AFF4-5296AF118FDF'
11-12 22:57:11 com_github_MitjaNemec_ReplicateLayout.replicate_layout 895:found match in dst footprint: 'LED109'
11-12 22:57:11 com_github_MitjaNemec_ReplicateLayout.replicate_layout 990:Src text UUid:9463e9d6-02d6-4857-9f39-9338e5245ef5
11-12 22:57:11 com_github_MitjaNemec_ReplicateLayout.replicate_layout 991:Dst text UUid:caa1a3f0-bb16-471f-902b-63f6d0446b3a
11-12 22:57:11 com_github_MitjaNemec_ReplicateLayout.replicate_layout 990:Src text UUid:0739365c-df74-44fd-a386-04c3841e72b1
11-12 22:57:11 com_github_MitjaNemec_ReplicateLayout.replicate_layout 991:Dst text UUid:883da74f-ff45-45aa-8e8d-4f6621637ef5
11-12 22:57:11 com_github_MitjaNemec_ReplicateLayout.replicate_layout 990:Src text UUid:5d666820-e369-4ddd-b676-a3f134ad7960
11-12 22:57:11 com_github_MitjaNemec_ReplicateLayout.replicate_layout 991:Dst text UUid:c21fa052-7fd9-469a-94cc-56b6a352b7b4
11-12 22:57:11 com_github_MitjaNemec_ReplicateLayout.replicate_layout 888:Replicating footprint: 'LED144'
11-12 22:57:11 com_github_MitjaNemec_ReplicateLayout.replicate_layout 835:Src fp.id: '0810E186-22BD-4094-A943-28056DB37E18'
11-12 22:57:11 com_github_MitjaNemec_ReplicateLayout.replicate_layout 839:Dst fp.id: '0810E186-22BD-4094-A943-28056DB37E18'
11-12 22:57:11 com_github_MitjaNemec_ReplicateLayout.replicate_layout 895:found match in dst footprint: 'LED111'
11-12 22:57:11 com_github_MitjaNemec_ReplicateLayout.replicate_layout 990:Src text UUid:d4f51115-0b40-4019-a418-64c3b5390a72
11-12 22:57:11 com_github_MitjaNemec_ReplicateLayout.replicate_layout 991:Dst text UUid:ce8af680-0758-4d73-986d-3e511df05d97
11-12 22:57:11 com_github_MitjaNemec_ReplicateLayout.replicate_layout 990:Src text UUid:0ff00c33-2d97-415c-a383-5b222a06a46e
11-12 22:57:11 com_github_MitjaNemec_ReplicateLayout.replicate_layout 991:Dst text UUid:54130417-a731-4416-8138-7def397bb5c9
11-12 22:57:11 com_github_MitjaNemec_ReplicateLayout.replicate_layout 990:Src text UUid:dde8ebf1-c0d6-4c52-86e2-7e3a65d80d5a
11-12 22:57:11 com_github_MitjaNemec_ReplicateLayout.replicate_layout 991:Dst text UUid:4d27bb50-d7f3-425e-9e6a-2a258b2f83ce
11-12 22:57:11 com_github_MitjaNemec_ReplicateLayout.replicate_layout 870:Replicating footprints on sheet ['Bottom', 'LEDs_Bottom', 'LEDS_discreet', 'LED_single1']
11-12 22:57:11 com_github_MitjaNemec_ReplicateLayout.replicate_layout 835:Src fp.id: '0C09B42A-D4DF-4F87-AFF4-5296AF118FDF'
11-12 22:57:11 com_github_MitjaNemec_ReplicateLayout.replicate_layout 839:Dst fp.id: '0C09B42A-D4DF-4F87-AFF4-5296AF118FDF'
11-12 22:57:11 com_github_MitjaNemec_ReplicateLayout.replicate_layout 888:Replicating footprint: 'U153'
11-12 22:57:11 com_github_MitjaNemec_ReplicateLayout.replicate_layout 835:Src fp.id: 'EB896E0D-DC1C-402A-A83E-7193E291B78E'
11-12 22:57:11 com_github_MitjaNemec_ReplicateLayout.replicate_layout 839:Dst fp.id: 'EB896E0D-DC1C-402A-A83E-7193E291B78E'
11-12 22:57:11 com_github_MitjaNemec_ReplicateLayout.replicate_layout 895:found match in dst footprint: 'U122'
11-12 22:57:11 com_github_MitjaNemec_ReplicateLayout.replicate_layout 990:Src text UUid:110b3224-b357-4118-9c08-b3fded705e4b
11-12 22:57:11 com_github_MitjaNemec_ReplicateLayout.replicate_layout 991:Dst text UUid:e4f2a430-365b-43b3-9140-2985b72325c5
11-12 22:57:11 com_github_MitjaNemec_ReplicateLayout.replicate_layout 990:Src text UUid:b9e7f770-21cd-4948-9662-6e0ac7df885e
11-12 22:57:11 com_github_MitjaNemec_ReplicateLayout.replicate_layout 991:Dst text UUid:9a4f8962-0944-4015-b3d5-9c0e3b480f82
11-12 22:57:11 com_github_MitjaNemec_ReplicateLayout.replicate_layout 990:Src text UUid:eaba7cf7-101e-4672-ad3c-d50ac347e980
11-12 22:57:11 com_github_MitjaNemec_ReplicateLayout.replicate_layout 991:Dst text UUid:08c8c430-0be1-44cd-9e0a-666425a806a2
11-12 22:57:11 com_github_MitjaNemec_ReplicateLayout.replicate_layout 888:Replicating footprint: 'R196'
11-12 22:57:11 com_github_MitjaNemec_ReplicateLayout.replicate_layout 835:Src fp.id: '28A8D9BC-2140-4FD7-9BA9-4E17A2CADB20'
11-12 22:57:11 com_github_MitjaNemec_ReplicateLayout.replicate_layout 839:Dst fp.id: '28A8D9BC-2140-4FD7-9BA9-4E17A2CADB20'
11-12 22:57:11 com_github_MitjaNemec_ReplicateLayout.replicate_layout 895:found match in dst footprint: 'R155'
11-12 22:57:11 com_github_MitjaNemec_ReplicateLayout.replicate_layout 990:Src text UUid:10a75789-866c-466a-b99e-1669393a4dc9
11-12 22:57:11 com_github_MitjaNemec_ReplicateLayout.replicate_layout 991:Dst text UUid:b08e034d-94e4-48b0-bd3e-78cfb112b501
11-12 22:57:11 com_github_MitjaNemec_ReplicateLayout.replicate_layout 990:Src text UUid:26f5deef-302c-459b-9fc1-9a4618773440
11-12 22:57:11 com_github_MitjaNemec_ReplicateLayout.replicate_layout 991:Dst text UUid:9f8cd181-3a41-4ef0-b00f-459b99edbc39
11-12 22:57:11 com_github_MitjaNemec_ReplicateLayout.replicate_layout 990:Src text UUid:a58fc8cd-c2ef-4a2e-8f35-9edf2c2f6adb
11-12 22:57:11 com_github_MitjaNemec_ReplicateLayout.replicate_layout 991:Dst text UUid:98762e64-a714-494e-95fb-1ab4346bd358
11-12 22:57:11 com_github_MitjaNemec_ReplicateLayout.replicate_layout 888:Replicating footprint: 'R197'
11-12 22:57:11 com_github_MitjaNemec_ReplicateLayout.replicate_layout 835:Src fp.id: '55391442-DACB-4265-94E5-89EFFD14C302'
11-12 22:57:11 com_github_MitjaNemec_ReplicateLayout.replicate_layout 839:Dst fp.id: '55391442-DACB-4265-94E5-89EFFD14C302'
11-12 22:57:11 com_github_MitjaNemec_ReplicateLayout.replicate_layout 895:found match in dst footprint: 'R156'
11-12 22:57:11 com_github_MitjaNemec_ReplicateLayout.replicate_layout 990:Src text UUid:6cd10716-af31-44d4-bad9-a9da97fd4924
11-12 22:57:11 com_github_MitjaNemec_ReplicateLayout.replicate_layout 991:Dst text UUid:2eed0147-09eb-4d2c-af6b-5c79abf4c794
11-12 22:57:11 com_github_MitjaNemec_ReplicateLayout.replicate_layout 990:Src text UUid:65380ce8-601c-4762-983f-4bdb6ed67bde
11-12 22:57:11 com_github_MitjaNemec_ReplicateLayout.replicate_layout 991:Dst text UUid:c6205185-bb9f-4c7d-86a4-97fdc6b9bcb8
11-12 22:57:11 com_github_MitjaNemec_ReplicateLayout.replicate_layout 990:Src text UUid:94d012b9-077f-436c-a4d8-e5bb00c165ba
11-12 22:57:11 com_github_MitjaNemec_ReplicateLayout.replicate_layout 991:Dst text UUid:e7a8fdf7-9f6c-4471-8a3a-e7e1e92cf3c4
11-12 22:57:11 com_github_MitjaNemec_ReplicateLayout.replicate_layout 888:Replicating footprint: 'U152'
11-12 22:57:11 com_github_MitjaNemec_ReplicateLayout.replicate_layout 835:Src fp.id: '62B3827C-A320-4AD6-A424-1485EF65900D'
11-12 22:57:11 com_github_MitjaNemec_ReplicateLayout.replicate_layout 839:Dst fp.id: '62B3827C-A320-4AD6-A424-1485EF65900D'
11-12 22:57:11 com_github_MitjaNemec_ReplicateLayout.replicate_layout 895:found match in dst footprint: 'U121'
11-12 22:57:11 com_github_MitjaNemec_ReplicateLayout.replicate_layout 990:Src text UUid:c50c72b1-94e3-4159-a219-37f741e82a7c
11-12 22:57:11 com_github_MitjaNemec_ReplicateLayout.replicate_layout 991:Dst text UUid:ad39bcc5-be4b-4b5c-afc0-cf6e7461d19c
11-12 22:57:11 com_github_MitjaNemec_ReplicateLayout.replicate_layout 990:Src text UUid:292e74a5-6b55-4359-be57-8b0026051126
11-12 22:57:11 com_github_MitjaNemec_ReplicateLayout.replicate_layout 991:Dst text UUid:eb040101-781c-4042-a149-ee6d4cc1252e
11-12 22:57:11 com_github_MitjaNemec_ReplicateLayout.replicate_layout 990:Src text UUid:22c9f63c-bdf9-47e9-ae01-74d81cfbd908
11-12 22:57:11 com_github_MitjaNemec_ReplicateLayout.replicate_layout 991:Dst text UUid:6d2b6f71-a53f-490a-99dd-8c589a743350
11-12 22:57:11 com_github_MitjaNemec_ReplicateLayout.replicate_layout 888:Replicating footprint: 'R198'
11-12 22:57:11 com_github_MitjaNemec_ReplicateLayout.replicate_layout 835:Src fp.id: '2D77C678-F455-47D6-93BD-3ED95A089C96'
11-12 22:57:11 com_github_MitjaNemec_ReplicateLayout.replicate_layout 839:Dst fp.id: '2D77C678-F455-47D6-93BD-3ED95A089C96'
11-12 22:57:11 com_github_MitjaNemec_ReplicateLayout.replicate_layout 895:found match in dst footprint: 'R157'
11-12 22:57:11 com_github_MitjaNemec_ReplicateLayout.replicate_layout 990:Src text UUid:026024b2-ee3d-495c-b376-571543d60a54
11-12 22:57:11 com_github_MitjaNemec_ReplicateLayout.replicate_layout 991:Dst text UUid:7bbb443a-d561-4201-9c54-0f49333faab7
11-12 22:57:11 com_github_MitjaNemec_ReplicateLayout.replicate_layout 990:Src text UUid:23dd6946-9981-4c83-9d25-050d5e9bece6
11-12 22:57:11 com_github_MitjaNemec_ReplicateLayout.replicate_layout 991:Dst text UUid:96a1a2fe-48a9-4adf-afbb-87aacb262a4b
11-12 22:57:11 com_github_MitjaNemec_ReplicateLayout.replicate_layout 990:Src text UUid:8cb67b8b-8668-4222-8264-d0248233162e
11-12 22:57:11 com_github_MitjaNemec_ReplicateLayout.replicate_layout 991:Dst text UUid:03408a18-8274-418a-9f26-a6851863785d
11-12 22:57:11 com_github_MitjaNemec_ReplicateLayout.replicate_layout 888:Replicating footprint: 'LED143'
11-12 22:57:11 com_github_MitjaNemec_ReplicateLayout.replicate_layout 835:Src fp.id: '2ABC1D4C-0E8C-4F90-9BF0-DF151C3D99F0'
11-12 22:57:11 com_github_MitjaNemec_ReplicateLayout.replicate_layout 839:Dst fp.id: '2ABC1D4C-0E8C-4F90-9BF0-DF151C3D99F0'
11-12 22:57:11 com_github_MitjaNemec_ReplicateLayout.replicate_layout 895:found match in dst footprint: 'LED105'
11-12 22:57:11 com_github_MitjaNemec_ReplicateLayout.replicate_layout 990:Src text UUid:cb110f2a-a8eb-4aca-b5bc-ff7ccb902aef
11-12 22:57:11 com_github_MitjaNemec_ReplicateLayout.replicate_layout 991:Dst text UUid:0f49fde2-70f4-4968-aa4c-ce6b95bfcaa4
11-12 22:57:11 com_github_MitjaNemec_ReplicateLayout.replicate_layout 990:Src text UUid:cbc54092-ef49-4a91-b324-f6377248bdf9
11-12 22:57:11 com_github_MitjaNemec_ReplicateLayout.replicate_layout 991:Dst text UUid:0cc3e016-e53d-4fac-9aeb-2bd517f1b395
11-12 22:57:11 com_github_MitjaNemec_ReplicateLayout.replicate_layout 990:Src text UUid:a432e7aa-3bd5-4cba-b765-9f5f9481582e
11-12 22:57:11 com_github_MitjaNemec_ReplicateLayout.replicate_layout 991:Dst text UUid:af847a03-2b91-4ba1-9ce8-3a5edd0ed6e7
11-12 22:57:11 com_github_MitjaNemec_ReplicateLayout.replicate_layout 888:Replicating footprint: 'LED142'
11-12 22:57:11 com_github_MitjaNemec_ReplicateLayout.replicate_layout 835:Src fp.id: '0C09B42A-D4DF-4F87-AFF4-5296AF118FDF'
11-12 22:57:11 com_github_MitjaNemec_ReplicateLayout.replicate_layout 839:Dst fp.id: '0C09B42A-D4DF-4F87-AFF4-5296AF118FDF'
11-12 22:57:11 com_github_MitjaNemec_ReplicateLayout.replicate_layout 895:found match in dst footprint: 'LED104'
11-12 22:57:11 com_github_MitjaNemec_ReplicateLayout.replicate_layout 990:Src text UUid:9463e9d6-02d6-4857-9f39-9338e5245ef5
11-12 22:57:11 com_github_MitjaNemec_ReplicateLayout.replicate_layout 991:Dst text UUid:bc689760-30fb-4e19-aa53-4449408381d8
11-12 22:57:11 com_github_MitjaNemec_ReplicateLayout.replicate_layout 990:Src text UUid:0739365c-df74-44fd-a386-04c3841e72b1
11-12 22:57:11 com_github_MitjaNemec_ReplicateLayout.replicate_layout 991:Dst text UUid:2d6a9174-3a83-43b3-a7af-1efe9e2908cb
11-12 22:57:11 com_github_MitjaNemec_ReplicateLayout.replicate_layout 990:Src text UUid:5d666820-e369-4ddd-b676-a3f134ad7960
11-12 22:57:11 com_github_MitjaNemec_ReplicateLayout.replicate_layout 991:Dst text UUid:bcd3aca9-b317-45af-a727-5c60bbf016ed
11-12 22:57:11 com_github_MitjaNemec_ReplicateLayout.replicate_layout 888:Replicating footprint: 'LED144'
11-12 22:57:11 com_github_MitjaNemec_ReplicateLayout.replicate_layout 835:Src fp.id: '0810E186-22BD-4094-A943-28056DB37E18'
11-12 22:57:11 com_github_MitjaNemec_ReplicateLayout.replicate_layout 839:Dst fp.id: '0810E186-22BD-4094-A943-28056DB37E18'
11-12 22:57:11 com_github_MitjaNemec_ReplicateLayout.replicate_layout 895:found match in dst footprint: 'LED106'
11-12 22:57:11 com_github_MitjaNemec_ReplicateLayout.replicate_layout 990:Src text UUid:d4f51115-0b40-4019-a418-64c3b5390a72
11-12 22:57:11 com_github_MitjaNemec_ReplicateLayout.replicate_layout 991:Dst text UUid:a44f687a-b8a2-4c0a-aedb-42fdf554c234
11-12 22:57:11 com_github_MitjaNemec_ReplicateLayout.replicate_layout 990:Src text UUid:0ff00c33-2d97-415c-a383-5b222a06a46e
11-12 22:57:11 com_github_MitjaNemec_ReplicateLayout.replicate_layout 991:Dst text UUid:de0efe11-c6c6-458c-96cd-491b660b20db
11-12 22:57:11 com_github_MitjaNemec_ReplicateLayout.replicate_layout 990:Src text UUid:dde8ebf1-c0d6-4c52-86e2-7e3a65d80d5a
11-12 22:57:11 com_github_MitjaNemec_ReplicateLayout.replicate_layout 991:Dst text UUid:1e2cc59b-22a7-4074-b563-993d0b7013b9
11-12 22:57:11 root 345:updating GUI with: 3
11-12 22:57:11 com_github_MitjaNemec_ReplicateLayout.replicate_layout 870:Replicating footprints on sheet ['Bottom', 'LEDs_Bottom', 'LEDS_discreet', 'LED_single2']
11-12 22:57:11 com_github_MitjaNemec_ReplicateLayout.replicate_layout 835:Src fp.id: '0C09B42A-D4DF-4F87-AFF4-5296AF118FDF'
11-12 22:57:11 com_github_MitjaNemec_ReplicateLayout.replicate_layout 839:Dst fp.id: '0C09B42A-D4DF-4F87-AFF4-5296AF118FDF'
11-12 22:57:11 com_github_MitjaNemec_ReplicateLayout.replicate_layout 888:Replicating footprint: 'U153'
11-12 22:57:11 com_github_MitjaNemec_ReplicateLayout.replicate_layout 835:Src fp.id: 'EB896E0D-DC1C-402A-A83E-7193E291B78E'
11-12 22:57:11 com_github_MitjaNemec_ReplicateLayout.replicate_layout 839:Dst fp.id: 'EB896E0D-DC1C-402A-A83E-7193E291B78E'
11-12 22:57:11 com_github_MitjaNemec_ReplicateLayout.replicate_layout 895:found match in dst footprint: 'U150'
11-12 22:57:11 com_github_MitjaNemec_ReplicateLayout.replicate_layout 990:Src text UUid:110b3224-b357-4118-9c08-b3fded705e4b
11-12 22:57:11 com_github_MitjaNemec_ReplicateLayout.replicate_layout 991:Dst text UUid:08d7b096-51b2-49c2-ac5a-0c2ba65cb5c9
11-12 22:57:11 com_github_MitjaNemec_ReplicateLayout.replicate_layout 990:Src text UUid:b9e7f770-21cd-4948-9662-6e0ac7df885e
11-12 22:57:11 com_github_MitjaNemec_ReplicateLayout.replicate_layout 991:Dst text UUid:c24b099d-5508-4b9a-8adb-8aee831c2b69
11-12 22:57:11 com_github_MitjaNemec_ReplicateLayout.replicate_layout 990:Src text UUid:eaba7cf7-101e-4672-ad3c-d50ac347e980
11-12 22:57:11 com_github_MitjaNemec_ReplicateLayout.replicate_layout 991:Dst text UUid:6abb9841-9680-4d4a-82b6-cc1e2de684ba
11-12 22:57:11 com_github_MitjaNemec_ReplicateLayout.replicate_layout 888:Replicating footprint: 'R196'
11-12 22:57:11 com_github_MitjaNemec_ReplicateLayout.replicate_layout 835:Src fp.id: '28A8D9BC-2140-4FD7-9BA9-4E17A2CADB20'
11-12 22:57:11 com_github_MitjaNemec_ReplicateLayout.replicate_layout 839:Dst fp.id: '28A8D9BC-2140-4FD7-9BA9-4E17A2CADB20'
11-12 22:57:11 com_github_MitjaNemec_ReplicateLayout.replicate_layout 895:found match in dst footprint: 'R193'
11-12 22:57:11 com_github_MitjaNemec_ReplicateLayout.replicate_layout 990:Src text UUid:10a75789-866c-466a-b99e-1669393a4dc9
11-12 22:57:11 com_github_MitjaNemec_ReplicateLayout.replicate_layout 991:Dst text UUid:eb2c273e-ca0d-4eb6-bda9-18aed5816dfe
11-12 22:57:11 com_github_MitjaNemec_ReplicateLayout.replicate_layout 990:Src text UUid:26f5deef-302c-459b-9fc1-9a4618773440
11-12 22:57:11 com_github_MitjaNemec_ReplicateLayout.replicate_layout 991:Dst text UUid:dcd9ae2b-8e6b-4ffe-85b2-d5b46c42277b
11-12 22:57:11 com_github_MitjaNemec_ReplicateLayout.replicate_layout 990:Src text UUid:a58fc8cd-c2ef-4a2e-8f35-9edf2c2f6adb
11-12 22:57:11 com_github_MitjaNemec_ReplicateLayout.replicate_layout 991:Dst text UUid:dc274897-cd65-4198-930a-dc80fdc1c3f2
11-12 22:57:11 com_github_MitjaNemec_ReplicateLayout.replicate_layout 888:Replicating footprint: 'R197'
11-12 22:57:11 com_github_MitjaNemec_ReplicateLayout.replicate_layout 835:Src fp.id: '55391442-DACB-4265-94E5-89EFFD14C302'
11-12 22:57:11 com_github_MitjaNemec_ReplicateLayout.replicate_layout 839:Dst fp.id: '55391442-DACB-4265-94E5-89EFFD14C302'
11-12 22:57:11 com_github_MitjaNemec_ReplicateLayout.replicate_layout 895:found match in dst footprint: 'R194'
11-12 22:57:11 com_github_MitjaNemec_ReplicateLayout.replicate_layout 990:Src text UUid:6cd10716-af31-44d4-bad9-a9da97fd4924
11-12 22:57:11 com_github_MitjaNemec_ReplicateLayout.replicate_layout 991:Dst text UUid:5b18ec6c-d40c-4b4a-bc46-e6c72678f12a
11-12 22:57:11 com_github_MitjaNemec_ReplicateLayout.replicate_layout 990:Src text UUid:65380ce8-601c-4762-983f-4bdb6ed67bde
11-12 22:57:11 com_github_MitjaNemec_ReplicateLayout.replicate_layout 991:Dst text UUid:a4e06566-d6b1-4252-a412-67e9fb59eac3
11-12 22:57:11 com_github_MitjaNemec_ReplicateLayout.replicate_layout 990:Src text UUid:94d012b9-077f-436c-a4d8-e5bb00c165ba
11-12 22:57:11 com_github_MitjaNemec_ReplicateLayout.replicate_layout 991:Dst text UUid:c001298c-b796-4125-8154-9ba6662027be
11-12 22:57:11 com_github_MitjaNemec_ReplicateLayout.replicate_layout 888:Replicating footprint: 'U152'
11-12 22:57:11 com_github_MitjaNemec_ReplicateLayout.replicate_layout 835:Src fp.id: '62B3827C-A320-4AD6-A424-1485EF65900D'
11-12 22:57:11 com_github_MitjaNemec_ReplicateLayout.replicate_layout 839:Dst fp.id: '62B3827C-A320-4AD6-A424-1485EF65900D'
11-12 22:57:11 com_github_MitjaNemec_ReplicateLayout.replicate_layout 895:found match in dst footprint: 'U149'
11-12 22:57:11 com_github_MitjaNemec_ReplicateLayout.replicate_layout 990:Src text UUid:c50c72b1-94e3-4159-a219-37f741e82a7c
11-12 22:57:11 com_github_MitjaNemec_ReplicateLayout.replicate_layout 991:Dst text UUid:99c217c8-2d77-4a79-8de5-4560db2bf8ad
11-12 22:57:11 com_github_MitjaNemec_ReplicateLayout.replicate_layout 990:Src text UUid:292e74a5-6b55-4359-be57-8b0026051126
11-12 22:57:11 com_github_MitjaNemec_ReplicateLayout.replicate_layout 991:Dst text UUid:ea9be7e7-bcad-4c03-9812-ddffbb7b53aa
11-12 22:57:11 com_github_MitjaNemec_ReplicateLayout.replicate_layout 990:Src text UUid:22c9f63c-bdf9-47e9-ae01-74d81cfbd908
11-12 22:57:11 com_github_MitjaNemec_ReplicateLayout.replicate_layout 991:Dst text UUid:5ec0343a-45c0-451d-801c-3c1a03103077
11-12 22:57:11 com_github_MitjaNemec_ReplicateLayout.replicate_layout 888:Replicating footprint: 'R198'
11-12 22:57:11 com_github_MitjaNemec_ReplicateLayout.replicate_layout 835:Src fp.id: '2D77C678-F455-47D6-93BD-3ED95A089C96'
11-12 22:57:11 com_github_MitjaNemec_ReplicateLayout.replicate_layout 839:Dst fp.id: '2D77C678-F455-47D6-93BD-3ED95A089C96'
11-12 22:57:11 com_github_MitjaNemec_ReplicateLayout.replicate_layout 895:found match in dst footprint: 'R195'
11-12 22:57:11 com_github_MitjaNemec_ReplicateLayout.replicate_layout 990:Src text UUid:026024b2-ee3d-495c-b376-571543d60a54
11-12 22:57:11 com_github_MitjaNemec_ReplicateLayout.replicate_layout 991:Dst text UUid:398fb2bd-3136-40a2-bd58-0e3764aafcac
11-12 22:57:11 com_github_MitjaNemec_ReplicateLayout.replicate_layout 990:Src text UUid:23dd6946-9981-4c83-9d25-050d5e9bece6
11-12 22:57:11 com_github_MitjaNemec_ReplicateLayout.replicate_layout 991:Dst text UUid:29341fd2-133a-435e-b37e-457768b1cd7e
11-12 22:57:11 com_github_MitjaNemec_ReplicateLayout.replicate_layout 990:Src text UUid:8cb67b8b-8668-4222-8264-d0248233162e
11-12 22:57:11 com_github_MitjaNemec_ReplicateLayout.replicate_layout 991:Dst text UUid:96d5cb7e-c4e7-4d34-a6d5-8c9f6a1602c1
11-12 22:57:11 com_github_MitjaNemec_ReplicateLayout.replicate_layout 888:Replicating footprint: 'LED143'
11-12 22:57:11 com_github_MitjaNemec_ReplicateLayout.replicate_layout 835:Src fp.id: '2ABC1D4C-0E8C-4F90-9BF0-DF151C3D99F0'
11-12 22:57:11 com_github_MitjaNemec_ReplicateLayout.replicate_layout 839:Dst fp.id: '2ABC1D4C-0E8C-4F90-9BF0-DF151C3D99F0'
11-12 22:57:11 com_github_MitjaNemec_ReplicateLayout.replicate_layout 895:found match in dst footprint: 'LED140'
11-12 22:57:11 com_github_MitjaNemec_ReplicateLayout.replicate_layout 990:Src text UUid:cb110f2a-a8eb-4aca-b5bc-ff7ccb902aef
11-12 22:57:11 com_github_MitjaNemec_ReplicateLayout.replicate_layout 991:Dst text UUid:e5c0b1cf-2940-473f-b7eb-4d9c9225e3e3
11-12 22:57:11 com_github_MitjaNemec_ReplicateLayout.replicate_layout 990:Src text UUid:cbc54092-ef49-4a91-b324-f6377248bdf9
11-12 22:57:11 com_github_MitjaNemec_ReplicateLayout.replicate_layout 991:Dst text UUid:dcb8bf2a-bdd8-4dfa-9164-b1f4fbc691d6
11-12 22:57:11 com_github_MitjaNemec_ReplicateLayout.replicate_layout 990:Src text UUid:a432e7aa-3bd5-4cba-b765-9f5f9481582e
11-12 22:57:11 com_github_MitjaNemec_ReplicateLayout.replicate_layout 991:Dst text UUid:826c4c7b-99c9-433d-8ab7-55ad0c53b47e
11-12 22:57:11 com_github_MitjaNemec_ReplicateLayout.replicate_layout 888:Replicating footprint: 'LED142'
11-12 22:57:11 com_github_MitjaNemec_ReplicateLayout.replicate_layout 835:Src fp.id: '0C09B42A-D4DF-4F87-AFF4-5296AF118FDF'
11-12 22:57:11 com_github_MitjaNemec_ReplicateLayout.replicate_layout 839:Dst fp.id: '0C09B42A-D4DF-4F87-AFF4-5296AF118FDF'
11-12 22:57:11 com_github_MitjaNemec_ReplicateLayout.replicate_layout 895:found match in dst footprint: 'LED139'
11-12 22:57:11 com_github_MitjaNemec_ReplicateLayout.replicate_layout 990:Src text UUid:9463e9d6-02d6-4857-9f39-9338e5245ef5
11-12 22:57:11 com_github_MitjaNemec_ReplicateLayout.replicate_layout 991:Dst text UUid:9a69e7f6-b2de-40ed-a0ce-fda7aebac8ed
11-12 22:57:11 com_github_MitjaNemec_ReplicateLayout.replicate_layout 990:Src text UUid:0739365c-df74-44fd-a386-04c3841e72b1
11-12 22:57:11 com_github_MitjaNemec_ReplicateLayout.replicate_layout 991:Dst text UUid:2d66c8ed-32cd-4823-a9e5-9d36e97ac648
11-12 22:57:11 com_github_MitjaNemec_ReplicateLayout.replicate_layout 990:Src text UUid:5d666820-e369-4ddd-b676-a3f134ad7960
11-12 22:57:11 com_github_MitjaNemec_ReplicateLayout.replicate_layout 991:Dst text UUid:a2ede6cf-f67d-4a8b-b57d-cb141fc5b2f8
11-12 22:57:11 com_github_MitjaNemec_ReplicateLayout.replicate_layout 888:Replicating footprint: 'LED144'
11-12 22:57:11 com_github_MitjaNemec_ReplicateLayout.replicate_layout 835:Src fp.id: '0810E186-22BD-4094-A943-28056DB37E18'
11-12 22:57:11 com_github_MitjaNemec_ReplicateLayout.replicate_layout 839:Dst fp.id: '0810E186-22BD-4094-A943-28056DB37E18'
11-12 22:57:11 com_github_MitjaNemec_ReplicateLayout.replicate_layout 895:found match in dst footprint: 'LED141'
11-12 22:57:11 com_github_MitjaNemec_ReplicateLayout.replicate_layout 990:Src text UUid:d4f51115-0b40-4019-a418-64c3b5390a72
11-12 22:57:11 com_github_MitjaNemec_ReplicateLayout.replicate_layout 991:Dst text UUid:b8f4316d-cbf9-456d-85d1-be1beb3034e9
11-12 22:57:11 com_github_MitjaNemec_ReplicateLayout.replicate_layout 990:Src text UUid:0ff00c33-2d97-415c-a383-5b222a06a46e
11-12 22:57:11 com_github_MitjaNemec_ReplicateLayout.replicate_layout 991:Dst text UUid:f42403a1-dbea-4d34-967b-7073f8c392f2
11-12 22:57:11 com_github_MitjaNemec_ReplicateLayout.replicate_layout 990:Src text UUid:dde8ebf1-c0d6-4c52-86e2-7e3a65d80d5a
11-12 22:57:11 com_github_MitjaNemec_ReplicateLayout.replicate_layout 991:Dst text UUid:b394e70f-d2aa-4a28-8fa1-06602ed51c28
11-12 22:57:11 com_github_MitjaNemec_ReplicateLayout.replicate_layout 870:Replicating footprints on sheet ['Bottom', 'LEDs_Bottom', 'LEDS_discreet', 'LED_single3']
11-12 22:57:11 com_github_MitjaNemec_ReplicateLayout.replicate_layout 835:Src fp.id: '0C09B42A-D4DF-4F87-AFF4-5296AF118FDF'
11-12 22:57:11 com_github_MitjaNemec_ReplicateLayout.replicate_layout 839:Dst fp.id: '0C09B42A-D4DF-4F87-AFF4-5296AF118FDF'
11-12 22:57:11 com_github_MitjaNemec_ReplicateLayout.replicate_layout 888:Replicating footprint: 'U153'
11-12 22:57:11 com_github_MitjaNemec_ReplicateLayout.replicate_layout 835:Src fp.id: 'EB896E0D-DC1C-402A-A83E-7193E291B78E'
11-12 22:57:11 com_github_MitjaNemec_ReplicateLayout.replicate_layout 839:Dst fp.id: 'EB896E0D-DC1C-402A-A83E-7193E291B78E'
11-12 22:57:11 com_github_MitjaNemec_ReplicateLayout.replicate_layout 895:found match in dst footprint: 'U168'
11-12 22:57:11 com_github_MitjaNemec_ReplicateLayout.replicate_layout 990:Src text UUid:110b3224-b357-4118-9c08-b3fded705e4b
11-12 22:57:11 com_github_MitjaNemec_ReplicateLayout.replicate_layout 991:Dst text UUid:65f3ab42-8fe4-47b5-a3a5-ee0b2c089e21
11-12 22:57:11 com_github_MitjaNemec_ReplicateLayout.replicate_layout 990:Src text UUid:b9e7f770-21cd-4948-9662-6e0ac7df885e
11-12 22:57:11 com_github_MitjaNemec_ReplicateLayout.replicate_layout 991:Dst text UUid:4d441681-2519-4556-b891-e97f79f7bb11
11-12 22:57:11 com_github_MitjaNemec_ReplicateLayout.replicate_layout 990:Src text UUid:eaba7cf7-101e-4672-ad3c-d50ac347e980
11-12 22:57:11 com_github_MitjaNemec_ReplicateLayout.replicate_layout 991:Dst text UUid:b2797bd6-8c2f-4678-9e74-f272c8619801
11-12 22:57:11 com_github_MitjaNemec_ReplicateLayout.replicate_layout 888:Replicating footprint: 'R196'
11-12 22:57:11 com_github_MitjaNemec_ReplicateLayout.replicate_layout 835:Src fp.id: '28A8D9BC-2140-4FD7-9BA9-4E17A2CADB20'
11-12 22:57:11 com_github_MitjaNemec_ReplicateLayout.replicate_layout 839:Dst fp.id: '28A8D9BC-2140-4FD7-9BA9-4E17A2CADB20'
11-12 22:57:11 com_github_MitjaNemec_ReplicateLayout.replicate_layout 895:found match in dst footprint: 'R217'
11-12 22:57:11 com_github_MitjaNemec_ReplicateLayout.replicate_layout 990:Src text UUid:10a75789-866c-466a-b99e-1669393a4dc9
11-12 22:57:11 com_github_MitjaNemec_ReplicateLayout.replicate_layout 991:Dst text UUid:88621504-adb3-4967-b447-f568d60340e8
11-12 22:57:11 com_github_MitjaNemec_ReplicateLayout.replicate_layout 990:Src text UUid:26f5deef-302c-459b-9fc1-9a4618773440
11-12 22:57:11 com_github_MitjaNemec_ReplicateLayout.replicate_layout 991:Dst text UUid:993e09ec-e760-49eb-b6ab-953474e815c1
11-12 22:57:11 com_github_MitjaNemec_ReplicateLayout.replicate_layout 990:Src text UUid:a58fc8cd-c2ef-4a2e-8f35-9edf2c2f6adb
11-12 22:57:11 com_github_MitjaNemec_ReplicateLayout.replicate_layout 991:Dst text UUid:e4a74d04-1903-42ae-97a2-fd1a7579b07b
11-12 22:57:11 com_github_MitjaNemec_ReplicateLayout.replicate_layout 888:Replicating footprint: 'R197'
11-12 22:57:11 com_github_MitjaNemec_ReplicateLayout.replicate_layout 835:Src fp.id: '55391442-DACB-4265-94E5-89EFFD14C302'
11-12 22:57:11 com_github_MitjaNemec_ReplicateLayout.replicate_layout 839:Dst fp.id: '55391442-DACB-4265-94E5-89EFFD14C302'
11-12 22:57:11 com_github_MitjaNemec_ReplicateLayout.replicate_layout 895:found match in dst footprint: 'R218'
11-12 22:57:11 com_github_MitjaNemec_ReplicateLayout.replicate_layout 990:Src text UUid:6cd10716-af31-44d4-bad9-a9da97fd4924
11-12 22:57:11 com_github_MitjaNemec_ReplicateLayout.replicate_layout 991:Dst text UUid:4d7d1d8a-eca9-4cf8-8b6a-e4930b3bc80a
11-12 22:57:11 com_github_MitjaNemec_ReplicateLayout.replicate_layout 990:Src text UUid:65380ce8-601c-4762-983f-4bdb6ed67bde
11-12 22:57:11 com_github_MitjaNemec_ReplicateLayout.replicate_layout 991:Dst text UUid:3e95c0ac-89c7-412d-96b4-f85cb137b073
11-12 22:57:11 com_github_MitjaNemec_ReplicateLayout.replicate_layout 990:Src text UUid:94d012b9-077f-436c-a4d8-e5bb00c165ba
11-12 22:57:11 com_github_MitjaNemec_ReplicateLayout.replicate_layout 991:Dst text UUid:324b79e8-6fa7-4848-be19-6c1d07808434
11-12 22:57:11 com_github_MitjaNemec_ReplicateLayout.replicate_layout 888:Replicating footprint: 'U152'
11-12 22:57:11 com_github_MitjaNemec_ReplicateLayout.replicate_layout 835:Src fp.id: '62B3827C-A320-4AD6-A424-1485EF65900D'
11-12 22:57:11 com_github_MitjaNemec_ReplicateLayout.replicate_layout 839:Dst fp.id: '62B3827C-A320-4AD6-A424-1485EF65900D'
11-12 22:57:11 com_github_MitjaNemec_ReplicateLayout.replicate_layout 895:found match in dst footprint: 'U167'
11-12 22:57:11 com_github_MitjaNemec_ReplicateLayout.replicate_layout 990:Src text UUid:c50c72b1-94e3-4159-a219-37f741e82a7c
11-12 22:57:11 com_github_MitjaNemec_ReplicateLayout.replicate_layout 991:Dst text UUid:191bad3a-a039-4e6e-a12f-51ca1ed6b200
11-12 22:57:11 com_github_MitjaNemec_ReplicateLayout.replicate_layout 990:Src text UUid:292e74a5-6b55-4359-be57-8b0026051126
11-12 22:57:11 com_github_MitjaNemec_ReplicateLayout.replicate_layout 991:Dst text UUid:c5e756cd-d7ec-47e9-b09b-0eb8414d6e96
11-12 22:57:11 com_github_MitjaNemec_ReplicateLayout.replicate_layout 990:Src text UUid:22c9f63c-bdf9-47e9-ae01-74d81cfbd908
11-12 22:57:11 com_github_MitjaNemec_ReplicateLayout.replicate_layout 991:Dst text UUid:302109f7-5bc1-4110-9c1f-d38a17ed7d91
11-12 22:57:11 com_github_MitjaNemec_ReplicateLayout.replicate_layout 888:Replicating footprint: 'R198'
11-12 22:57:11 com_github_MitjaNemec_ReplicateLayout.replicate_layout 835:Src fp.id: '2D77C678-F455-47D6-93BD-3ED95A089C96'
11-12 22:57:11 com_github_MitjaNemec_ReplicateLayout.replicate_layout 839:Dst fp.id: '2D77C678-F455-47D6-93BD-3ED95A089C96'
11-12 22:57:11 com_github_MitjaNemec_ReplicateLayout.replicate_layout 895:found match in dst footprint: 'R219'
11-12 22:57:11 com_github_MitjaNemec_ReplicateLayout.replicate_layout 990:Src text UUid:026024b2-ee3d-495c-b376-571543d60a54
11-12 22:57:11 com_github_MitjaNemec_ReplicateLayout.replicate_layout 991:Dst text UUid:2560a29a-c1de-45f7-a9ed-516fa7700d26
11-12 22:57:11 com_github_MitjaNemec_ReplicateLayout.replicate_layout 990:Src text UUid:23dd6946-9981-4c83-9d25-050d5e9bece6
11-12 22:57:11 com_github_MitjaNemec_ReplicateLayout.replicate_layout 991:Dst text UUid:314ecc78-aa22-4bbd-ab96-487d17592a51
11-12 22:57:11 com_github_MitjaNemec_ReplicateLayout.replicate_layout 990:Src text UUid:8cb67b8b-8668-4222-8264-d0248233162e
11-12 22:57:11 com_github_MitjaNemec_ReplicateLayout.replicate_layout 991:Dst text UUid:d60274b1-46f2-4340-9770-b92e9999a5d1
11-12 22:57:11 com_github_MitjaNemec_ReplicateLayout.replicate_layout 888:Replicating footprint: 'LED143'
11-12 22:57:11 com_github_MitjaNemec_ReplicateLayout.replicate_layout 835:Src fp.id: '2ABC1D4C-0E8C-4F90-9BF0-DF151C3D99F0'
11-12 22:57:11 com_github_MitjaNemec_ReplicateLayout.replicate_layout 839:Dst fp.id: '2ABC1D4C-0E8C-4F90-9BF0-DF151C3D99F0'
11-12 22:57:11 com_github_MitjaNemec_ReplicateLayout.replicate_layout 895:found match in dst footprint: 'LED164'
11-12 22:57:11 com_github_MitjaNemec_ReplicateLayout.replicate_layout 990:Src text UUid:cb110f2a-a8eb-4aca-b5bc-ff7ccb902aef
11-12 22:57:11 com_github_MitjaNemec_ReplicateLayout.replicate_layout 991:Dst text UUid:c1468e12-f06b-4249-8987-d2be1c78702d
11-12 22:57:11 com_github_MitjaNemec_ReplicateLayout.replicate_layout 990:Src text UUid:cbc54092-ef49-4a91-b324-f6377248bdf9
11-12 22:57:11 com_github_MitjaNemec_ReplicateLayout.replicate_layout 991:Dst text UUid:e5d0bfca-b000-40c7-aa0e-4730e4ebcb00
11-12 22:57:11 com_github_MitjaNemec_ReplicateLayout.replicate_layout 990:Src text UUid:a432e7aa-3bd5-4cba-b765-9f5f9481582e
11-12 22:57:11 com_github_MitjaNemec_ReplicateLayout.replicate_layout 991:Dst text UUid:3aa210de-02a3-4be4-87fd-72e4c2480dd3
11-12 22:57:11 com_github_MitjaNemec_ReplicateLayout.replicate_layout 888:Replicating footprint: 'LED142'
11-12 22:57:11 com_github_MitjaNemec_ReplicateLayout.replicate_layout 835:Src fp.id: '0C09B42A-D4DF-4F87-AFF4-5296AF118FDF'
11-12 22:57:11 com_github_MitjaNemec_ReplicateLayout.replicate_layout 839:Dst fp.id: '0C09B42A-D4DF-4F87-AFF4-5296AF118FDF'
11-12 22:57:11 com_github_MitjaNemec_ReplicateLayout.replicate_layout 895:found match in dst footprint: 'LED163'
11-12 22:57:11 com_github_MitjaNemec_ReplicateLayout.replicate_layout 990:Src text UUid:9463e9d6-02d6-4857-9f39-9338e5245ef5
11-12 22:57:11 com_github_MitjaNemec_ReplicateLayout.replicate_layout 991:Dst text UUid:04a29c38-7881-4390-b37f-b525284a307f
11-12 22:57:11 com_github_MitjaNemec_ReplicateLayout.replicate_layout 990:Src text UUid:0739365c-df74-44fd-a386-04c3841e72b1
11-12 22:57:11 com_github_MitjaNemec_ReplicateLayout.replicate_layout 991:Dst text UUid:fc0cbfd6-fbc2-48a9-837c-e384c3af4ca6
11-12 22:57:11 com_github_MitjaNemec_ReplicateLayout.replicate_layout 990:Src text UUid:5d666820-e369-4ddd-b676-a3f134ad7960
11-12 22:57:11 com_github_MitjaNemec_ReplicateLayout.replicate_layout 991:Dst text UUid:555213c9-041a-4ba5-bcd6-d2fd9dd725f7
11-12 22:57:11 com_github_MitjaNemec_ReplicateLayout.replicate_layout 888:Replicating footprint: 'LED144'
11-12 22:57:11 com_github_MitjaNemec_ReplicateLayout.replicate_layout 835:Src fp.id: '0810E186-22BD-4094-A943-28056DB37E18'
11-12 22:57:11 com_github_MitjaNemec_ReplicateLayout.replicate_layout 839:Dst fp.id: '0810E186-22BD-4094-A943-28056DB37E18'
11-12 22:57:11 com_github_MitjaNemec_ReplicateLayout.replicate_layout 895:found match in dst footprint: 'LED165'
11-12 22:57:11 com_github_MitjaNemec_ReplicateLayout.replicate_layout 990:Src text UUid:d4f51115-0b40-4019-a418-64c3b5390a72
11-12 22:57:11 com_github_MitjaNemec_ReplicateLayout.replicate_layout 991:Dst text UUid:c6211656-0a09-4578-9320-0f7f14c0ddc5
11-12 22:57:11 com_github_MitjaNemec_ReplicateLayout.replicate_layout 990:Src text UUid:0ff00c33-2d97-415c-a383-5b222a06a46e
11-12 22:57:11 com_github_MitjaNemec_ReplicateLayout.replicate_layout 991:Dst text UUid:c1e8ba76-fe2e-4fa1-b1cc-633b1e291600
11-12 22:57:11 com_github_MitjaNemec_ReplicateLayout.replicate_layout 990:Src text UUid:dde8ebf1-c0d6-4c52-86e2-7e3a65d80d5a
11-12 22:57:11 com_github_MitjaNemec_ReplicateLayout.replicate_layout 991:Dst text UUid:fb49c9bc-a86e-40fc-9bc3-1e62a17b0f09
11-12 22:57:11 com_github_MitjaNemec_ReplicateLayout.replicate_layout 870:Replicating footprints on sheet ['Bottom', 'LEDs_Bottom', 'LEDS_discreet2', 'LED_single']
11-12 22:57:11 com_github_MitjaNemec_ReplicateLayout.replicate_layout 835:Src fp.id: '0C09B42A-D4DF-4F87-AFF4-5296AF118FDF'
11-12 22:57:11 com_github_MitjaNemec_ReplicateLayout.replicate_layout 839:Dst fp.id: '0C09B42A-D4DF-4F87-AFF4-5296AF118FDF'
11-12 22:57:11 com_github_MitjaNemec_ReplicateLayout.replicate_layout 888:Replicating footprint: 'U153'
11-12 22:57:11 root 345:updating GUI with: 6
11-12 22:57:11 com_github_MitjaNemec_ReplicateLayout.replicate_layout 835:Src fp.id: 'EB896E0D-DC1C-402A-A83E-7193E291B78E'
11-12 22:57:11 com_github_MitjaNemec_ReplicateLayout.replicate_layout 839:Dst fp.id: 'EB896E0D-DC1C-402A-A83E-7193E291B78E'
11-12 22:57:11 com_github_MitjaNemec_ReplicateLayout.replicate_layout 895:found match in dst footprint: 'U186'
11-12 22:57:11 com_github_MitjaNemec_ReplicateLayout.replicate_layout 990:Src text UUid:110b3224-b357-4118-9c08-b3fded705e4b
11-12 22:57:11 com_github_MitjaNemec_ReplicateLayout.replicate_layout 991:Dst text UUid:c18c593b-95a9-437d-b723-813c5b9d5281
11-12 22:57:11 com_github_MitjaNemec_ReplicateLayout.replicate_layout 990:Src text UUid:b9e7f770-21cd-4948-9662-6e0ac7df885e
11-12 22:57:11 com_github_MitjaNemec_ReplicateLayout.replicate_layout 991:Dst text UUid:cc665aa7-96aa-4eed-9cf9-6555460904d6
11-12 22:57:11 com_github_MitjaNemec_ReplicateLayout.replicate_layout 990:Src text UUid:eaba7cf7-101e-4672-ad3c-d50ac347e980
11-12 22:57:11 com_github_MitjaNemec_ReplicateLayout.replicate_layout 991:Dst text UUid:b64604e0-7362-4ffc-9c8d-4b0b6a075ac2
11-12 22:57:11 com_github_MitjaNemec_ReplicateLayout.replicate_layout 888:Replicating footprint: 'R196'
11-12 22:57:11 com_github_MitjaNemec_ReplicateLayout.replicate_layout 835:Src fp.id: '28A8D9BC-2140-4FD7-9BA9-4E17A2CADB20'
11-12 22:57:11 com_github_MitjaNemec_ReplicateLayout.replicate_layout 839:Dst fp.id: '28A8D9BC-2140-4FD7-9BA9-4E17A2CADB20'
11-12 22:57:11 com_github_MitjaNemec_ReplicateLayout.replicate_layout 895:found match in dst footprint: 'R241'
11-12 22:57:11 com_github_MitjaNemec_ReplicateLayout.replicate_layout 990:Src text UUid:10a75789-866c-466a-b99e-1669393a4dc9
11-12 22:57:11 com_github_MitjaNemec_ReplicateLayout.replicate_layout 991:Dst text UUid:33bfe76a-4c72-4943-917f-655ef204e344
11-12 22:57:11 com_github_MitjaNemec_ReplicateLayout.replicate_layout 990:Src text UUid:26f5deef-302c-459b-9fc1-9a4618773440
11-12 22:57:11 com_github_MitjaNemec_ReplicateLayout.replicate_layout 991:Dst text UUid:9dd3c779-d4b4-47b4-8224-d00c5030eee5
11-12 22:57:11 com_github_MitjaNemec_ReplicateLayout.replicate_layout 990:Src text UUid:a58fc8cd-c2ef-4a2e-8f35-9edf2c2f6adb
11-12 22:57:11 com_github_MitjaNemec_ReplicateLayout.replicate_layout 991:Dst text UUid:68ad6f3e-8a0a-4784-b40c-9f264a0ef5d1
11-12 22:57:11 com_github_MitjaNemec_ReplicateLayout.replicate_layout 888:Replicating footprint: 'R197'
11-12 22:57:11 com_github_MitjaNemec_ReplicateLayout.replicate_layout 835:Src fp.id: '55391442-DACB-4265-94E5-89EFFD14C302'
11-12 22:57:11 com_github_MitjaNemec_ReplicateLayout.replicate_layout 839:Dst fp.id: '55391442-DACB-4265-94E5-89EFFD14C302'
11-12 22:57:11 com_github_MitjaNemec_ReplicateLayout.replicate_layout 895:found match in dst footprint: 'R242'
11-12 22:57:11 com_github_MitjaNemec_ReplicateLayout.replicate_layout 990:Src text UUid:6cd10716-af31-44d4-bad9-a9da97fd4924
11-12 22:57:11 com_github_MitjaNemec_ReplicateLayout.replicate_layout 991:Dst text UUid:0177a149-4698-4be4-a454-bcea358b4264
11-12 22:57:11 com_github_MitjaNemec_ReplicateLayout.replicate_layout 990:Src text UUid:65380ce8-601c-4762-983f-4bdb6ed67bde
11-12 22:57:11 com_github_MitjaNemec_ReplicateLayout.replicate_layout 991:Dst text UUid:60e1928a-e7c5-4878-b1e8-4f6a2dd602a8
11-12 22:57:11 com_github_MitjaNemec_ReplicateLayout.replicate_layout 990:Src text UUid:94d012b9-077f-436c-a4d8-e5bb00c165ba
11-12 22:57:11 com_github_MitjaNemec_ReplicateLayout.replicate_layout 991:Dst text UUid:c4f278f6-0252-44d2-b430-0cc3243f3ef7
11-12 22:57:11 com_github_MitjaNemec_ReplicateLayout.replicate_layout 888:Replicating footprint: 'U152'
11-12 22:57:11 com_github_MitjaNemec_ReplicateLayout.replicate_layout 835:Src fp.id: '62B3827C-A320-4AD6-A424-1485EF65900D'
11-12 22:57:11 com_github_MitjaNemec_ReplicateLayout.replicate_layout 839:Dst fp.id: '62B3827C-A320-4AD6-A424-1485EF65900D'
11-12 22:57:11 com_github_MitjaNemec_ReplicateLayout.replicate_layout 895:found match in dst footprint: 'U185'
11-12 22:57:11 com_github_MitjaNemec_ReplicateLayout.replicate_layout 990:Src text UUid:c50c72b1-94e3-4159-a219-37f741e82a7c
11-12 22:57:11 com_github_MitjaNemec_ReplicateLayout.replicate_layout 991:Dst text UUid:ea6fcd5a-c4c0-4e5a-ae5e-7ce4e89145f2
11-12 22:57:11 com_github_MitjaNemec_ReplicateLayout.replicate_layout 990:Src text UUid:292e74a5-6b55-4359-be57-8b0026051126
11-12 22:57:11 com_github_MitjaNemec_ReplicateLayout.replicate_layout 991:Dst text UUid:3e14dd36-a92f-4778-8eaa-ce2eadccc0b8
11-12 22:57:11 com_github_MitjaNemec_ReplicateLayout.replicate_layout 990:Src text UUid:22c9f63c-bdf9-47e9-ae01-74d81cfbd908
11-12 22:57:11 com_github_MitjaNemec_ReplicateLayout.replicate_layout 991:Dst text UUid:91ca3db8-a9fc-4de6-91c3-f2fae3c24421
11-12 22:57:11 com_github_MitjaNemec_ReplicateLayout.replicate_layout 888:Replicating footprint: 'R198'
11-12 22:57:11 com_github_MitjaNemec_ReplicateLayout.replicate_layout 835:Src fp.id: '2D77C678-F455-47D6-93BD-3ED95A089C96'
11-12 22:57:11 com_github_MitjaNemec_ReplicateLayout.replicate_layout 839:Dst fp.id: '2D77C678-F455-47D6-93BD-3ED95A089C96'
11-12 22:57:11 com_github_MitjaNemec_ReplicateLayout.replicate_layout 895:found match in dst footprint: 'R243'
11-12 22:57:11 com_github_MitjaNemec_ReplicateLayout.replicate_layout 990:Src text UUid:026024b2-ee3d-495c-b376-571543d60a54
11-12 22:57:11 com_github_MitjaNemec_ReplicateLayout.replicate_layout 991:Dst text UUid:c1d8e3d7-8d95-44a3-87a5-5e87a53ec564
11-12 22:57:11 com_github_MitjaNemec_ReplicateLayout.replicate_layout 990:Src text UUid:23dd6946-9981-4c83-9d25-050d5e9bece6
11-12 22:57:11 com_github_MitjaNemec_ReplicateLayout.replicate_layout 991:Dst text UUid:fb1aa5fb-20f1-4bf0-b9c2-9c620b6ae6e7
11-12 22:57:11 com_github_MitjaNemec_ReplicateLayout.replicate_layout 990:Src text UUid:8cb67b8b-8668-4222-8264-d0248233162e
11-12 22:57:11 com_github_MitjaNemec_ReplicateLayout.replicate_layout 991:Dst text UUid:15b724b5-e880-4cd3-b473-a96a3051e5fc
11-12 22:57:11 com_github_MitjaNemec_ReplicateLayout.replicate_layout 888:Replicating footprint: 'LED143'
11-12 22:57:11 com_github_MitjaNemec_ReplicateLayout.replicate_layout 835:Src fp.id: '2ABC1D4C-0E8C-4F90-9BF0-DF151C3D99F0'
11-12 22:57:11 com_github_MitjaNemec_ReplicateLayout.replicate_layout 839:Dst fp.id: '2ABC1D4C-0E8C-4F90-9BF0-DF151C3D99F0'
11-12 22:57:11 com_github_MitjaNemec_ReplicateLayout.replicate_layout 895:found match in dst footprint: 'LED188'
11-12 22:57:11 com_github_MitjaNemec_ReplicateLayout.replicate_layout 990:Src text UUid:cb110f2a-a8eb-4aca-b5bc-ff7ccb902aef
11-12 22:57:11 com_github_MitjaNemec_ReplicateLayout.replicate_layout 991:Dst text UUid:d768d672-9f8a-43ee-853f-2d5315dd1680
11-12 22:57:11 com_github_MitjaNemec_ReplicateLayout.replicate_layout 990:Src text UUid:cbc54092-ef49-4a91-b324-f6377248bdf9
11-12 22:57:11 com_github_MitjaNemec_ReplicateLayout.replicate_layout 991:Dst text UUid:49013220-0b6c-4dbb-82c0-4f2dc89df94f
11-12 22:57:11 com_github_MitjaNemec_ReplicateLayout.replicate_layout 990:Src text UUid:a432e7aa-3bd5-4cba-b765-9f5f9481582e
11-12 22:57:11 com_github_MitjaNemec_ReplicateLayout.replicate_layout 991:Dst text UUid:8e99581a-04b6-45d2-ae88-c5765162d141
11-12 22:57:11 com_github_MitjaNemec_ReplicateLayout.replicate_layout 888:Replicating footprint: 'LED142'
11-12 22:57:11 com_github_MitjaNemec_ReplicateLayout.replicate_layout 835:Src fp.id: '0C09B42A-D4DF-4F87-AFF4-5296AF118FDF'
11-12 22:57:11 com_github_MitjaNemec_ReplicateLayout.replicate_layout 839:Dst fp.id: '0C09B42A-D4DF-4F87-AFF4-5296AF118FDF'
11-12 22:57:11 com_github_MitjaNemec_ReplicateLayout.replicate_layout 895:found match in dst footprint: 'LED187'
11-12 22:57:11 com_github_MitjaNemec_ReplicateLayout.replicate_layout 990:Src text UUid:9463e9d6-02d6-4857-9f39-9338e5245ef5
11-12 22:57:11 com_github_MitjaNemec_ReplicateLayout.replicate_layout 991:Dst text UUid:a2da2291-3811-4365-b424-b4eb8f0a091f
11-12 22:57:11 com_github_MitjaNemec_ReplicateLayout.replicate_layout 990:Src text UUid:0739365c-df74-44fd-a386-04c3841e72b1
11-12 22:57:11 com_github_MitjaNemec_ReplicateLayout.replicate_layout 991:Dst text UUid:79b3fb40-331d-43eb-b57e-fb210ed82130
11-12 22:57:11 com_github_MitjaNemec_ReplicateLayout.replicate_layout 990:Src text UUid:5d666820-e369-4ddd-b676-a3f134ad7960
11-12 22:57:11 com_github_MitjaNemec_ReplicateLayout.replicate_layout 991:Dst text UUid:0ba72acb-a350-4a31-b8dd-0c0e810e798c
11-12 22:57:11 com_github_MitjaNemec_ReplicateLayout.replicate_layout 888:Replicating footprint: 'LED144'
11-12 22:57:11 com_github_MitjaNemec_ReplicateLayout.replicate_layout 835:Src fp.id: '0810E186-22BD-4094-A943-28056DB37E18'
11-12 22:57:11 com_github_MitjaNemec_ReplicateLayout.replicate_layout 839:Dst fp.id: '0810E186-22BD-4094-A943-28056DB37E18'
11-12 22:57:11 com_github_MitjaNemec_ReplicateLayout.replicate_layout 895:found match in dst footprint: 'LED189'
11-12 22:57:11 com_github_MitjaNemec_ReplicateLayout.replicate_layout 990:Src text UUid:d4f51115-0b40-4019-a418-64c3b5390a72
11-12 22:57:11 com_github_MitjaNemec_ReplicateLayout.replicate_layout 991:Dst text UUid:15e71263-8d17-425a-9ce8-ff13276fde1f
11-12 22:57:11 com_github_MitjaNemec_ReplicateLayout.replicate_layout 990:Src text UUid:0ff00c33-2d97-415c-a383-5b222a06a46e
11-12 22:57:11 com_github_MitjaNemec_ReplicateLayout.replicate_layout 991:Dst text UUid:1de448c1-2bdd-439a-a6c4-0ed7bf7283df
11-12 22:57:11 com_github_MitjaNemec_ReplicateLayout.replicate_layout 990:Src text UUid:dde8ebf1-c0d6-4c52-86e2-7e3a65d80d5a
11-12 22:57:11 com_github_MitjaNemec_ReplicateLayout.replicate_layout 991:Dst text UUid:cb35e2d6-8d97-40bd-a076-fc20acdf370a
11-12 22:57:11 com_github_MitjaNemec_ReplicateLayout.replicate_layout 870:Replicating footprints on sheet ['Bottom', 'LEDs_Bottom', 'LEDS_discreet2', 'LED_single1']
11-12 22:57:11 com_github_MitjaNemec_ReplicateLayout.replicate_layout 835:Src fp.id: '0C09B42A-D4DF-4F87-AFF4-5296AF118FDF'
11-12 22:57:11 com_github_MitjaNemec_ReplicateLayout.replicate_layout 839:Dst fp.id: '0C09B42A-D4DF-4F87-AFF4-5296AF118FDF'
11-12 22:57:11 com_github_MitjaNemec_ReplicateLayout.replicate_layout 888:Replicating footprint: 'U153'
11-12 22:57:11 com_github_MitjaNemec_ReplicateLayout.replicate_layout 835:Src fp.id: 'EB896E0D-DC1C-402A-A83E-7193E291B78E'
11-12 22:57:11 com_github_MitjaNemec_ReplicateLayout.replicate_layout 839:Dst fp.id: 'EB896E0D-DC1C-402A-A83E-7193E291B78E'
11-12 22:57:11 com_github_MitjaNemec_ReplicateLayout.replicate_layout 895:found match in dst footprint: 'U188'
11-12 22:57:11 com_github_MitjaNemec_ReplicateLayout.replicate_layout 990:Src text UUid:110b3224-b357-4118-9c08-b3fded705e4b
11-12 22:57:11 com_github_MitjaNemec_ReplicateLayout.replicate_layout 991:Dst text UUid:7c329335-5701-4b70-beb4-66e815d546d7
11-12 22:57:11 com_github_MitjaNemec_ReplicateLayout.replicate_layout 990:Src text UUid:b9e7f770-21cd-4948-9662-6e0ac7df885e
11-12 22:57:11 com_github_MitjaNemec_ReplicateLayout.replicate_layout 991:Dst text UUid:5874a046-715c-4863-ba38-ab9df4a1d59f
11-12 22:57:11 com_github_MitjaNemec_ReplicateLayout.replicate_layout 990:Src text UUid:eaba7cf7-101e-4672-ad3c-d50ac347e980
11-12 22:57:11 com_github_MitjaNemec_ReplicateLayout.replicate_layout 991:Dst text UUid:e8cb9d72-fb90-48fa-a8fe-cce57700eb03
11-12 22:57:11 com_github_MitjaNemec_ReplicateLayout.replicate_layout 888:Replicating footprint: 'R196'
11-12 22:57:11 com_github_MitjaNemec_ReplicateLayout.replicate_layout 835:Src fp.id: '28A8D9BC-2140-4FD7-9BA9-4E17A2CADB20'
11-12 22:57:11 com_github_MitjaNemec_ReplicateLayout.replicate_layout 839:Dst fp.id: '28A8D9BC-2140-4FD7-9BA9-4E17A2CADB20'
11-12 22:57:11 com_github_MitjaNemec_ReplicateLayout.replicate_layout 895:found match in dst footprint: 'R244'
11-12 22:57:11 com_github_MitjaNemec_ReplicateLayout.replicate_layout 990:Src text UUid:10a75789-866c-466a-b99e-1669393a4dc9
11-12 22:57:11 com_github_MitjaNemec_ReplicateLayout.replicate_layout 991:Dst text UUid:c4a56c01-8b18-472f-9dd7-e11eacb5cff6
11-12 22:57:11 com_github_MitjaNemec_ReplicateLayout.replicate_layout 990:Src text UUid:26f5deef-302c-459b-9fc1-9a4618773440
11-12 22:57:11 com_github_MitjaNemec_ReplicateLayout.replicate_layout 991:Dst text UUid:29c1287f-3bd6-4f6e-bd6e-d2ec78a2a3ed
11-12 22:57:11 com_github_MitjaNemec_ReplicateLayout.replicate_layout 990:Src text UUid:a58fc8cd-c2ef-4a2e-8f35-9edf2c2f6adb
11-12 22:57:11 com_github_MitjaNemec_ReplicateLayout.replicate_layout 991:Dst text UUid:65205e8a-0e38-4b7b-ae6f-1719e9741ef5
11-12 22:57:11 com_github_MitjaNemec_ReplicateLayout.replicate_layout 888:Replicating footprint: 'R197'
11-12 22:57:11 com_github_MitjaNemec_ReplicateLayout.replicate_layout 835:Src fp.id: '55391442-DACB-4265-94E5-89EFFD14C302'
11-12 22:57:11 com_github_MitjaNemec_ReplicateLayout.replicate_layout 839:Dst fp.id: '55391442-DACB-4265-94E5-89EFFD14C302'
11-12 22:57:11 com_github_MitjaNemec_ReplicateLayout.replicate_layout 895:found match in dst footprint: 'R245'
11-12 22:57:11 com_github_MitjaNemec_ReplicateLayout.replicate_layout 990:Src text UUid:6cd10716-af31-44d4-bad9-a9da97fd4924
11-12 22:57:11 com_github_MitjaNemec_ReplicateLayout.replicate_layout 991:Dst text UUid:da914b3f-a581-4914-9bfa-076bba7b1640
11-12 22:57:11 com_github_MitjaNemec_ReplicateLayout.replicate_layout 990:Src text UUid:65380ce8-601c-4762-983f-4bdb6ed67bde
11-12 22:57:11 com_github_MitjaNemec_ReplicateLayout.replicate_layout 991:Dst text UUid:c970943d-d16e-42a3-8127-d98107dec064
11-12 22:57:11 com_github_MitjaNemec_ReplicateLayout.replicate_layout 990:Src text UUid:94d012b9-077f-436c-a4d8-e5bb00c165ba
11-12 22:57:11 com_github_MitjaNemec_ReplicateLayout.replicate_layout 991:Dst text UUid:cd98dc35-3172-40ba-956e-7677e350748a
11-12 22:57:11 com_github_MitjaNemec_ReplicateLayout.replicate_layout 888:Replicating footprint: 'U152'
11-12 22:57:11 com_github_MitjaNemec_ReplicateLayout.replicate_layout 835:Src fp.id: '62B3827C-A320-4AD6-A424-1485EF65900D'
11-12 22:57:11 com_github_MitjaNemec_ReplicateLayout.replicate_layout 839:Dst fp.id: '62B3827C-A320-4AD6-A424-1485EF65900D'
11-12 22:57:11 com_github_MitjaNemec_ReplicateLayout.replicate_layout 895:found match in dst footprint: 'U187'
11-12 22:57:11 com_github_MitjaNemec_ReplicateLayout.replicate_layout 990:Src text UUid:c50c72b1-94e3-4159-a219-37f741e82a7c
11-12 22:57:11 com_github_MitjaNemec_ReplicateLayout.replicate_layout 991:Dst text UUid:4291fcaa-a8fb-4c54-8b8c-864c3e9b9bd4
11-12 22:57:11 com_github_MitjaNemec_ReplicateLayout.replicate_layout 990:Src text UUid:292e74a5-6b55-4359-be57-8b0026051126
11-12 22:57:11 com_github_MitjaNemec_ReplicateLayout.replicate_layout 991:Dst text UUid:444a1aba-0706-484d-b24d-ddd14fa1b8d3
11-12 22:57:11 com_github_MitjaNemec_ReplicateLayout.replicate_layout 990:Src text UUid:22c9f63c-bdf9-47e9-ae01-74d81cfbd908
11-12 22:57:11 com_github_MitjaNemec_ReplicateLayout.replicate_layout 991:Dst text UUid:3044ee24-3b97-4f1a-ad5e-06cc970f3480
11-12 22:57:11 com_github_MitjaNemec_ReplicateLayout.replicate_layout 888:Replicating footprint: 'R198'
11-12 22:57:11 com_github_MitjaNemec_ReplicateLayout.replicate_layout 835:Src fp.id: '2D77C678-F455-47D6-93BD-3ED95A089C96'
11-12 22:57:11 com_github_MitjaNemec_ReplicateLayout.replicate_layout 839:Dst fp.id: '2D77C678-F455-47D6-93BD-3ED95A089C96'
11-12 22:57:11 com_github_MitjaNemec_ReplicateLayout.replicate_layout 895:found match in dst footprint: 'R246'
11-12 22:57:11 com_github_MitjaNemec_ReplicateLayout.replicate_layout 990:Src text UUid:026024b2-ee3d-495c-b376-571543d60a54
11-12 22:57:11 com_github_MitjaNemec_ReplicateLayout.replicate_layout 991:Dst text UUid:3582e23a-41d6-46ca-9ebc-f8401bfbf716
11-12 22:57:11 com_github_MitjaNemec_ReplicateLayout.replicate_layout 990:Src text UUid:23dd6946-9981-4c83-9d25-050d5e9bece6
11-12 22:57:11 com_github_MitjaNemec_ReplicateLayout.replicate_layout 991:Dst text UUid:24a6afe2-add3-4b39-a6dc-b2e16b6f9947
11-12 22:57:11 com_github_MitjaNemec_ReplicateLayout.replicate_layout 990:Src text UUid:8cb67b8b-8668-4222-8264-d0248233162e
11-12 22:57:11 com_github_MitjaNemec_ReplicateLayout.replicate_layout 991:Dst text UUid:88db9a7e-e55f-4ead-a7f5-f4e0c6be7381
11-12 22:57:11 com_github_MitjaNemec_ReplicateLayout.replicate_layout 888:Replicating footprint: 'LED143'
11-12 22:57:11 com_github_MitjaNemec_ReplicateLayout.replicate_layout 835:Src fp.id: '2ABC1D4C-0E8C-4F90-9BF0-DF151C3D99F0'
11-12 22:57:11 com_github_MitjaNemec_ReplicateLayout.replicate_layout 839:Dst fp.id: '2ABC1D4C-0E8C-4F90-9BF0-DF151C3D99F0'
11-12 22:57:11 com_github_MitjaNemec_ReplicateLayout.replicate_layout 895:found match in dst footprint: 'LED191'
11-12 22:57:11 com_github_MitjaNemec_ReplicateLayout.replicate_layout 990:Src text UUid:cb110f2a-a8eb-4aca-b5bc-ff7ccb902aef
11-12 22:57:11 com_github_MitjaNemec_ReplicateLayout.replicate_layout 991:Dst text UUid:cf2bb45a-fad3-4b6e-815b-f34bf7c81ccf
11-12 22:57:11 com_github_MitjaNemec_ReplicateLayout.replicate_layout 990:Src text UUid:cbc54092-ef49-4a91-b324-f6377248bdf9
11-12 22:57:11 com_github_MitjaNemec_ReplicateLayout.replicate_layout 991:Dst text UUid:472cf4d9-1193-45db-aaaf-0daa4f6de899
11-12 22:57:11 com_github_MitjaNemec_ReplicateLayout.replicate_layout 990:Src text UUid:a432e7aa-3bd5-4cba-b765-9f5f9481582e
11-12 22:57:11 com_github_MitjaNemec_ReplicateLayout.replicate_layout 991:Dst text UUid:c083f5de-ffbb-499c-96ce-c654bf05e553
11-12 22:57:11 com_github_MitjaNemec_ReplicateLayout.replicate_layout 888:Replicating footprint: 'LED142'
11-12 22:57:11 com_github_MitjaNemec_ReplicateLayout.replicate_layout 835:Src fp.id: '0C09B42A-D4DF-4F87-AFF4-5296AF118FDF'
11-12 22:57:11 com_github_MitjaNemec_ReplicateLayout.replicate_layout 839:Dst fp.id: '0C09B42A-D4DF-4F87-AFF4-5296AF118FDF'
11-12 22:57:11 com_github_MitjaNemec_ReplicateLayout.replicate_layout 895:found match in dst footprint: 'LED190'
11-12 22:57:11 com_github_MitjaNemec_ReplicateLayout.replicate_layout 990:Src text UUid:9463e9d6-02d6-4857-9f39-9338e5245ef5
11-12 22:57:11 com_github_MitjaNemec_ReplicateLayout.replicate_layout 991:Dst text UUid:95d7b41e-a00e-4d1a-b75f-6a97475f9d56
11-12 22:57:11 com_github_MitjaNemec_ReplicateLayout.replicate_layout 990:Src text UUid:0739365c-df74-44fd-a386-04c3841e72b1
11-12 22:57:11 com_github_MitjaNemec_ReplicateLayout.replicate_layout 991:Dst text UUid:47c10640-34b0-48ff-99ce-c57b34e6bb38
11-12 22:57:11 com_github_MitjaNemec_ReplicateLayout.replicate_layout 990:Src text UUid:5d666820-e369-4ddd-b676-a3f134ad7960
11-12 22:57:11 com_github_MitjaNemec_ReplicateLayout.replicate_layout 991:Dst text UUid:4817d36a-4996-46d3-8840-ac1dce422227
11-12 22:57:11 com_github_MitjaNemec_ReplicateLayout.replicate_layout 888:Replicating footprint: 'LED144'
11-12 22:57:11 com_github_MitjaNemec_ReplicateLayout.replicate_layout 835:Src fp.id: '0810E186-22BD-4094-A943-28056DB37E18'
11-12 22:57:11 com_github_MitjaNemec_ReplicateLayout.replicate_layout 839:Dst fp.id: '0810E186-22BD-4094-A943-28056DB37E18'
11-12 22:57:11 com_github_MitjaNemec_ReplicateLayout.replicate_layout 895:found match in dst footprint: 'LED192'
11-12 22:57:11 com_github_MitjaNemec_ReplicateLayout.replicate_layout 990:Src text UUid:d4f51115-0b40-4019-a418-64c3b5390a72
11-12 22:57:11 com_github_MitjaNemec_ReplicateLayout.replicate_layout 991:Dst text UUid:4f97d600-7995-4655-b5a4-c4fe74b170e5
11-12 22:57:11 com_github_MitjaNemec_ReplicateLayout.replicate_layout 990:Src text UUid:0ff00c33-2d97-415c-a383-5b222a06a46e
11-12 22:57:11 com_github_MitjaNemec_ReplicateLayout.replicate_layout 991:Dst text UUid:a9e17066-f876-4285-ae9e-79ef0e6c228e
11-12 22:57:11 com_github_MitjaNemec_ReplicateLayout.replicate_layout 990:Src text UUid:dde8ebf1-c0d6-4c52-86e2-7e3a65d80d5a
11-12 22:57:11 com_github_MitjaNemec_ReplicateLayout.replicate_layout 991:Dst text UUid:7cf78b11-32db-4e6e-a9ca-2d7a13a1f6b5
11-12 22:57:11 com_github_MitjaNemec_ReplicateLayout.replicate_layout 870:Replicating footprints on sheet ['Bottom', 'LEDs_Bottom', 'LEDS_discreet2', 'LED_single2']
11-12 22:57:11 com_github_MitjaNemec_ReplicateLayout.replicate_layout 835:Src fp.id: '0C09B42A-D4DF-4F87-AFF4-5296AF118FDF'
11-12 22:57:11 com_github_MitjaNemec_ReplicateLayout.replicate_layout 839:Dst fp.id: '0C09B42A-D4DF-4F87-AFF4-5296AF118FDF'
11-12 22:57:11 com_github_MitjaNemec_ReplicateLayout.replicate_layout 888:Replicating footprint: 'U153'
11-12 22:57:11 com_github_MitjaNemec_ReplicateLayout.replicate_layout 835:Src fp.id: 'EB896E0D-DC1C-402A-A83E-7193E291B78E'
11-12 22:57:11 com_github_MitjaNemec_ReplicateLayout.replicate_layout 839:Dst fp.id: 'EB896E0D-DC1C-402A-A83E-7193E291B78E'
11-12 22:57:11 com_github_MitjaNemec_ReplicateLayout.replicate_layout 895:found match in dst footprint: 'U190'
11-12 22:57:11 com_github_MitjaNemec_ReplicateLayout.replicate_layout 990:Src text UUid:110b3224-b357-4118-9c08-b3fded705e4b
11-12 22:57:11 com_github_MitjaNemec_ReplicateLayout.replicate_layout 991:Dst text UUid:e9b34333-a6d2-4074-a81b-4c21b4fc6a62
11-12 22:57:11 com_github_MitjaNemec_ReplicateLayout.replicate_layout 990:Src text UUid:b9e7f770-21cd-4948-9662-6e0ac7df885e
11-12 22:57:11 com_github_MitjaNemec_ReplicateLayout.replicate_layout 991:Dst text UUid:3fd1714b-117c-4281-9b92-1301825237dd
11-12 22:57:11 com_github_MitjaNemec_ReplicateLayout.replicate_layout 990:Src text UUid:eaba7cf7-101e-4672-ad3c-d50ac347e980
11-12 22:57:11 com_github_MitjaNemec_ReplicateLayout.replicate_layout 991:Dst text UUid:812f3ee4-b662-42cd-833d-be052a31cc71
11-12 22:57:11 com_github_MitjaNemec_ReplicateLayout.replicate_layout 888:Replicating footprint: 'R196'
11-12 22:57:11 root 345:updating GUI with: 9
11-12 22:57:11 com_github_MitjaNemec_ReplicateLayout.replicate_layout 835:Src fp.id: '28A8D9BC-2140-4FD7-9BA9-4E17A2CADB20'
11-12 22:57:11 com_github_MitjaNemec_ReplicateLayout.replicate_layout 839:Dst fp.id: '28A8D9BC-2140-4FD7-9BA9-4E17A2CADB20'
11-12 22:57:11 com_github_MitjaNemec_ReplicateLayout.replicate_layout 895:found match in dst footprint: 'R247'
11-12 22:57:11 com_github_MitjaNemec_ReplicateLayout.replicate_layout 990:Src text UUid:10a75789-866c-466a-b99e-1669393a4dc9
11-12 22:57:11 com_github_MitjaNemec_ReplicateLayout.replicate_layout 991:Dst text UUid:f665cf24-6057-463a-bf31-8d40c7b61e83
11-12 22:57:11 com_github_MitjaNemec_ReplicateLayout.replicate_layout 990:Src text UUid:26f5deef-302c-459b-9fc1-9a4618773440
11-12 22:57:11 com_github_MitjaNemec_ReplicateLayout.replicate_layout 991:Dst text UUid:52f769a4-aa57-419d-87e4-44efbb01763b
11-12 22:57:11 com_github_MitjaNemec_ReplicateLayout.replicate_layout 990:Src text UUid:a58fc8cd-c2ef-4a2e-8f35-9edf2c2f6adb
11-12 22:57:11 com_github_MitjaNemec_ReplicateLayout.replicate_layout 991:Dst text UUid:f9091719-881f-4c54-bc8d-4628955b6640
11-12 22:57:11 com_github_MitjaNemec_ReplicateLayout.replicate_layout 888:Replicating footprint: 'R197'
11-12 22:57:11 com_github_MitjaNemec_ReplicateLayout.replicate_layout 835:Src fp.id: '55391442-DACB-4265-94E5-89EFFD14C302'
11-12 22:57:11 com_github_MitjaNemec_ReplicateLayout.replicate_layout 839:Dst fp.id: '55391442-DACB-4265-94E5-89EFFD14C302'
11-12 22:57:11 com_github_MitjaNemec_ReplicateLayout.replicate_layout 895:found match in dst footprint: 'R248'
11-12 22:57:11 com_github_MitjaNemec_ReplicateLayout.replicate_layout 990:Src text UUid:6cd10716-af31-44d4-bad9-a9da97fd4924
11-12 22:57:11 com_github_MitjaNemec_ReplicateLayout.replicate_layout 991:Dst text UUid:2942a7ec-a550-4e22-ad9f-07068fcebefa
11-12 22:57:11 com_github_MitjaNemec_ReplicateLayout.replicate_layout 990:Src text UUid:65380ce8-601c-4762-983f-4bdb6ed67bde
11-12 22:57:11 com_github_MitjaNemec_ReplicateLayout.replicate_layout 991:Dst text UUid:e63196cd-1c3f-4d1c-876a-e58e247c4a52
11-12 22:57:11 com_github_MitjaNemec_ReplicateLayout.replicate_layout 990:Src text UUid:94d012b9-077f-436c-a4d8-e5bb00c165ba
11-12 22:57:11 com_github_MitjaNemec_ReplicateLayout.replicate_layout 991:Dst text UUid:2b0fee23-8041-4e53-9cd6-33ff468a4c45
11-12 22:57:11 com_github_MitjaNemec_ReplicateLayout.replicate_layout 888:Replicating footprint: 'U152'
11-12 22:57:11 com_github_MitjaNemec_ReplicateLayout.replicate_layout 835:Src fp.id: '62B3827C-A320-4AD6-A424-1485EF65900D'
11-12 22:57:11 com_github_MitjaNemec_ReplicateLayout.replicate_layout 839:Dst fp.id: '62B3827C-A320-4AD6-A424-1485EF65900D'
11-12 22:57:11 com_github_MitjaNemec_ReplicateLayout.replicate_layout 895:found match in dst footprint: 'U189'
11-12 22:57:11 com_github_MitjaNemec_ReplicateLayout.replicate_layout 990:Src text UUid:c50c72b1-94e3-4159-a219-37f741e82a7c
11-12 22:57:11 com_github_MitjaNemec_ReplicateLayout.replicate_layout 991:Dst text UUid:9b054d5f-8bb4-4013-aa3c-c376ac94d9c9
11-12 22:57:11 com_github_MitjaNemec_ReplicateLayout.replicate_layout 990:Src text UUid:292e74a5-6b55-4359-be57-8b0026051126
11-12 22:57:11 com_github_MitjaNemec_ReplicateLayout.replicate_layout 991:Dst text UUid:b2b1075e-eee7-4a53-aa6a-c42fc5cdabe1
11-12 22:57:11 com_github_MitjaNemec_ReplicateLayout.replicate_layout 990:Src text UUid:22c9f63c-bdf9-47e9-ae01-74d81cfbd908
11-12 22:57:11 com_github_MitjaNemec_ReplicateLayout.replicate_layout 991:Dst text UUid:9303a464-3c17-4078-958e-7800849f0b68
11-12 22:57:11 com_github_MitjaNemec_ReplicateLayout.replicate_layout 888:Replicating footprint: 'R198'
11-12 22:57:11 com_github_MitjaNemec_ReplicateLayout.replicate_layout 835:Src fp.id: '2D77C678-F455-47D6-93BD-3ED95A089C96'
11-12 22:57:11 com_github_MitjaNemec_ReplicateLayout.replicate_layout 839:Dst fp.id: '2D77C678-F455-47D6-93BD-3ED95A089C96'
11-12 22:57:11 com_github_MitjaNemec_ReplicateLayout.replicate_layout 895:found match in dst footprint: 'R249'
11-12 22:57:11 com_github_MitjaNemec_ReplicateLayout.replicate_layout 990:Src text UUid:026024b2-ee3d-495c-b376-571543d60a54
11-12 22:57:11 com_github_MitjaNemec_ReplicateLayout.replicate_layout 991:Dst text UUid:a11ed1b0-898c-4f6b-9c98-12553fd7b620
11-12 22:57:11 com_github_MitjaNemec_ReplicateLayout.replicate_layout 990:Src text UUid:23dd6946-9981-4c83-9d25-050d5e9bece6
11-12 22:57:11 com_github_MitjaNemec_ReplicateLayout.replicate_layout 991:Dst text UUid:c30c4f05-71b9-4765-8885-c08da51feb1c
11-12 22:57:11 com_github_MitjaNemec_ReplicateLayout.replicate_layout 990:Src text UUid:8cb67b8b-8668-4222-8264-d0248233162e
11-12 22:57:11 com_github_MitjaNemec_ReplicateLayout.replicate_layout 991:Dst text UUid:cd9d265d-abda-4677-aea8-1b98d21911e2
11-12 22:57:11 com_github_MitjaNemec_ReplicateLayout.replicate_layout 888:Replicating footprint: 'LED143'
11-12 22:57:11 com_github_MitjaNemec_ReplicateLayout.replicate_layout 835:Src fp.id: '2ABC1D4C-0E8C-4F90-9BF0-DF151C3D99F0'
11-12 22:57:11 com_github_MitjaNemec_ReplicateLayout.replicate_layout 839:Dst fp.id: '2ABC1D4C-0E8C-4F90-9BF0-DF151C3D99F0'
11-12 22:57:11 com_github_MitjaNemec_ReplicateLayout.replicate_layout 895:found match in dst footprint: 'LED194'
11-12 22:57:11 com_github_MitjaNemec_ReplicateLayout.replicate_layout 990:Src text UUid:cb110f2a-a8eb-4aca-b5bc-ff7ccb902aef
11-12 22:57:11 com_github_MitjaNemec_ReplicateLayout.replicate_layout 991:Dst text UUid:dfa5ddf9-3dde-4b42-b28a-d21145a3894f
11-12 22:57:11 com_github_MitjaNemec_ReplicateLayout.replicate_layout 990:Src text UUid:cbc54092-ef49-4a91-b324-f6377248bdf9
11-12 22:57:11 com_github_MitjaNemec_ReplicateLayout.replicate_layout 991:Dst text UUid:eaaf759b-efb0-4608-b0a8-319d738e5c84
11-12 22:57:11 com_github_MitjaNemec_ReplicateLayout.replicate_layout 990:Src text UUid:a432e7aa-3bd5-4cba-b765-9f5f9481582e
11-12 22:57:11 com_github_MitjaNemec_ReplicateLayout.replicate_layout 991:Dst text UUid:978f3596-5c9d-40f3-b359-8f675dc9517c
11-12 22:57:11 com_github_MitjaNemec_ReplicateLayout.replicate_layout 888:Replicating footprint: 'LED142'
11-12 22:57:11 com_github_MitjaNemec_ReplicateLayout.replicate_layout 835:Src fp.id: '0C09B42A-D4DF-4F87-AFF4-5296AF118FDF'
11-12 22:57:11 com_github_MitjaNemec_ReplicateLayout.replicate_layout 839:Dst fp.id: '0C09B42A-D4DF-4F87-AFF4-5296AF118FDF'
11-12 22:57:11 com_github_MitjaNemec_ReplicateLayout.replicate_layout 895:found match in dst footprint: 'LED193'
11-12 22:57:11 com_github_MitjaNemec_ReplicateLayout.replicate_layout 990:Src text UUid:9463e9d6-02d6-4857-9f39-9338e5245ef5
11-12 22:57:11 com_github_MitjaNemec_ReplicateLayout.replicate_layout 991:Dst text UUid:b4e19fc7-710f-4dc3-849c-f35b9d676d95
11-12 22:57:11 com_github_MitjaNemec_ReplicateLayout.replicate_layout 990:Src text UUid:0739365c-df74-44fd-a386-04c3841e72b1
11-12 22:57:11 com_github_MitjaNemec_ReplicateLayout.replicate_layout 991:Dst text UUid:837374a6-7a6e-4b47-b904-c5d04e029969
11-12 22:57:11 com_github_MitjaNemec_ReplicateLayout.replicate_layout 990:Src text UUid:5d666820-e369-4ddd-b676-a3f134ad7960
11-12 22:57:11 com_github_MitjaNemec_ReplicateLayout.replicate_layout 991:Dst text UUid:f30ad1dd-b7d1-45ac-9b45-438f2607f9da
11-12 22:57:11 com_github_MitjaNemec_ReplicateLayout.replicate_layout 888:Replicating footprint: 'LED144'
11-12 22:57:11 com_github_MitjaNemec_ReplicateLayout.replicate_layout 835:Src fp.id: '0810E186-22BD-4094-A943-28056DB37E18'
11-12 22:57:11 com_github_MitjaNemec_ReplicateLayout.replicate_layout 839:Dst fp.id: '0810E186-22BD-4094-A943-28056DB37E18'
11-12 22:57:11 com_github_MitjaNemec_ReplicateLayout.replicate_layout 895:found match in dst footprint: 'LED195'
11-12 22:57:11 com_github_MitjaNemec_ReplicateLayout.replicate_layout 990:Src text UUid:d4f51115-0b40-4019-a418-64c3b5390a72
11-12 22:57:11 com_github_MitjaNemec_ReplicateLayout.replicate_layout 991:Dst text UUid:d2d1452f-3b97-48be-9a23-af5560b8e05b
11-12 22:57:11 com_github_MitjaNemec_ReplicateLayout.replicate_layout 990:Src text UUid:0ff00c33-2d97-415c-a383-5b222a06a46e
11-12 22:57:11 com_github_MitjaNemec_ReplicateLayout.replicate_layout 991:Dst text UUid:ce58daf2-1f2b-4990-9bb7-5232fda2c2a7
11-12 22:57:11 com_github_MitjaNemec_ReplicateLayout.replicate_layout 990:Src text UUid:dde8ebf1-c0d6-4c52-86e2-7e3a65d80d5a
11-12 22:57:11 com_github_MitjaNemec_ReplicateLayout.replicate_layout 991:Dst text UUid:9231f2fe-7b7f-4c1c-8ecb-7759139c7375
11-12 22:57:11 com_github_MitjaNemec_ReplicateLayout.replicate_layout 870:Replicating footprints on sheet ['Bottom', 'LEDs_Bottom', 'LEDS_discreet2', 'LED_single3']
11-12 22:57:11 com_github_MitjaNemec_ReplicateLayout.replicate_layout 835:Src fp.id: '0C09B42A-D4DF-4F87-AFF4-5296AF118FDF'
11-12 22:57:11 com_github_MitjaNemec_ReplicateLayout.replicate_layout 839:Dst fp.id: '0C09B42A-D4DF-4F87-AFF4-5296AF118FDF'
11-12 22:57:11 com_github_MitjaNemec_ReplicateLayout.replicate_layout 888:Replicating footprint: 'U153'
11-12 22:57:11 com_github_MitjaNemec_ReplicateLayout.replicate_layout 835:Src fp.id: 'EB896E0D-DC1C-402A-A83E-7193E291B78E'
11-12 22:57:11 com_github_MitjaNemec_ReplicateLayout.replicate_layout 839:Dst fp.id: 'EB896E0D-DC1C-402A-A83E-7193E291B78E'
11-12 22:57:11 com_github_MitjaNemec_ReplicateLayout.replicate_layout 895:found match in dst footprint: 'U192'
11-12 22:57:11 com_github_MitjaNemec_ReplicateLayout.replicate_layout 990:Src text UUid:110b3224-b357-4118-9c08-b3fded705e4b
11-12 22:57:11 com_github_MitjaNemec_ReplicateLayout.replicate_layout 991:Dst text UUid:7fc97bde-5c03-4ccf-9df5-ad77e3be5f77
11-12 22:57:11 com_github_MitjaNemec_ReplicateLayout.replicate_layout 990:Src text UUid:b9e7f770-21cd-4948-9662-6e0ac7df885e
11-12 22:57:11 com_github_MitjaNemec_ReplicateLayout.replicate_layout 991:Dst text UUid:0cd9d6b4-f7a4-4f48-8c52-258fbcee26ab
11-12 22:57:11 com_github_MitjaNemec_ReplicateLayout.replicate_layout 990:Src text UUid:eaba7cf7-101e-4672-ad3c-d50ac347e980
11-12 22:57:11 com_github_MitjaNemec_ReplicateLayout.replicate_layout 991:Dst text UUid:ba85b629-612e-4ba4-b013-8071a0d92aa9
11-12 22:57:11 com_github_MitjaNemec_ReplicateLayout.replicate_layout 888:Replicating footprint: 'R196'
11-12 22:57:11 com_github_MitjaNemec_ReplicateLayout.replicate_layout 835:Src fp.id: '28A8D9BC-2140-4FD7-9BA9-4E17A2CADB20'
11-12 22:57:11 com_github_MitjaNemec_ReplicateLayout.replicate_layout 839:Dst fp.id: '28A8D9BC-2140-4FD7-9BA9-4E17A2CADB20'
11-12 22:57:11 com_github_MitjaNemec_ReplicateLayout.replicate_layout 895:found match in dst footprint: 'R250'
11-12 22:57:11 com_github_MitjaNemec_ReplicateLayout.replicate_layout 990:Src text UUid:10a75789-866c-466a-b99e-1669393a4dc9
11-12 22:57:11 com_github_MitjaNemec_ReplicateLayout.replicate_layout 991:Dst text UUid:b5e72e6e-2ecf-4b9b-b7b5-cb7b9d7aee30
11-12 22:57:11 com_github_MitjaNemec_ReplicateLayout.replicate_layout 990:Src text UUid:26f5deef-302c-459b-9fc1-9a4618773440
11-12 22:57:11 com_github_MitjaNemec_ReplicateLayout.replicate_layout 991:Dst text UUid:b1b6eef7-1d0d-41a9-87fe-3fc8b8e048a2
11-12 22:57:11 com_github_MitjaNemec_ReplicateLayout.replicate_layout 990:Src text UUid:a58fc8cd-c2ef-4a2e-8f35-9edf2c2f6adb
11-12 22:57:11 com_github_MitjaNemec_ReplicateLayout.replicate_layout 991:Dst text UUid:531848c7-419c-44dd-826e-5e8c36152afb
11-12 22:57:11 com_github_MitjaNemec_ReplicateLayout.replicate_layout 888:Replicating footprint: 'R197'
11-12 22:57:11 com_github_MitjaNemec_ReplicateLayout.replicate_layout 835:Src fp.id: '55391442-DACB-4265-94E5-89EFFD14C302'
11-12 22:57:11 com_github_MitjaNemec_ReplicateLayout.replicate_layout 839:Dst fp.id: '55391442-DACB-4265-94E5-89EFFD14C302'
11-12 22:57:11 com_github_MitjaNemec_ReplicateLayout.replicate_layout 895:found match in dst footprint: 'R251'
11-12 22:57:11 com_github_MitjaNemec_ReplicateLayout.replicate_layout 990:Src text UUid:6cd10716-af31-44d4-bad9-a9da97fd4924
11-12 22:57:11 com_github_MitjaNemec_ReplicateLayout.replicate_layout 991:Dst text UUid:9a81884f-7336-4b63-9ed3-768e4bc568ab
11-12 22:57:11 com_github_MitjaNemec_ReplicateLayout.replicate_layout 990:Src text UUid:65380ce8-601c-4762-983f-4bdb6ed67bde
11-12 22:57:11 com_github_MitjaNemec_ReplicateLayout.replicate_layout 991:Dst text UUid:a7dd8400-a028-41a5-85d2-49e9ade29dd3
11-12 22:57:11 com_github_MitjaNemec_ReplicateLayout.replicate_layout 990:Src text UUid:94d012b9-077f-436c-a4d8-e5bb00c165ba
11-12 22:57:11 com_github_MitjaNemec_ReplicateLayout.replicate_layout 991:Dst text UUid:8ef2af32-e547-446a-87ac-cb3f231573f6
11-12 22:57:11 com_github_MitjaNemec_ReplicateLayout.replicate_layout 888:Replicating footprint: 'U152'
11-12 22:57:11 com_github_MitjaNemec_ReplicateLayout.replicate_layout 835:Src fp.id: '62B3827C-A320-4AD6-A424-1485EF65900D'
11-12 22:57:11 com_github_MitjaNemec_ReplicateLayout.replicate_layout 839:Dst fp.id: '62B3827C-A320-4AD6-A424-1485EF65900D'
11-12 22:57:11 com_github_MitjaNemec_ReplicateLayout.replicate_layout 895:found match in dst footprint: 'U191'
11-12 22:57:11 com_github_MitjaNemec_ReplicateLayout.replicate_layout 990:Src text UUid:c50c72b1-94e3-4159-a219-37f741e82a7c
11-12 22:57:11 com_github_MitjaNemec_ReplicateLayout.replicate_layout 991:Dst text UUid:5cdb6f65-80b4-475d-99db-3c519686f353
11-12 22:57:11 com_github_MitjaNemec_ReplicateLayout.replicate_layout 990:Src text UUid:292e74a5-6b55-4359-be57-8b0026051126
11-12 22:57:11 com_github_MitjaNemec_ReplicateLayout.replicate_layout 991:Dst text UUid:c59b0f59-9fb5-46b8-bcfa-9af41a87d2e2
11-12 22:57:11 com_github_MitjaNemec_ReplicateLayout.replicate_layout 990:Src text UUid:22c9f63c-bdf9-47e9-ae01-74d81cfbd908
11-12 22:57:11 com_github_MitjaNemec_ReplicateLayout.replicate_layout 991:Dst text UUid:bfe08f99-baf2-4e98-bfba-1f665d60c8d7
11-12 22:57:11 com_github_MitjaNemec_ReplicateLayout.replicate_layout 888:Replicating footprint: 'R198'
11-12 22:57:11 com_github_MitjaNemec_ReplicateLayout.replicate_layout 835:Src fp.id: '2D77C678-F455-47D6-93BD-3ED95A089C96'
11-12 22:57:11 com_github_MitjaNemec_ReplicateLayout.replicate_layout 839:Dst fp.id: '2D77C678-F455-47D6-93BD-3ED95A089C96'
11-12 22:57:11 com_github_MitjaNemec_ReplicateLayout.replicate_layout 895:found match in dst footprint: 'R252'
11-12 22:57:11 com_github_MitjaNemec_ReplicateLayout.replicate_layout 990:Src text UUid:026024b2-ee3d-495c-b376-571543d60a54
11-12 22:57:11 com_github_MitjaNemec_ReplicateLayout.replicate_layout 991:Dst text UUid:af0fc481-8dfe-4e8a-8415-f35294f5f45f
11-12 22:57:11 com_github_MitjaNemec_ReplicateLayout.replicate_layout 990:Src text UUid:23dd6946-9981-4c83-9d25-050d5e9bece6
11-12 22:57:11 com_github_MitjaNemec_ReplicateLayout.replicate_layout 991:Dst text UUid:c2933ac6-dd46-441a-8fec-3efceced59d2
11-12 22:57:11 com_github_MitjaNemec_ReplicateLayout.replicate_layout 990:Src text UUid:8cb67b8b-8668-4222-8264-d0248233162e
11-12 22:57:11 com_github_MitjaNemec_ReplicateLayout.replicate_layout 991:Dst text UUid:e4887d08-c83b-4727-9fd4-9295f8183afd
11-12 22:57:11 com_github_MitjaNemec_ReplicateLayout.replicate_layout 888:Replicating footprint: 'LED143'
11-12 22:57:11 com_github_MitjaNemec_ReplicateLayout.replicate_layout 835:Src fp.id: '2ABC1D4C-0E8C-4F90-9BF0-DF151C3D99F0'
11-12 22:57:11 com_github_MitjaNemec_ReplicateLayout.replicate_layout 839:Dst fp.id: '2ABC1D4C-0E8C-4F90-9BF0-DF151C3D99F0'
11-12 22:57:11 com_github_MitjaNemec_ReplicateLayout.replicate_layout 895:found match in dst footprint: 'LED197'
11-12 22:57:11 com_github_MitjaNemec_ReplicateLayout.replicate_layout 990:Src text UUid:cb110f2a-a8eb-4aca-b5bc-ff7ccb902aef
11-12 22:57:11 com_github_MitjaNemec_ReplicateLayout.replicate_layout 991:Dst text UUid:cd418604-cdaa-4344-aaff-164c86c0fe1e
11-12 22:57:11 com_github_MitjaNemec_ReplicateLayout.replicate_layout 990:Src text UUid:cbc54092-ef49-4a91-b324-f6377248bdf9
11-12 22:57:11 com_github_MitjaNemec_ReplicateLayout.replicate_layout 991:Dst text UUid:b4e3c359-1826-4666-be14-fa76b2295459
11-12 22:57:11 com_github_MitjaNemec_ReplicateLayout.replicate_layout 990:Src text UUid:a432e7aa-3bd5-4cba-b765-9f5f9481582e
11-12 22:57:11 com_github_MitjaNemec_ReplicateLayout.replicate_layout 991:Dst text UUid:14e74efd-4748-41a9-8515-53b679a99483
11-12 22:57:11 com_github_MitjaNemec_ReplicateLayout.replicate_layout 888:Replicating footprint: 'LED142'
11-12 22:57:11 com_github_MitjaNemec_ReplicateLayout.replicate_layout 835:Src fp.id: '0C09B42A-D4DF-4F87-AFF4-5296AF118FDF'
11-12 22:57:11 com_github_MitjaNemec_ReplicateLayout.replicate_layout 839:Dst fp.id: '0C09B42A-D4DF-4F87-AFF4-5296AF118FDF'
11-12 22:57:11 com_github_MitjaNemec_ReplicateLayout.replicate_layout 895:found match in dst footprint: 'LED196'
11-12 22:57:11 com_github_MitjaNemec_ReplicateLayout.replicate_layout 990:Src text UUid:9463e9d6-02d6-4857-9f39-9338e5245ef5
11-12 22:57:11 com_github_MitjaNemec_ReplicateLayout.replicate_layout 991:Dst text UUid:e4305e02-44d6-44da-b9b7-2562af3d9253
11-12 22:57:11 com_github_MitjaNemec_ReplicateLayout.replicate_layout 990:Src text UUid:0739365c-df74-44fd-a386-04c3841e72b1
11-12 22:57:11 com_github_MitjaNemec_ReplicateLayout.replicate_layout 991:Dst text UUid:3a722a6c-a591-4f52-bdb7-a0d5b5c20a9d
11-12 22:57:11 com_github_MitjaNemec_ReplicateLayout.replicate_layout 990:Src text UUid:5d666820-e369-4ddd-b676-a3f134ad7960
11-12 22:57:11 com_github_MitjaNemec_ReplicateLayout.replicate_layout 991:Dst text UUid:5aa31327-d373-4098-9336-428018c810a7
11-12 22:57:11 com_github_MitjaNemec_ReplicateLayout.replicate_layout 888:Replicating footprint: 'LED144'
11-12 22:57:11 com_github_MitjaNemec_ReplicateLayout.replicate_layout 835:Src fp.id: '0810E186-22BD-4094-A943-28056DB37E18'
11-12 22:57:11 com_github_MitjaNemec_ReplicateLayout.replicate_layout 839:Dst fp.id: '0810E186-22BD-4094-A943-28056DB37E18'
11-12 22:57:11 com_github_MitjaNemec_ReplicateLayout.replicate_layout 895:found match in dst footprint: 'LED198'
11-12 22:57:11 com_github_MitjaNemec_ReplicateLayout.replicate_layout 990:Src text UUid:d4f51115-0b40-4019-a418-64c3b5390a72
11-12 22:57:11 com_github_MitjaNemec_ReplicateLayout.replicate_layout 991:Dst text UUid:c8630139-2540-4047-ba7b-39d6eb1a0f4f
11-12 22:57:11 com_github_MitjaNemec_ReplicateLayout.replicate_layout 990:Src text UUid:0ff00c33-2d97-415c-a383-5b222a06a46e
11-12 22:57:11 com_github_MitjaNemec_ReplicateLayout.replicate_layout 991:Dst text UUid:fdde57a1-a62c-4dea-8f19-f1c0418aebc4
11-12 22:57:11 com_github_MitjaNemec_ReplicateLayout.replicate_layout 990:Src text UUid:dde8ebf1-c0d6-4c52-86e2-7e3a65d80d5a
11-12 22:57:11 com_github_MitjaNemec_ReplicateLayout.replicate_layout 991:Dst text UUid:7d700135-795e-4d65-9721-6a57a98cc5cc
11-12 22:57:11 com_github_MitjaNemec_ReplicateLayout.replicate_layout 870:Replicating footprints on sheet ['Bottom', 'LEDs_Bottom', 'LEDS_discreet3', 'LED_single']
11-12 22:57:11 com_github_MitjaNemec_ReplicateLayout.replicate_layout 835:Src fp.id: '0C09B42A-D4DF-4F87-AFF4-5296AF118FDF'
11-12 22:57:11 com_github_MitjaNemec_ReplicateLayout.replicate_layout 839:Dst fp.id: '0C09B42A-D4DF-4F87-AFF4-5296AF118FDF'
11-12 22:57:11 com_github_MitjaNemec_ReplicateLayout.replicate_layout 888:Replicating footprint: 'U153'
11-12 22:57:11 com_github_MitjaNemec_ReplicateLayout.replicate_layout 835:Src fp.id: 'EB896E0D-DC1C-402A-A83E-7193E291B78E'
11-12 22:57:11 com_github_MitjaNemec_ReplicateLayout.replicate_layout 839:Dst fp.id: 'EB896E0D-DC1C-402A-A83E-7193E291B78E'
11-12 22:57:11 com_github_MitjaNemec_ReplicateLayout.replicate_layout 895:found match in dst footprint: 'U142'
11-12 22:57:11 com_github_MitjaNemec_ReplicateLayout.replicate_layout 990:Src text UUid:110b3224-b357-4118-9c08-b3fded705e4b
11-12 22:57:11 com_github_MitjaNemec_ReplicateLayout.replicate_layout 991:Dst text UUid:eefdded6-ccd2-4e60-8f25-144ef71e8944
11-12 22:57:11 com_github_MitjaNemec_ReplicateLayout.replicate_layout 990:Src text UUid:b9e7f770-21cd-4948-9662-6e0ac7df885e
11-12 22:57:11 com_github_MitjaNemec_ReplicateLayout.replicate_layout 991:Dst text UUid:8b4b85b0-df03-4d9a-a29c-0b75965837b1
11-12 22:57:11 com_github_MitjaNemec_ReplicateLayout.replicate_layout 990:Src text UUid:eaba7cf7-101e-4672-ad3c-d50ac347e980
11-12 22:57:11 com_github_MitjaNemec_ReplicateLayout.replicate_layout 991:Dst text UUid:f78089d5-0227-42d0-88cc-8eb9c3bd0735
11-12 22:57:11 com_github_MitjaNemec_ReplicateLayout.replicate_layout 888:Replicating footprint: 'R196'
11-12 22:57:11 root 345:updating GUI with: 13
11-12 22:57:11 com_github_MitjaNemec_ReplicateLayout.replicate_layout 835:Src fp.id: '28A8D9BC-2140-4FD7-9BA9-4E17A2CADB20'
11-12 22:57:11 com_github_MitjaNemec_ReplicateLayout.replicate_layout 839:Dst fp.id: '28A8D9BC-2140-4FD7-9BA9-4E17A2CADB20'
11-12 22:57:11 com_github_MitjaNemec_ReplicateLayout.replicate_layout 895:found match in dst footprint: 'R181'
11-12 22:57:11 com_github_MitjaNemec_ReplicateLayout.replicate_layout 990:Src text UUid:10a75789-866c-466a-b99e-1669393a4dc9
11-12 22:57:11 com_github_MitjaNemec_ReplicateLayout.replicate_layout 991:Dst text UUid:04bc312d-5984-4d16-a37d-23cc08d735ec
11-12 22:57:11 com_github_MitjaNemec_ReplicateLayout.replicate_layout 990:Src text UUid:26f5deef-302c-459b-9fc1-9a4618773440
11-12 22:57:11 com_github_MitjaNemec_ReplicateLayout.replicate_layout 991:Dst text UUid:c78561b3-548d-46d4-8432-2937e1f04a6d
11-12 22:57:11 com_github_MitjaNemec_ReplicateLayout.replicate_layout 990:Src text UUid:a58fc8cd-c2ef-4a2e-8f35-9edf2c2f6adb
11-12 22:57:11 com_github_MitjaNemec_ReplicateLayout.replicate_layout 991:Dst text UUid:fafc71fc-8349-4771-97f0-7adde2725e29
11-12 22:57:11 com_github_MitjaNemec_ReplicateLayout.replicate_layout 888:Replicating footprint: 'R197'
11-12 22:57:11 com_github_MitjaNemec_ReplicateLayout.replicate_layout 835:Src fp.id: '55391442-DACB-4265-94E5-89EFFD14C302'
11-12 22:57:11 com_github_MitjaNemec_ReplicateLayout.replicate_layout 839:Dst fp.id: '55391442-DACB-4265-94E5-89EFFD14C302'
11-12 22:57:11 com_github_MitjaNemec_ReplicateLayout.replicate_layout 895:found match in dst footprint: 'R182'
11-12 22:57:11 com_github_MitjaNemec_ReplicateLayout.replicate_layout 990:Src text UUid:6cd10716-af31-44d4-bad9-a9da97fd4924
11-12 22:57:11 com_github_MitjaNemec_ReplicateLayout.replicate_layout 991:Dst text UUid:9b963121-66a9-4be8-9c74-ad6a1a433063
11-12 22:57:11 com_github_MitjaNemec_ReplicateLayout.replicate_layout 990:Src text UUid:65380ce8-601c-4762-983f-4bdb6ed67bde
11-12 22:57:11 com_github_MitjaNemec_ReplicateLayout.replicate_layout 991:Dst text UUid:590d05c8-3678-4a70-9c92-84ce972ff0a3
11-12 22:57:11 com_github_MitjaNemec_ReplicateLayout.replicate_layout 990:Src text UUid:94d012b9-077f-436c-a4d8-e5bb00c165ba
11-12 22:57:11 com_github_MitjaNemec_ReplicateLayout.replicate_layout 991:Dst text UUid:256ce105-2442-48f6-ac42-16e7f6bd3107
11-12 22:57:11 com_github_MitjaNemec_ReplicateLayout.replicate_layout 888:Replicating footprint: 'U152'
11-12 22:57:11 com_github_MitjaNemec_ReplicateLayout.replicate_layout 835:Src fp.id: '62B3827C-A320-4AD6-A424-1485EF65900D'
11-12 22:57:11 com_github_MitjaNemec_ReplicateLayout.replicate_layout 839:Dst fp.id: '62B3827C-A320-4AD6-A424-1485EF65900D'
11-12 22:57:11 com_github_MitjaNemec_ReplicateLayout.replicate_layout 895:found match in dst footprint: 'U141'
11-12 22:57:11 com_github_MitjaNemec_ReplicateLayout.replicate_layout 990:Src text UUid:c50c72b1-94e3-4159-a219-37f741e82a7c
11-12 22:57:11 com_github_MitjaNemec_ReplicateLayout.replicate_layout 991:Dst text UUid:0d049e1c-831e-43fa-91a9-241199577003
11-12 22:57:11 com_github_MitjaNemec_ReplicateLayout.replicate_layout 990:Src text UUid:292e74a5-6b55-4359-be57-8b0026051126
11-12 22:57:11 com_github_MitjaNemec_ReplicateLayout.replicate_layout 991:Dst text UUid:590d8b5e-37f3-4cc3-8ed2-41febd77e3aa
11-12 22:57:11 com_github_MitjaNemec_ReplicateLayout.replicate_layout 990:Src text UUid:22c9f63c-bdf9-47e9-ae01-74d81cfbd908
11-12 22:57:11 com_github_MitjaNemec_ReplicateLayout.replicate_layout 991:Dst text UUid:8e225e68-b1ff-480e-96c3-47cac7968361
11-12 22:57:11 com_github_MitjaNemec_ReplicateLayout.replicate_layout 888:Replicating footprint: 'R198'
11-12 22:57:11 com_github_MitjaNemec_ReplicateLayout.replicate_layout 835:Src fp.id: '2D77C678-F455-47D6-93BD-3ED95A089C96'
11-12 22:57:11 com_github_MitjaNemec_ReplicateLayout.replicate_layout 839:Dst fp.id: '2D77C678-F455-47D6-93BD-3ED95A089C96'
11-12 22:57:11 com_github_MitjaNemec_ReplicateLayout.replicate_layout 895:found match in dst footprint: 'R183'
11-12 22:57:11 com_github_MitjaNemec_ReplicateLayout.replicate_layout 990:Src text UUid:026024b2-ee3d-495c-b376-571543d60a54
11-12 22:57:11 com_github_MitjaNemec_ReplicateLayout.replicate_layout 991:Dst text UUid:4ae4b47b-8318-4652-9f45-b76ade2b699e
11-12 22:57:11 com_github_MitjaNemec_ReplicateLayout.replicate_layout 990:Src text UUid:23dd6946-9981-4c83-9d25-050d5e9bece6
11-12 22:57:11 com_github_MitjaNemec_ReplicateLayout.replicate_layout 991:Dst text UUid:0c83e1af-284d-4842-a9ab-21f82aee65f0
11-12 22:57:11 com_github_MitjaNemec_ReplicateLayout.replicate_layout 990:Src text UUid:8cb67b8b-8668-4222-8264-d0248233162e
11-12 22:57:11 com_github_MitjaNemec_ReplicateLayout.replicate_layout 991:Dst text UUid:e6e71c28-42c3-4647-8094-b128787cfeb7
11-12 22:57:11 com_github_MitjaNemec_ReplicateLayout.replicate_layout 888:Replicating footprint: 'LED143'
11-12 22:57:11 com_github_MitjaNemec_ReplicateLayout.replicate_layout 835:Src fp.id: '2ABC1D4C-0E8C-4F90-9BF0-DF151C3D99F0'
11-12 22:57:11 com_github_MitjaNemec_ReplicateLayout.replicate_layout 839:Dst fp.id: '2ABC1D4C-0E8C-4F90-9BF0-DF151C3D99F0'
11-12 22:57:11 com_github_MitjaNemec_ReplicateLayout.replicate_layout 895:found match in dst footprint: 'LED128'
11-12 22:57:11 com_github_MitjaNemec_ReplicateLayout.replicate_layout 990:Src text UUid:cb110f2a-a8eb-4aca-b5bc-ff7ccb902aef
11-12 22:57:11 com_github_MitjaNemec_ReplicateLayout.replicate_layout 991:Dst text UUid:274f04b8-aa71-4a2c-bc7e-4c003e9492b2
11-12 22:57:11 com_github_MitjaNemec_ReplicateLayout.replicate_layout 990:Src text UUid:cbc54092-ef49-4a91-b324-f6377248bdf9
11-12 22:57:11 com_github_MitjaNemec_ReplicateLayout.replicate_layout 991:Dst text UUid:0933a8c0-c528-4fb8-965f-b62a6233eec6
11-12 22:57:11 com_github_MitjaNemec_ReplicateLayout.replicate_layout 990:Src text UUid:a432e7aa-3bd5-4cba-b765-9f5f9481582e
11-12 22:57:11 com_github_MitjaNemec_ReplicateLayout.replicate_layout 991:Dst text UUid:e3c350e3-db42-4b5e-918e-605f12192fac
11-12 22:57:11 com_github_MitjaNemec_ReplicateLayout.replicate_layout 888:Replicating footprint: 'LED142'
11-12 22:57:11 com_github_MitjaNemec_ReplicateLayout.replicate_layout 835:Src fp.id: '0C09B42A-D4DF-4F87-AFF4-5296AF118FDF'
11-12 22:57:11 com_github_MitjaNemec_ReplicateLayout.replicate_layout 839:Dst fp.id: '0C09B42A-D4DF-4F87-AFF4-5296AF118FDF'
11-12 22:57:11 com_github_MitjaNemec_ReplicateLayout.replicate_layout 895:found match in dst footprint: 'LED127'
11-12 22:57:11 com_github_MitjaNemec_ReplicateLayout.replicate_layout 990:Src text UUid:9463e9d6-02d6-4857-9f39-9338e5245ef5
11-12 22:57:11 com_github_MitjaNemec_ReplicateLayout.replicate_layout 991:Dst text UUid:3b3cd979-d016-450f-bc69-8e1fd8755249
11-12 22:57:11 com_github_MitjaNemec_ReplicateLayout.replicate_layout 990:Src text UUid:0739365c-df74-44fd-a386-04c3841e72b1
11-12 22:57:11 com_github_MitjaNemec_ReplicateLayout.replicate_layout 991:Dst text UUid:037789cb-fae0-4f7c-a17a-23dbe21bc834
11-12 22:57:11 com_github_MitjaNemec_ReplicateLayout.replicate_layout 990:Src text UUid:5d666820-e369-4ddd-b676-a3f134ad7960
11-12 22:57:11 com_github_MitjaNemec_ReplicateLayout.replicate_layout 991:Dst text UUid:68dafaf2-e20d-4498-b793-224f8d191bb4
11-12 22:57:11 com_github_MitjaNemec_ReplicateLayout.replicate_layout 888:Replicating footprint: 'LED144'
11-12 22:57:11 com_github_MitjaNemec_ReplicateLayout.replicate_layout 835:Src fp.id: '0810E186-22BD-4094-A943-28056DB37E18'
11-12 22:57:11 com_github_MitjaNemec_ReplicateLayout.replicate_layout 839:Dst fp.id: '0810E186-22BD-4094-A943-28056DB37E18'
11-12 22:57:11 com_github_MitjaNemec_ReplicateLayout.replicate_layout 895:found match in dst footprint: 'LED129'
11-12 22:57:11 com_github_MitjaNemec_ReplicateLayout.replicate_layout 990:Src text UUid:d4f51115-0b40-4019-a418-64c3b5390a72
11-12 22:57:11 com_github_MitjaNemec_ReplicateLayout.replicate_layout 991:Dst text UUid:8860ba32-b78b-4eb3-9e63-58c9f6c386fc
11-12 22:57:11 com_github_MitjaNemec_ReplicateLayout.replicate_layout 990:Src text UUid:0ff00c33-2d97-415c-a383-5b222a06a46e
11-12 22:57:11 com_github_MitjaNemec_ReplicateLayout.replicate_layout 991:Dst text UUid:12d0c74f-5d37-44d6-8f20-dc9e5ee25887
11-12 22:57:11 com_github_MitjaNemec_ReplicateLayout.replicate_layout 990:Src text UUid:dde8ebf1-c0d6-4c52-86e2-7e3a65d80d5a
11-12 22:57:11 com_github_MitjaNemec_ReplicateLayout.replicate_layout 991:Dst text UUid:e9d51ce4-0cab-4c95-9e34-77d190aa849a
11-12 22:57:11 com_github_MitjaNemec_ReplicateLayout.replicate_layout 870:Replicating footprints on sheet ['Bottom', 'LEDs_Bottom', 'LEDS_discreet3', 'LED_single1']
11-12 22:57:11 com_github_MitjaNemec_ReplicateLayout.replicate_layout 835:Src fp.id: '0C09B42A-D4DF-4F87-AFF4-5296AF118FDF'
11-12 22:57:11 com_github_MitjaNemec_ReplicateLayout.replicate_layout 839:Dst fp.id: '0C09B42A-D4DF-4F87-AFF4-5296AF118FDF'
11-12 22:57:11 com_github_MitjaNemec_ReplicateLayout.replicate_layout 888:Replicating footprint: 'U153'
11-12 22:57:11 com_github_MitjaNemec_ReplicateLayout.replicate_layout 835:Src fp.id: 'EB896E0D-DC1C-402A-A83E-7193E291B78E'
11-12 22:57:11 com_github_MitjaNemec_ReplicateLayout.replicate_layout 839:Dst fp.id: 'EB896E0D-DC1C-402A-A83E-7193E291B78E'
11-12 22:57:11 com_github_MitjaNemec_ReplicateLayout.replicate_layout 895:found match in dst footprint: 'U144'
11-12 22:57:11 com_github_MitjaNemec_ReplicateLayout.replicate_layout 990:Src text UUid:110b3224-b357-4118-9c08-b3fded705e4b
11-12 22:57:11 com_github_MitjaNemec_ReplicateLayout.replicate_layout 991:Dst text UUid:64a00faf-bfd4-40b7-ae97-38ab1e5efc61
11-12 22:57:11 com_github_MitjaNemec_ReplicateLayout.replicate_layout 990:Src text UUid:b9e7f770-21cd-4948-9662-6e0ac7df885e
11-12 22:57:11 com_github_MitjaNemec_ReplicateLayout.replicate_layout 991:Dst text UUid:98578f7e-cca6-4f04-8373-5b2a693167db
11-12 22:57:11 com_github_MitjaNemec_ReplicateLayout.replicate_layout 990:Src text UUid:eaba7cf7-101e-4672-ad3c-d50ac347e980
11-12 22:57:11 com_github_MitjaNemec_ReplicateLayout.replicate_layout 991:Dst text UUid:a2bd07a6-c7f8-4c57-9752-ee02a71d9a88
11-12 22:57:11 com_github_MitjaNemec_ReplicateLayout.replicate_layout 888:Replicating footprint: 'R196'
11-12 22:57:11 com_github_MitjaNemec_ReplicateLayout.replicate_layout 835:Src fp.id: '28A8D9BC-2140-4FD7-9BA9-4E17A2CADB20'
11-12 22:57:11 com_github_MitjaNemec_ReplicateLayout.replicate_layout 839:Dst fp.id: '28A8D9BC-2140-4FD7-9BA9-4E17A2CADB20'
11-12 22:57:11 com_github_MitjaNemec_ReplicateLayout.replicate_layout 895:found match in dst footprint: 'R184'
11-12 22:57:11 com_github_MitjaNemec_ReplicateLayout.replicate_layout 990:Src text UUid:10a75789-866c-466a-b99e-1669393a4dc9
11-12 22:57:11 com_github_MitjaNemec_ReplicateLayout.replicate_layout 991:Dst text UUid:78455f27-3791-4a31-aee9-314cb8444fe9
11-12 22:57:11 com_github_MitjaNemec_ReplicateLayout.replicate_layout 990:Src text UUid:26f5deef-302c-459b-9fc1-9a4618773440
11-12 22:57:11 com_github_MitjaNemec_ReplicateLayout.replicate_layout 991:Dst text UUid:a0918355-0e4a-45ba-b88f-85f49348aa16
11-12 22:57:11 com_github_MitjaNemec_ReplicateLayout.replicate_layout 990:Src text UUid:a58fc8cd-c2ef-4a2e-8f35-9edf2c2f6adb
11-12 22:57:11 com_github_MitjaNemec_ReplicateLayout.replicate_layout 991:Dst text UUid:cbcf61d1-0975-47f2-9692-cfc58d2932dc
11-12 22:57:11 com_github_MitjaNemec_ReplicateLayout.replicate_layout 888:Replicating footprint: 'R197'
11-12 22:57:11 com_github_MitjaNemec_ReplicateLayout.replicate_layout 835:Src fp.id: '55391442-DACB-4265-94E5-89EFFD14C302'
11-12 22:57:11 com_github_MitjaNemec_ReplicateLayout.replicate_layout 839:Dst fp.id: '55391442-DACB-4265-94E5-89EFFD14C302'
11-12 22:57:11 com_github_MitjaNemec_ReplicateLayout.replicate_layout 895:found match in dst footprint: 'R185'
11-12 22:57:11 com_github_MitjaNemec_ReplicateLayout.replicate_layout 990:Src text UUid:6cd10716-af31-44d4-bad9-a9da97fd4924
11-12 22:57:11 com_github_MitjaNemec_ReplicateLayout.replicate_layout 991:Dst text UUid:1d87a4a7-748d-48a9-a556-0d994dd90ee4
11-12 22:57:11 com_github_MitjaNemec_ReplicateLayout.replicate_layout 990:Src text UUid:65380ce8-601c-4762-983f-4bdb6ed67bde
11-12 22:57:11 com_github_MitjaNemec_ReplicateLayout.replicate_layout 991:Dst text UUid:bf902cc2-f1db-45ca-af5f-8f3a9f1af8f7
11-12 22:57:11 com_github_MitjaNemec_ReplicateLayout.replicate_layout 990:Src text UUid:94d012b9-077f-436c-a4d8-e5bb00c165ba
11-12 22:57:11 com_github_MitjaNemec_ReplicateLayout.replicate_layout 991:Dst text UUid:34c0bcdc-4da5-493f-ab69-9f2723a644d5
11-12 22:57:11 com_github_MitjaNemec_ReplicateLayout.replicate_layout 888:Replicating footprint: 'U152'
11-12 22:57:11 com_github_MitjaNemec_ReplicateLayout.replicate_layout 835:Src fp.id: '62B3827C-A320-4AD6-A424-1485EF65900D'
11-12 22:57:11 com_github_MitjaNemec_ReplicateLayout.replicate_layout 839:Dst fp.id: '62B3827C-A320-4AD6-A424-1485EF65900D'
11-12 22:57:11 com_github_MitjaNemec_ReplicateLayout.replicate_layout 895:found match in dst footprint: 'U143'
11-12 22:57:11 com_github_MitjaNemec_ReplicateLayout.replicate_layout 990:Src text UUid:c50c72b1-94e3-4159-a219-37f741e82a7c
11-12 22:57:11 com_github_MitjaNemec_ReplicateLayout.replicate_layout 991:Dst text UUid:4b6940b6-ce87-4da1-9a2a-907008a65128
11-12 22:57:11 com_github_MitjaNemec_ReplicateLayout.replicate_layout 990:Src text UUid:292e74a5-6b55-4359-be57-8b0026051126
11-12 22:57:11 com_github_MitjaNemec_ReplicateLayout.replicate_layout 991:Dst text UUid:7e0609b1-3cbd-41fc-b856-6feaa1a402af
11-12 22:57:11 com_github_MitjaNemec_ReplicateLayout.replicate_layout 990:Src text UUid:22c9f63c-bdf9-47e9-ae01-74d81cfbd908
11-12 22:57:11 com_github_MitjaNemec_ReplicateLayout.replicate_layout 991:Dst text UUid:a2cb62fe-ae30-4021-a106-bea72cb5cf87
11-12 22:57:11 com_github_MitjaNemec_ReplicateLayout.replicate_layout 888:Replicating footprint: 'R198'
11-12 22:57:11 com_github_MitjaNemec_ReplicateLayout.replicate_layout 835:Src fp.id: '2D77C678-F455-47D6-93BD-3ED95A089C96'
11-12 22:57:11 com_github_MitjaNemec_ReplicateLayout.replicate_layout 839:Dst fp.id: '2D77C678-F455-47D6-93BD-3ED95A089C96'
11-12 22:57:11 com_github_MitjaNemec_ReplicateLayout.replicate_layout 895:found match in dst footprint: 'R186'
11-12 22:57:11 com_github_MitjaNemec_ReplicateLayout.replicate_layout 990:Src text UUid:026024b2-ee3d-495c-b376-571543d60a54
11-12 22:57:11 com_github_MitjaNemec_ReplicateLayout.replicate_layout 991:Dst text UUid:e53bcb7d-19a2-4350-8694-e56d00b53c53
11-12 22:57:11 com_github_MitjaNemec_ReplicateLayout.replicate_layout 990:Src text UUid:23dd6946-9981-4c83-9d25-050d5e9bece6
11-12 22:57:11 com_github_MitjaNemec_ReplicateLayout.replicate_layout 991:Dst text UUid:3c409536-fb1a-404a-ba77-c79cd922e49d
11-12 22:57:11 com_github_MitjaNemec_ReplicateLayout.replicate_layout 990:Src text UUid:8cb67b8b-8668-4222-8264-d0248233162e
11-12 22:57:11 com_github_MitjaNemec_ReplicateLayout.replicate_layout 991:Dst text UUid:49737d6f-7595-471a-8043-8ed001e897f1
11-12 22:57:11 com_github_MitjaNemec_ReplicateLayout.replicate_layout 888:Replicating footprint: 'LED143'
11-12 22:57:11 com_github_MitjaNemec_ReplicateLayout.replicate_layout 835:Src fp.id: '2ABC1D4C-0E8C-4F90-9BF0-DF151C3D99F0'
11-12 22:57:11 com_github_MitjaNemec_ReplicateLayout.replicate_layout 839:Dst fp.id: '2ABC1D4C-0E8C-4F90-9BF0-DF151C3D99F0'
11-12 22:57:11 com_github_MitjaNemec_ReplicateLayout.replicate_layout 895:found match in dst footprint: 'LED131'
11-12 22:57:11 com_github_MitjaNemec_ReplicateLayout.replicate_layout 990:Src text UUid:cb110f2a-a8eb-4aca-b5bc-ff7ccb902aef
11-12 22:57:11 com_github_MitjaNemec_ReplicateLayout.replicate_layout 991:Dst text UUid:25d8e667-ec87-42da-b0b0-0b622a86f2ad
11-12 22:57:11 com_github_MitjaNemec_ReplicateLayout.replicate_layout 990:Src text UUid:cbc54092-ef49-4a91-b324-f6377248bdf9
11-12 22:57:11 com_github_MitjaNemec_ReplicateLayout.replicate_layout 991:Dst text UUid:2df3882a-429c-4f24-89f0-89155f66296e
11-12 22:57:11 com_github_MitjaNemec_ReplicateLayout.replicate_layout 990:Src text UUid:a432e7aa-3bd5-4cba-b765-9f5f9481582e
11-12 22:57:11 com_github_MitjaNemec_ReplicateLayout.replicate_layout 991:Dst text UUid:0f52b4d0-d2e4-462a-af5a-4206641c1529
11-12 22:57:11 com_github_MitjaNemec_ReplicateLayout.replicate_layout 888:Replicating footprint: 'LED142'
11-12 22:57:11 com_github_MitjaNemec_ReplicateLayout.replicate_layout 835:Src fp.id: '0C09B42A-D4DF-4F87-AFF4-5296AF118FDF'
11-12 22:57:11 com_github_MitjaNemec_ReplicateLayout.replicate_layout 839:Dst fp.id: '0C09B42A-D4DF-4F87-AFF4-5296AF118FDF'
11-12 22:57:11 com_github_MitjaNemec_ReplicateLayout.replicate_layout 895:found match in dst footprint: 'LED130'
11-12 22:57:11 com_github_MitjaNemec_ReplicateLayout.replicate_layout 990:Src text UUid:9463e9d6-02d6-4857-9f39-9338e5245ef5
11-12 22:57:11 com_github_MitjaNemec_ReplicateLayout.replicate_layout 991:Dst text UUid:722be49b-61c8-4833-bb3f-b3089d0e01d8
11-12 22:57:11 com_github_MitjaNemec_ReplicateLayout.replicate_layout 990:Src text UUid:0739365c-df74-44fd-a386-04c3841e72b1
11-12 22:57:11 com_github_MitjaNemec_ReplicateLayout.replicate_layout 991:Dst text UUid:46f2c446-e6ac-444c-9bbf-f8fa5aa00a18
11-12 22:57:11 com_github_MitjaNemec_ReplicateLayout.replicate_layout 990:Src text UUid:5d666820-e369-4ddd-b676-a3f134ad7960
11-12 22:57:11 com_github_MitjaNemec_ReplicateLayout.replicate_layout 991:Dst text UUid:393cf828-ea9d-48d4-b494-a325edcfda59
11-12 22:57:11 com_github_MitjaNemec_ReplicateLayout.replicate_layout 888:Replicating footprint: 'LED144'
11-12 22:57:11 com_github_MitjaNemec_ReplicateLayout.replicate_layout 835:Src fp.id: '0810E186-22BD-4094-A943-28056DB37E18'
11-12 22:57:11 com_github_MitjaNemec_ReplicateLayout.replicate_layout 839:Dst fp.id: '0810E186-22BD-4094-A943-28056DB37E18'
11-12 22:57:11 com_github_MitjaNemec_ReplicateLayout.replicate_layout 895:found match in dst footprint: 'LED132'
11-12 22:57:11 com_github_MitjaNemec_ReplicateLayout.replicate_layout 990:Src text UUid:d4f51115-0b40-4019-a418-64c3b5390a72
11-12 22:57:11 com_github_MitjaNemec_ReplicateLayout.replicate_layout 991:Dst text UUid:33de6bd6-4ac9-4d91-b6a2-62e09eade055
11-12 22:57:11 com_github_MitjaNemec_ReplicateLayout.replicate_layout 990:Src text UUid:0ff00c33-2d97-415c-a383-5b222a06a46e
11-12 22:57:11 com_github_MitjaNemec_ReplicateLayout.replicate_layout 991:Dst text UUid:d715d089-d7b0-48e2-9e58-c19a425b0234
11-12 22:57:11 com_github_MitjaNemec_ReplicateLayout.replicate_layout 990:Src text UUid:dde8ebf1-c0d6-4c52-86e2-7e3a65d80d5a
11-12 22:57:11 com_github_MitjaNemec_ReplicateLayout.replicate_layout 991:Dst text UUid:b96d0fa9-e264-4bb0-8224-4de4bb23f60c
11-12 22:57:11 com_github_MitjaNemec_ReplicateLayout.replicate_layout 870:Replicating footprints on sheet ['Bottom', 'LEDs_Bottom', 'LEDS_discreet3', 'LED_single2']
11-12 22:57:11 com_github_MitjaNemec_ReplicateLayout.replicate_layout 835:Src fp.id: '0C09B42A-D4DF-4F87-AFF4-5296AF118FDF'
11-12 22:57:11 com_github_MitjaNemec_ReplicateLayout.replicate_layout 839:Dst fp.id: '0C09B42A-D4DF-4F87-AFF4-5296AF118FDF'
11-12 22:57:11 com_github_MitjaNemec_ReplicateLayout.replicate_layout 888:Replicating footprint: 'U153'
11-12 22:57:11 root 345:updating GUI with: 16
11-12 22:57:11 com_github_MitjaNemec_ReplicateLayout.replicate_layout 835:Src fp.id: 'EB896E0D-DC1C-402A-A83E-7193E291B78E'
11-12 22:57:11 com_github_MitjaNemec_ReplicateLayout.replicate_layout 839:Dst fp.id: 'EB896E0D-DC1C-402A-A83E-7193E291B78E'
11-12 22:57:11 com_github_MitjaNemec_ReplicateLayout.replicate_layout 895:found match in dst footprint: 'U146'
11-12 22:57:11 com_github_MitjaNemec_ReplicateLayout.replicate_layout 990:Src text UUid:110b3224-b357-4118-9c08-b3fded705e4b
11-12 22:57:11 com_github_MitjaNemec_ReplicateLayout.replicate_layout 991:Dst text UUid:1ee910a9-b0b8-4522-905c-ddad38918c63
11-12 22:57:11 com_github_MitjaNemec_ReplicateLayout.replicate_layout 990:Src text UUid:b9e7f770-21cd-4948-9662-6e0ac7df885e
11-12 22:57:11 com_github_MitjaNemec_ReplicateLayout.replicate_layout 991:Dst text UUid:e062f808-2870-4396-9885-90560f52c41a
11-12 22:57:11 com_github_MitjaNemec_ReplicateLayout.replicate_layout 990:Src text UUid:eaba7cf7-101e-4672-ad3c-d50ac347e980
11-12 22:57:11 com_github_MitjaNemec_ReplicateLayout.replicate_layout 991:Dst text UUid:41dd248d-664e-434e-922d-24a9faa9f7c3
11-12 22:57:11 com_github_MitjaNemec_ReplicateLayout.replicate_layout 888:Replicating footprint: 'R196'
11-12 22:57:11 com_github_MitjaNemec_ReplicateLayout.replicate_layout 835:Src fp.id: '28A8D9BC-2140-4FD7-9BA9-4E17A2CADB20'
11-12 22:57:11 com_github_MitjaNemec_ReplicateLayout.replicate_layout 839:Dst fp.id: '28A8D9BC-2140-4FD7-9BA9-4E17A2CADB20'
11-12 22:57:11 com_github_MitjaNemec_ReplicateLayout.replicate_layout 895:found match in dst footprint: 'R187'
11-12 22:57:11 com_github_MitjaNemec_ReplicateLayout.replicate_layout 990:Src text UUid:10a75789-866c-466a-b99e-1669393a4dc9
11-12 22:57:11 com_github_MitjaNemec_ReplicateLayout.replicate_layout 991:Dst text UUid:83b366c5-5b40-4575-9b5a-9ec2fac1e857
11-12 22:57:11 com_github_MitjaNemec_ReplicateLayout.replicate_layout 990:Src text UUid:26f5deef-302c-459b-9fc1-9a4618773440
11-12 22:57:11 com_github_MitjaNemec_ReplicateLayout.replicate_layout 991:Dst text UUid:27a45557-4ae1-4fc3-a59b-4cd5302fc9f0
11-12 22:57:11 com_github_MitjaNemec_ReplicateLayout.replicate_layout 990:Src text UUid:a58fc8cd-c2ef-4a2e-8f35-9edf2c2f6adb
11-12 22:57:11 com_github_MitjaNemec_ReplicateLayout.replicate_layout 991:Dst text UUid:98f1fc5a-a2c5-4f20-af42-640edc9e8baf
11-12 22:57:11 com_github_MitjaNemec_ReplicateLayout.replicate_layout 888:Replicating footprint: 'R197'
11-12 22:57:11 com_github_MitjaNemec_ReplicateLayout.replicate_layout 835:Src fp.id: '55391442-DACB-4265-94E5-89EFFD14C302'
11-12 22:57:11 com_github_MitjaNemec_ReplicateLayout.replicate_layout 839:Dst fp.id: '55391442-DACB-4265-94E5-89EFFD14C302'
11-12 22:57:11 com_github_MitjaNemec_ReplicateLayout.replicate_layout 895:found match in dst footprint: 'R188'
11-12 22:57:11 com_github_MitjaNemec_ReplicateLayout.replicate_layout 990:Src text UUid:6cd10716-af31-44d4-bad9-a9da97fd4924
11-12 22:57:11 com_github_MitjaNemec_ReplicateLayout.replicate_layout 991:Dst text UUid:0a69ace2-b2a0-4fcb-a7a8-256d96f4f0bb
11-12 22:57:11 com_github_MitjaNemec_ReplicateLayout.replicate_layout 990:Src text UUid:65380ce8-601c-4762-983f-4bdb6ed67bde
11-12 22:57:11 com_github_MitjaNemec_ReplicateLayout.replicate_layout 991:Dst text UUid:c1b69df9-93c8-452c-b473-4dc4dde209ae
11-12 22:57:11 com_github_MitjaNemec_ReplicateLayout.replicate_layout 990:Src text UUid:94d012b9-077f-436c-a4d8-e5bb00c165ba
11-12 22:57:11 com_github_MitjaNemec_ReplicateLayout.replicate_layout 991:Dst text UUid:e63b161c-d450-4eaf-ad8e-8bc562c33da4
11-12 22:57:11 com_github_MitjaNemec_ReplicateLayout.replicate_layout 888:Replicating footprint: 'U152'
11-12 22:57:11 com_github_MitjaNemec_ReplicateLayout.replicate_layout 835:Src fp.id: '62B3827C-A320-4AD6-A424-1485EF65900D'
11-12 22:57:11 com_github_MitjaNemec_ReplicateLayout.replicate_layout 839:Dst fp.id: '62B3827C-A320-4AD6-A424-1485EF65900D'
11-12 22:57:11 com_github_MitjaNemec_ReplicateLayout.replicate_layout 895:found match in dst footprint: 'U145'
11-12 22:57:11 com_github_MitjaNemec_ReplicateLayout.replicate_layout 990:Src text UUid:c50c72b1-94e3-4159-a219-37f741e82a7c
11-12 22:57:11 com_github_MitjaNemec_ReplicateLayout.replicate_layout 991:Dst text UUid:c46b7bf8-ec2a-4760-8c4c-fec7514da0f0
11-12 22:57:11 com_github_MitjaNemec_ReplicateLayout.replicate_layout 990:Src text UUid:292e74a5-6b55-4359-be57-8b0026051126
11-12 22:57:11 com_github_MitjaNemec_ReplicateLayout.replicate_layout 991:Dst text UUid:6b7cabec-28aa-4b95-940a-88d786d401e4
11-12 22:57:11 com_github_MitjaNemec_ReplicateLayout.replicate_layout 990:Src text UUid:22c9f63c-bdf9-47e9-ae01-74d81cfbd908
11-12 22:57:11 com_github_MitjaNemec_ReplicateLayout.replicate_layout 991:Dst text UUid:31cf6325-dc66-46ee-b516-ec605e991e7a
11-12 22:57:11 com_github_MitjaNemec_ReplicateLayout.replicate_layout 888:Replicating footprint: 'R198'
11-12 22:57:11 com_github_MitjaNemec_ReplicateLayout.replicate_layout 835:Src fp.id: '2D77C678-F455-47D6-93BD-3ED95A089C96'
11-12 22:57:11 com_github_MitjaNemec_ReplicateLayout.replicate_layout 839:Dst fp.id: '2D77C678-F455-47D6-93BD-3ED95A089C96'
11-12 22:57:11 com_github_MitjaNemec_ReplicateLayout.replicate_layout 895:found match in dst footprint: 'R189'
11-12 22:57:11 com_github_MitjaNemec_ReplicateLayout.replicate_layout 990:Src text UUid:026024b2-ee3d-495c-b376-571543d60a54
11-12 22:57:11 com_github_MitjaNemec_ReplicateLayout.replicate_layout 991:Dst text UUid:7bdfb09d-92e0-48e2-a003-b2265dfa8020
11-12 22:57:11 com_github_MitjaNemec_ReplicateLayout.replicate_layout 990:Src text UUid:23dd6946-9981-4c83-9d25-050d5e9bece6
11-12 22:57:11 com_github_MitjaNemec_ReplicateLayout.replicate_layout 991:Dst text UUid:29316754-c8d9-4491-be2f-fc64cc9133a1
11-12 22:57:11 com_github_MitjaNemec_ReplicateLayout.replicate_layout 990:Src text UUid:8cb67b8b-8668-4222-8264-d0248233162e
11-12 22:57:11 com_github_MitjaNemec_ReplicateLayout.replicate_layout 991:Dst text UUid:7df3f31e-ff47-44e3-8e19-c1257cb00f2e
11-12 22:57:11 com_github_MitjaNemec_ReplicateLayout.replicate_layout 888:Replicating footprint: 'LED143'
11-12 22:57:11 com_github_MitjaNemec_ReplicateLayout.replicate_layout 835:Src fp.id: '2ABC1D4C-0E8C-4F90-9BF0-DF151C3D99F0'
11-12 22:57:11 com_github_MitjaNemec_ReplicateLayout.replicate_layout 839:Dst fp.id: '2ABC1D4C-0E8C-4F90-9BF0-DF151C3D99F0'
11-12 22:57:11 com_github_MitjaNemec_ReplicateLayout.replicate_layout 895:found match in dst footprint: 'LED134'
11-12 22:57:11 com_github_MitjaNemec_ReplicateLayout.replicate_layout 990:Src text UUid:cb110f2a-a8eb-4aca-b5bc-ff7ccb902aef
11-12 22:57:11 com_github_MitjaNemec_ReplicateLayout.replicate_layout 991:Dst text UUid:82cf34b2-8800-4c07-b06b-bdac7cab9454
11-12 22:57:11 com_github_MitjaNemec_ReplicateLayout.replicate_layout 990:Src text UUid:cbc54092-ef49-4a91-b324-f6377248bdf9
11-12 22:57:11 com_github_MitjaNemec_ReplicateLayout.replicate_layout 991:Dst text UUid:a95f8c7b-4fed-4744-9f20-49842153427e
11-12 22:57:11 com_github_MitjaNemec_ReplicateLayout.replicate_layout 990:Src text UUid:a432e7aa-3bd5-4cba-b765-9f5f9481582e
11-12 22:57:11 com_github_MitjaNemec_ReplicateLayout.replicate_layout 991:Dst text UUid:f340273e-6334-4c9a-87ac-ed12cd01440e
11-12 22:57:11 com_github_MitjaNemec_ReplicateLayout.replicate_layout 888:Replicating footprint: 'LED142'
11-12 22:57:11 com_github_MitjaNemec_ReplicateLayout.replicate_layout 835:Src fp.id: '0C09B42A-D4DF-4F87-AFF4-5296AF118FDF'
11-12 22:57:11 com_github_MitjaNemec_ReplicateLayout.replicate_layout 839:Dst fp.id: '0C09B42A-D4DF-4F87-AFF4-5296AF118FDF'
11-12 22:57:11 com_github_MitjaNemec_ReplicateLayout.replicate_layout 895:found match in dst footprint: 'LED133'
11-12 22:57:11 com_github_MitjaNemec_ReplicateLayout.replicate_layout 990:Src text UUid:9463e9d6-02d6-4857-9f39-9338e5245ef5
11-12 22:57:11 com_github_MitjaNemec_ReplicateLayout.replicate_layout 991:Dst text UUid:c0b59a8f-7cc6-40b1-bc1a-4aad7af8151d
11-12 22:57:11 com_github_MitjaNemec_ReplicateLayout.replicate_layout 990:Src text UUid:0739365c-df74-44fd-a386-04c3841e72b1
11-12 22:57:11 com_github_MitjaNemec_ReplicateLayout.replicate_layout 991:Dst text UUid:21ad4d17-aa5b-448e-b917-f6e32d70bf02
11-12 22:57:11 com_github_MitjaNemec_ReplicateLayout.replicate_layout 990:Src text UUid:5d666820-e369-4ddd-b676-a3f134ad7960
11-12 22:57:11 com_github_MitjaNemec_ReplicateLayout.replicate_layout 991:Dst text UUid:f7ade226-c7f3-402c-b018-2d9bcb92d425
11-12 22:57:11 com_github_MitjaNemec_ReplicateLayout.replicate_layout 888:Replicating footprint: 'LED144'
11-12 22:57:11 com_github_MitjaNemec_ReplicateLayout.replicate_layout 835:Src fp.id: '0810E186-22BD-4094-A943-28056DB37E18'
11-12 22:57:11 com_github_MitjaNemec_ReplicateLayout.replicate_layout 839:Dst fp.id: '0810E186-22BD-4094-A943-28056DB37E18'
11-12 22:57:11 com_github_MitjaNemec_ReplicateLayout.replicate_layout 895:found match in dst footprint: 'LED135'
11-12 22:57:11 com_github_MitjaNemec_ReplicateLayout.replicate_layout 990:Src text UUid:d4f51115-0b40-4019-a418-64c3b5390a72
11-12 22:57:11 com_github_MitjaNemec_ReplicateLayout.replicate_layout 991:Dst text UUid:3a2389f8-3b9c-433c-b436-de8f521df882
11-12 22:57:11 com_github_MitjaNemec_ReplicateLayout.replicate_layout 990:Src text UUid:0ff00c33-2d97-415c-a383-5b222a06a46e
11-12 22:57:11 com_github_MitjaNemec_ReplicateLayout.replicate_layout 991:Dst text UUid:aabaf72e-c7e0-405d-8b34-1652da4993e8
11-12 22:57:11 com_github_MitjaNemec_ReplicateLayout.replicate_layout 990:Src text UUid:dde8ebf1-c0d6-4c52-86e2-7e3a65d80d5a
11-12 22:57:11 com_github_MitjaNemec_ReplicateLayout.replicate_layout 991:Dst text UUid:7a955c9d-93ad-4319-93ac-7a2abd551a73
11-12 22:57:11 com_github_MitjaNemec_ReplicateLayout.replicate_layout 870:Replicating footprints on sheet ['Bottom', 'LEDs_Bottom', 'LEDS_discreet3', 'LED_single3']
11-12 22:57:11 com_github_MitjaNemec_ReplicateLayout.replicate_layout 835:Src fp.id: '0C09B42A-D4DF-4F87-AFF4-5296AF118FDF'
11-12 22:57:11 com_github_MitjaNemec_ReplicateLayout.replicate_layout 839:Dst fp.id: '0C09B42A-D4DF-4F87-AFF4-5296AF118FDF'
11-12 22:57:11 com_github_MitjaNemec_ReplicateLayout.replicate_layout 888:Replicating footprint: 'U153'
11-12 22:57:11 com_github_MitjaNemec_ReplicateLayout.replicate_layout 835:Src fp.id: 'EB896E0D-DC1C-402A-A83E-7193E291B78E'
11-12 22:57:11 com_github_MitjaNemec_ReplicateLayout.replicate_layout 839:Dst fp.id: 'EB896E0D-DC1C-402A-A83E-7193E291B78E'
11-12 22:57:11 com_github_MitjaNemec_ReplicateLayout.replicate_layout 895:found match in dst footprint: 'U148'
11-12 22:57:11 com_github_MitjaNemec_ReplicateLayout.replicate_layout 990:Src text UUid:110b3224-b357-4118-9c08-b3fded705e4b
11-12 22:57:11 com_github_MitjaNemec_ReplicateLayout.replicate_layout 991:Dst text UUid:df69deb9-494c-4273-8ef9-216339d00e4d
11-12 22:57:11 com_github_MitjaNemec_ReplicateLayout.replicate_layout 990:Src text UUid:b9e7f770-21cd-4948-9662-6e0ac7df885e
11-12 22:57:11 com_github_MitjaNemec_ReplicateLayout.replicate_layout 991:Dst text UUid:6e6feedf-24ce-4f1c-8801-c678229d6087
11-12 22:57:11 com_github_MitjaNemec_ReplicateLayout.replicate_layout 990:Src text UUid:eaba7cf7-101e-4672-ad3c-d50ac347e980
11-12 22:57:11 com_github_MitjaNemec_ReplicateLayout.replicate_layout 991:Dst text UUid:26f997d7-8f5c-43f7-b73b-4a4250a5026d
11-12 22:57:11 com_github_MitjaNemec_ReplicateLayout.replicate_layout 888:Replicating footprint: 'R196'
11-12 22:57:11 com_github_MitjaNemec_ReplicateLayout.replicate_layout 835:Src fp.id: '28A8D9BC-2140-4FD7-9BA9-4E17A2CADB20'
11-12 22:57:11 com_github_MitjaNemec_ReplicateLayout.replicate_layout 839:Dst fp.id: '28A8D9BC-2140-4FD7-9BA9-4E17A2CADB20'
11-12 22:57:11 com_github_MitjaNemec_ReplicateLayout.replicate_layout 895:found match in dst footprint: 'R190'
11-12 22:57:11 com_github_MitjaNemec_ReplicateLayout.replicate_layout 990:Src text UUid:10a75789-866c-466a-b99e-1669393a4dc9
11-12 22:57:11 com_github_MitjaNemec_ReplicateLayout.replicate_layout 991:Dst text UUid:2ff27d97-9341-4f8b-9bb9-fcbf38ece496
11-12 22:57:11 com_github_MitjaNemec_ReplicateLayout.replicate_layout 990:Src text UUid:26f5deef-302c-459b-9fc1-9a4618773440
11-12 22:57:11 com_github_MitjaNemec_ReplicateLayout.replicate_layout 991:Dst text UUid:3c9768e6-b1df-43c7-81fa-ab9b6349869a
11-12 22:57:11 com_github_MitjaNemec_ReplicateLayout.replicate_layout 990:Src text UUid:a58fc8cd-c2ef-4a2e-8f35-9edf2c2f6adb
11-12 22:57:11 com_github_MitjaNemec_ReplicateLayout.replicate_layout 991:Dst text UUid:8cf0a06b-b0a4-45d2-a5d5-dff0a80328f6
11-12 22:57:11 com_github_MitjaNemec_ReplicateLayout.replicate_layout 888:Replicating footprint: 'R197'
11-12 22:57:11 com_github_MitjaNemec_ReplicateLayout.replicate_layout 835:Src fp.id: '55391442-DACB-4265-94E5-89EFFD14C302'
11-12 22:57:11 com_github_MitjaNemec_ReplicateLayout.replicate_layout 839:Dst fp.id: '55391442-DACB-4265-94E5-89EFFD14C302'
11-12 22:57:11 com_github_MitjaNemec_ReplicateLayout.replicate_layout 895:found match in dst footprint: 'R191'
11-12 22:57:11 com_github_MitjaNemec_ReplicateLayout.replicate_layout 990:Src text UUid:6cd10716-af31-44d4-bad9-a9da97fd4924
11-12 22:57:11 com_github_MitjaNemec_ReplicateLayout.replicate_layout 991:Dst text UUid:78ecf582-2b9d-4c5a-8b41-6beda66a54d9
11-12 22:57:11 com_github_MitjaNemec_ReplicateLayout.replicate_layout 990:Src text UUid:65380ce8-601c-4762-983f-4bdb6ed67bde
11-12 22:57:11 com_github_MitjaNemec_ReplicateLayout.replicate_layout 991:Dst text UUid:f616d3c5-9468-493a-b9e3-7dd5baa86923
11-12 22:57:11 com_github_MitjaNemec_ReplicateLayout.replicate_layout 990:Src text UUid:94d012b9-077f-436c-a4d8-e5bb00c165ba
11-12 22:57:11 com_github_MitjaNemec_ReplicateLayout.replicate_layout 991:Dst text UUid:950dc080-676d-4fee-835b-64bf61f88d30
11-12 22:57:11 com_github_MitjaNemec_ReplicateLayout.replicate_layout 888:Replicating footprint: 'U152'
11-12 22:57:11 com_github_MitjaNemec_ReplicateLayout.replicate_layout 835:Src fp.id: '62B3827C-A320-4AD6-A424-1485EF65900D'
11-12 22:57:11 com_github_MitjaNemec_ReplicateLayout.replicate_layout 839:Dst fp.id: '62B3827C-A320-4AD6-A424-1485EF65900D'
11-12 22:57:11 com_github_MitjaNemec_ReplicateLayout.replicate_layout 895:found match in dst footprint: 'U147'
11-12 22:57:11 com_github_MitjaNemec_ReplicateLayout.replicate_layout 990:Src text UUid:c50c72b1-94e3-4159-a219-37f741e82a7c
11-12 22:57:11 com_github_MitjaNemec_ReplicateLayout.replicate_layout 991:Dst text UUid:ad2f2353-3ba9-4ee6-b846-a5900a51d97f
11-12 22:57:11 com_github_MitjaNemec_ReplicateLayout.replicate_layout 990:Src text UUid:292e74a5-6b55-4359-be57-8b0026051126
11-12 22:57:11 com_github_MitjaNemec_ReplicateLayout.replicate_layout 991:Dst text UUid:0099e965-c24f-40fb-a728-d4cdf36917d6
11-12 22:57:11 com_github_MitjaNemec_ReplicateLayout.replicate_layout 990:Src text UUid:22c9f63c-bdf9-47e9-ae01-74d81cfbd908
11-12 22:57:11 com_github_MitjaNemec_ReplicateLayout.replicate_layout 991:Dst text UUid:3cc9c6fc-a2df-4f23-8ffc-5654dadd5d03
11-12 22:57:11 com_github_MitjaNemec_ReplicateLayout.replicate_layout 888:Replicating footprint: 'R198'
11-12 22:57:11 com_github_MitjaNemec_ReplicateLayout.replicate_layout 835:Src fp.id: '2D77C678-F455-47D6-93BD-3ED95A089C96'
11-12 22:57:11 com_github_MitjaNemec_ReplicateLayout.replicate_layout 839:Dst fp.id: '2D77C678-F455-47D6-93BD-3ED95A089C96'
11-12 22:57:11 com_github_MitjaNemec_ReplicateLayout.replicate_layout 895:found match in dst footprint: 'R192'
11-12 22:57:11 com_github_MitjaNemec_ReplicateLayout.replicate_layout 990:Src text UUid:026024b2-ee3d-495c-b376-571543d60a54
11-12 22:57:11 com_github_MitjaNemec_ReplicateLayout.replicate_layout 991:Dst text UUid:a0ebe16f-7a76-451f-95af-e08af81a26fd
11-12 22:57:11 com_github_MitjaNemec_ReplicateLayout.replicate_layout 990:Src text UUid:23dd6946-9981-4c83-9d25-050d5e9bece6
11-12 22:57:11 com_github_MitjaNemec_ReplicateLayout.replicate_layout 991:Dst text UUid:152f7acf-f0b3-48d2-82a4-9455bf34c727
11-12 22:57:11 com_github_MitjaNemec_ReplicateLayout.replicate_layout 990:Src text UUid:8cb67b8b-8668-4222-8264-d0248233162e
11-12 22:57:11 com_github_MitjaNemec_ReplicateLayout.replicate_layout 991:Dst text UUid:e07db91d-9bbc-4cf7-ae46-dab7ef8b5066
11-12 22:57:11 com_github_MitjaNemec_ReplicateLayout.replicate_layout 888:Replicating footprint: 'LED143'
11-12 22:57:11 com_github_MitjaNemec_ReplicateLayout.replicate_layout 835:Src fp.id: '2ABC1D4C-0E8C-4F90-9BF0-DF151C3D99F0'
11-12 22:57:11 com_github_MitjaNemec_ReplicateLayout.replicate_layout 839:Dst fp.id: '2ABC1D4C-0E8C-4F90-9BF0-DF151C3D99F0'
11-12 22:57:11 com_github_MitjaNemec_ReplicateLayout.replicate_layout 895:found match in dst footprint: 'LED137'
11-12 22:57:11 com_github_MitjaNemec_ReplicateLayout.replicate_layout 990:Src text UUid:cb110f2a-a8eb-4aca-b5bc-ff7ccb902aef
11-12 22:57:11 com_github_MitjaNemec_ReplicateLayout.replicate_layout 991:Dst text UUid:324b72e2-3dfa-45c2-b5f7-e218dcd9ae7e
11-12 22:57:11 com_github_MitjaNemec_ReplicateLayout.replicate_layout 990:Src text UUid:cbc54092-ef49-4a91-b324-f6377248bdf9
11-12 22:57:11 com_github_MitjaNemec_ReplicateLayout.replicate_layout 991:Dst text UUid:ef736153-6893-415f-8eb5-db1c27ef2eba
11-12 22:57:11 com_github_MitjaNemec_ReplicateLayout.replicate_layout 990:Src text UUid:a432e7aa-3bd5-4cba-b765-9f5f9481582e
11-12 22:57:11 com_github_MitjaNemec_ReplicateLayout.replicate_layout 991:Dst text UUid:2c1622ef-6d1d-471e-8a77-eba182b24bd2
11-12 22:57:11 com_github_MitjaNemec_ReplicateLayout.replicate_layout 888:Replicating footprint: 'LED142'
11-12 22:57:11 com_github_MitjaNemec_ReplicateLayout.replicate_layout 835:Src fp.id: '0C09B42A-D4DF-4F87-AFF4-5296AF118FDF'
11-12 22:57:11 com_github_MitjaNemec_ReplicateLayout.replicate_layout 839:Dst fp.id: '0C09B42A-D4DF-4F87-AFF4-5296AF118FDF'
11-12 22:57:11 com_github_MitjaNemec_ReplicateLayout.replicate_layout 895:found match in dst footprint: 'LED136'
11-12 22:57:11 com_github_MitjaNemec_ReplicateLayout.replicate_layout 990:Src text UUid:9463e9d6-02d6-4857-9f39-9338e5245ef5
11-12 22:57:11 com_github_MitjaNemec_ReplicateLayout.replicate_layout 991:Dst text UUid:ae3e7a2c-1fc8-4377-b68e-b15c2a91e2a0
11-12 22:57:11 com_github_MitjaNemec_ReplicateLayout.replicate_layout 990:Src text UUid:0739365c-df74-44fd-a386-04c3841e72b1
11-12 22:57:11 com_github_MitjaNemec_ReplicateLayout.replicate_layout 991:Dst text UUid:a3d300da-bd4b-4c02-a4aa-b29b5ac5ef52
11-12 22:57:11 com_github_MitjaNemec_ReplicateLayout.replicate_layout 990:Src text UUid:5d666820-e369-4ddd-b676-a3f134ad7960
11-12 22:57:11 com_github_MitjaNemec_ReplicateLayout.replicate_layout 991:Dst text UUid:e35b30c9-45cc-4fab-9cb4-327a262d4c06
11-12 22:57:11 com_github_MitjaNemec_ReplicateLayout.replicate_layout 888:Replicating footprint: 'LED144'
11-12 22:57:11 com_github_MitjaNemec_ReplicateLayout.replicate_layout 835:Src fp.id: '0810E186-22BD-4094-A943-28056DB37E18'
11-12 22:57:11 com_github_MitjaNemec_ReplicateLayout.replicate_layout 839:Dst fp.id: '0810E186-22BD-4094-A943-28056DB37E18'
11-12 22:57:11 com_github_MitjaNemec_ReplicateLayout.replicate_layout 895:found match in dst footprint: 'LED138'
11-12 22:57:11 com_github_MitjaNemec_ReplicateLayout.replicate_layout 990:Src text UUid:d4f51115-0b40-4019-a418-64c3b5390a72
11-12 22:57:11 com_github_MitjaNemec_ReplicateLayout.replicate_layout 991:Dst text UUid:67365770-4e95-4b1a-8585-d1f853b5106c
11-12 22:57:11 com_github_MitjaNemec_ReplicateLayout.replicate_layout 990:Src text UUid:0ff00c33-2d97-415c-a383-5b222a06a46e
11-12 22:57:11 com_github_MitjaNemec_ReplicateLayout.replicate_layout 991:Dst text UUid:d4c3d94a-12b8-48fd-b75c-36238f375bcc
11-12 22:57:11 com_github_MitjaNemec_ReplicateLayout.replicate_layout 990:Src text UUid:dde8ebf1-c0d6-4c52-86e2-7e3a65d80d5a
11-12 22:57:11 com_github_MitjaNemec_ReplicateLayout.replicate_layout 991:Dst text UUid:f92e7c55-5792-4284-bb11-1d5e3625798c
11-12 22:57:11 com_github_MitjaNemec_ReplicateLayout.replicate_layout 870:Replicating footprints on sheet ['Bottom', 'LEDs_Bottom', 'LEDS_discreet4', 'LED_single']
11-12 22:57:11 com_github_MitjaNemec_ReplicateLayout.replicate_layout 835:Src fp.id: '0C09B42A-D4DF-4F87-AFF4-5296AF118FDF'
11-12 22:57:11 com_github_MitjaNemec_ReplicateLayout.replicate_layout 839:Dst fp.id: '0C09B42A-D4DF-4F87-AFF4-5296AF118FDF'
11-12 22:57:11 com_github_MitjaNemec_ReplicateLayout.replicate_layout 888:Replicating footprint: 'U153'
11-12 22:57:11 com_github_MitjaNemec_ReplicateLayout.replicate_layout 835:Src fp.id: 'EB896E0D-DC1C-402A-A83E-7193E291B78E'
11-12 22:57:11 com_github_MitjaNemec_ReplicateLayout.replicate_layout 839:Dst fp.id: 'EB896E0D-DC1C-402A-A83E-7193E291B78E'
11-12 22:57:11 com_github_MitjaNemec_ReplicateLayout.replicate_layout 895:found match in dst footprint: 'U164'
11-12 22:57:11 com_github_MitjaNemec_ReplicateLayout.replicate_layout 990:Src text UUid:110b3224-b357-4118-9c08-b3fded705e4b
11-12 22:57:11 com_github_MitjaNemec_ReplicateLayout.replicate_layout 991:Dst text UUid:3fbebf5c-8e73-461f-a9c4-8ece1837fc95
11-12 22:57:11 com_github_MitjaNemec_ReplicateLayout.replicate_layout 990:Src text UUid:b9e7f770-21cd-4948-9662-6e0ac7df885e
11-12 22:57:11 com_github_MitjaNemec_ReplicateLayout.replicate_layout 991:Dst text UUid:579330c1-f05f-4271-a32c-8541b8f5cb56
11-12 22:57:11 com_github_MitjaNemec_ReplicateLayout.replicate_layout 990:Src text UUid:eaba7cf7-101e-4672-ad3c-d50ac347e980
11-12 22:57:11 com_github_MitjaNemec_ReplicateLayout.replicate_layout 991:Dst text UUid:4a50d705-000e-493e-8b3c-882f756b925f
11-12 22:57:11 com_github_MitjaNemec_ReplicateLayout.replicate_layout 888:Replicating footprint: 'R196'
11-12 22:57:11 com_github_MitjaNemec_ReplicateLayout.replicate_layout 835:Src fp.id: '28A8D9BC-2140-4FD7-9BA9-4E17A2CADB20'
11-12 22:57:11 com_github_MitjaNemec_ReplicateLayout.replicate_layout 839:Dst fp.id: '28A8D9BC-2140-4FD7-9BA9-4E17A2CADB20'
11-12 22:57:11 com_github_MitjaNemec_ReplicateLayout.replicate_layout 895:found match in dst footprint: 'R211'
11-12 22:57:11 com_github_MitjaNemec_ReplicateLayout.replicate_layout 990:Src text UUid:10a75789-866c-466a-b99e-1669393a4dc9
11-12 22:57:11 com_github_MitjaNemec_ReplicateLayout.replicate_layout 991:Dst text UUid:354df270-7fa5-41bc-8590-99e159ae6db3
11-12 22:57:11 com_github_MitjaNemec_ReplicateLayout.replicate_layout 990:Src text UUid:26f5deef-302c-459b-9fc1-9a4618773440
11-12 22:57:11 com_github_MitjaNemec_ReplicateLayout.replicate_layout 991:Dst text UUid:a6cb2e5e-1919-4f01-b57d-14c6393c2d25
11-12 22:57:11 com_github_MitjaNemec_ReplicateLayout.replicate_layout 990:Src text UUid:a58fc8cd-c2ef-4a2e-8f35-9edf2c2f6adb
11-12 22:57:11 com_github_MitjaNemec_ReplicateLayout.replicate_layout 991:Dst text UUid:1bf1cd28-327a-4eab-901b-190f9851fc4d
11-12 22:57:11 com_github_MitjaNemec_ReplicateLayout.replicate_layout 888:Replicating footprint: 'R197'
11-12 22:57:11 root 345:updating GUI with: 19
11-12 22:57:11 com_github_MitjaNemec_ReplicateLayout.replicate_layout 835:Src fp.id: '55391442-DACB-4265-94E5-89EFFD14C302'
11-12 22:57:11 com_github_MitjaNemec_ReplicateLayout.replicate_layout 839:Dst fp.id: '55391442-DACB-4265-94E5-89EFFD14C302'
11-12 22:57:11 com_github_MitjaNemec_ReplicateLayout.replicate_layout 895:found match in dst footprint: 'R212'
11-12 22:57:11 com_github_MitjaNemec_ReplicateLayout.replicate_layout 990:Src text UUid:6cd10716-af31-44d4-bad9-a9da97fd4924
11-12 22:57:11 com_github_MitjaNemec_ReplicateLayout.replicate_layout 991:Dst text UUid:d25bb135-6cb5-42ca-b20e-6898090e2de3
11-12 22:57:11 com_github_MitjaNemec_ReplicateLayout.replicate_layout 990:Src text UUid:65380ce8-601c-4762-983f-4bdb6ed67bde
11-12 22:57:11 com_github_MitjaNemec_ReplicateLayout.replicate_layout 991:Dst text UUid:dd685b77-49b0-4ae2-adc2-53ccc1ae1a37
11-12 22:57:11 com_github_MitjaNemec_ReplicateLayout.replicate_layout 990:Src text UUid:94d012b9-077f-436c-a4d8-e5bb00c165ba
11-12 22:57:11 com_github_MitjaNemec_ReplicateLayout.replicate_layout 991:Dst text UUid:532afbab-9bc0-49d5-ad8e-31045969b408
11-12 22:57:11 com_github_MitjaNemec_ReplicateLayout.replicate_layout 888:Replicating footprint: 'U152'
11-12 22:57:11 com_github_MitjaNemec_ReplicateLayout.replicate_layout 835:Src fp.id: '62B3827C-A320-4AD6-A424-1485EF65900D'
11-12 22:57:11 com_github_MitjaNemec_ReplicateLayout.replicate_layout 839:Dst fp.id: '62B3827C-A320-4AD6-A424-1485EF65900D'
11-12 22:57:11 com_github_MitjaNemec_ReplicateLayout.replicate_layout 895:found match in dst footprint: 'U163'
11-12 22:57:11 com_github_MitjaNemec_ReplicateLayout.replicate_layout 990:Src text UUid:c50c72b1-94e3-4159-a219-37f741e82a7c
11-12 22:57:11 com_github_MitjaNemec_ReplicateLayout.replicate_layout 991:Dst text UUid:57bb5039-a6c3-475b-99e8-64442f4ed5ba
11-12 22:57:11 com_github_MitjaNemec_ReplicateLayout.replicate_layout 990:Src text UUid:292e74a5-6b55-4359-be57-8b0026051126
11-12 22:57:11 com_github_MitjaNemec_ReplicateLayout.replicate_layout 991:Dst text UUid:f8a6f2f3-ffe4-4e35-a96c-e2aca872b0e3
11-12 22:57:11 com_github_MitjaNemec_ReplicateLayout.replicate_layout 990:Src text UUid:22c9f63c-bdf9-47e9-ae01-74d81cfbd908
11-12 22:57:11 com_github_MitjaNemec_ReplicateLayout.replicate_layout 991:Dst text UUid:e43f8d46-89ed-4bcf-bc9b-eb69c8458e57
11-12 22:57:11 com_github_MitjaNemec_ReplicateLayout.replicate_layout 888:Replicating footprint: 'R198'
11-12 22:57:11 com_github_MitjaNemec_ReplicateLayout.replicate_layout 835:Src fp.id: '2D77C678-F455-47D6-93BD-3ED95A089C96'
11-12 22:57:11 com_github_MitjaNemec_ReplicateLayout.replicate_layout 839:Dst fp.id: '2D77C678-F455-47D6-93BD-3ED95A089C96'
11-12 22:57:11 com_github_MitjaNemec_ReplicateLayout.replicate_layout 895:found match in dst footprint: 'R213'
11-12 22:57:11 com_github_MitjaNemec_ReplicateLayout.replicate_layout 990:Src text UUid:026024b2-ee3d-495c-b376-571543d60a54
11-12 22:57:11 com_github_MitjaNemec_ReplicateLayout.replicate_layout 991:Dst text UUid:6d762fd8-272d-4691-a6de-2539909d301d
11-12 22:57:11 com_github_MitjaNemec_ReplicateLayout.replicate_layout 990:Src text UUid:23dd6946-9981-4c83-9d25-050d5e9bece6
11-12 22:57:11 com_github_MitjaNemec_ReplicateLayout.replicate_layout 991:Dst text UUid:e3c0fc1b-360f-47c5-a107-e83a4f340fab
11-12 22:57:11 com_github_MitjaNemec_ReplicateLayout.replicate_layout 990:Src text UUid:8cb67b8b-8668-4222-8264-d0248233162e
11-12 22:57:11 com_github_MitjaNemec_ReplicateLayout.replicate_layout 991:Dst text UUid:baad8904-4e47-4aac-87d0-07cd527695a9
11-12 22:57:11 com_github_MitjaNemec_ReplicateLayout.replicate_layout 888:Replicating footprint: 'LED143'
11-12 22:57:11 com_github_MitjaNemec_ReplicateLayout.replicate_layout 835:Src fp.id: '2ABC1D4C-0E8C-4F90-9BF0-DF151C3D99F0'
11-12 22:57:11 com_github_MitjaNemec_ReplicateLayout.replicate_layout 839:Dst fp.id: '2ABC1D4C-0E8C-4F90-9BF0-DF151C3D99F0'
11-12 22:57:11 com_github_MitjaNemec_ReplicateLayout.replicate_layout 895:found match in dst footprint: 'LED158'
11-12 22:57:11 com_github_MitjaNemec_ReplicateLayout.replicate_layout 990:Src text UUid:cb110f2a-a8eb-4aca-b5bc-ff7ccb902aef
11-12 22:57:11 com_github_MitjaNemec_ReplicateLayout.replicate_layout 991:Dst text UUid:b1e3596a-b0be-438d-9943-0a41f58a5a01
11-12 22:57:11 com_github_MitjaNemec_ReplicateLayout.replicate_layout 990:Src text UUid:cbc54092-ef49-4a91-b324-f6377248bdf9
11-12 22:57:11 com_github_MitjaNemec_ReplicateLayout.replicate_layout 991:Dst text UUid:c9cb4986-a07e-4979-a4f9-e4dc5399e2e4
11-12 22:57:11 com_github_MitjaNemec_ReplicateLayout.replicate_layout 990:Src text UUid:a432e7aa-3bd5-4cba-b765-9f5f9481582e
11-12 22:57:11 com_github_MitjaNemec_ReplicateLayout.replicate_layout 991:Dst text UUid:cffeba1c-160d-459d-9728-7a30a10b97bb
11-12 22:57:11 com_github_MitjaNemec_ReplicateLayout.replicate_layout 888:Replicating footprint: 'LED142'
11-12 22:57:11 com_github_MitjaNemec_ReplicateLayout.replicate_layout 835:Src fp.id: '0C09B42A-D4DF-4F87-AFF4-5296AF118FDF'
11-12 22:57:11 com_github_MitjaNemec_ReplicateLayout.replicate_layout 839:Dst fp.id: '0C09B42A-D4DF-4F87-AFF4-5296AF118FDF'
11-12 22:57:11 com_github_MitjaNemec_ReplicateLayout.replicate_layout 895:found match in dst footprint: 'LED157'
11-12 22:57:11 com_github_MitjaNemec_ReplicateLayout.replicate_layout 990:Src text UUid:9463e9d6-02d6-4857-9f39-9338e5245ef5
11-12 22:57:11 com_github_MitjaNemec_ReplicateLayout.replicate_layout 991:Dst text UUid:b2a31f7f-fd0d-4444-8e69-073b5247411e
11-12 22:57:11 com_github_MitjaNemec_ReplicateLayout.replicate_layout 990:Src text UUid:0739365c-df74-44fd-a386-04c3841e72b1
11-12 22:57:11 com_github_MitjaNemec_ReplicateLayout.replicate_layout 991:Dst text UUid:d15dd430-a1a5-48a6-ab75-61272f4319c3
11-12 22:57:11 com_github_MitjaNemec_ReplicateLayout.replicate_layout 990:Src text UUid:5d666820-e369-4ddd-b676-a3f134ad7960
11-12 22:57:11 com_github_MitjaNemec_ReplicateLayout.replicate_layout 991:Dst text UUid:29c91d6f-a8f8-4ce4-a612-b97237e8d591
11-12 22:57:11 com_github_MitjaNemec_ReplicateLayout.replicate_layout 888:Replicating footprint: 'LED144'
11-12 22:57:11 com_github_MitjaNemec_ReplicateLayout.replicate_layout 835:Src fp.id: '0810E186-22BD-4094-A943-28056DB37E18'
11-12 22:57:11 com_github_MitjaNemec_ReplicateLayout.replicate_layout 839:Dst fp.id: '0810E186-22BD-4094-A943-28056DB37E18'
11-12 22:57:11 com_github_MitjaNemec_ReplicateLayout.replicate_layout 895:found match in dst footprint: 'LED159'
11-12 22:57:11 com_github_MitjaNemec_ReplicateLayout.replicate_layout 990:Src text UUid:d4f51115-0b40-4019-a418-64c3b5390a72
11-12 22:57:11 com_github_MitjaNemec_ReplicateLayout.replicate_layout 991:Dst text UUid:1ce3bf9f-7465-4ad3-8109-ddafda5e3d2b
11-12 22:57:11 com_github_MitjaNemec_ReplicateLayout.replicate_layout 990:Src text UUid:0ff00c33-2d97-415c-a383-5b222a06a46e
11-12 22:57:11 com_github_MitjaNemec_ReplicateLayout.replicate_layout 991:Dst text UUid:c5163e90-3545-42cf-b1a1-49434758a20d
11-12 22:57:11 com_github_MitjaNemec_ReplicateLayout.replicate_layout 990:Src text UUid:dde8ebf1-c0d6-4c52-86e2-7e3a65d80d5a
11-12 22:57:11 com_github_MitjaNemec_ReplicateLayout.replicate_layout 991:Dst text UUid:d73e20f0-7872-4883-af7d-10900babe6ec
11-12 22:57:11 com_github_MitjaNemec_ReplicateLayout.replicate_layout 870:Replicating footprints on sheet ['Bottom', 'LEDs_Bottom', 'LEDS_discreet4', 'LED_single1']
11-12 22:57:11 com_github_MitjaNemec_ReplicateLayout.replicate_layout 835:Src fp.id: '0C09B42A-D4DF-4F87-AFF4-5296AF118FDF'
11-12 22:57:11 com_github_MitjaNemec_ReplicateLayout.replicate_layout 839:Dst fp.id: '0C09B42A-D4DF-4F87-AFF4-5296AF118FDF'
11-12 22:57:11 com_github_MitjaNemec_ReplicateLayout.replicate_layout 888:Replicating footprint: 'U153'
11-12 22:57:11 com_github_MitjaNemec_ReplicateLayout.replicate_layout 835:Src fp.id: 'EB896E0D-DC1C-402A-A83E-7193E291B78E'
11-12 22:57:11 com_github_MitjaNemec_ReplicateLayout.replicate_layout 839:Dst fp.id: 'EB896E0D-DC1C-402A-A83E-7193E291B78E'
11-12 22:57:11 com_github_MitjaNemec_ReplicateLayout.replicate_layout 895:found match in dst footprint: 'U166'
11-12 22:57:11 com_github_MitjaNemec_ReplicateLayout.replicate_layout 990:Src text UUid:110b3224-b357-4118-9c08-b3fded705e4b
11-12 22:57:11 com_github_MitjaNemec_ReplicateLayout.replicate_layout 991:Dst text UUid:11eb491f-3012-44a2-b301-3b4f0af383f1
11-12 22:57:11 com_github_MitjaNemec_ReplicateLayout.replicate_layout 990:Src text UUid:b9e7f770-21cd-4948-9662-6e0ac7df885e
11-12 22:57:11 com_github_MitjaNemec_ReplicateLayout.replicate_layout 991:Dst text UUid:5360b0f0-5467-476d-a0c4-5745ebe5a7ee
11-12 22:57:11 com_github_MitjaNemec_ReplicateLayout.replicate_layout 990:Src text UUid:eaba7cf7-101e-4672-ad3c-d50ac347e980
11-12 22:57:11 com_github_MitjaNemec_ReplicateLayout.replicate_layout 991:Dst text UUid:2766a72d-7229-41ba-bd30-f96e20a8b2a1
11-12 22:57:11 com_github_MitjaNemec_ReplicateLayout.replicate_layout 888:Replicating footprint: 'R196'
11-12 22:57:11 com_github_MitjaNemec_ReplicateLayout.replicate_layout 835:Src fp.id: '28A8D9BC-2140-4FD7-9BA9-4E17A2CADB20'
11-12 22:57:11 com_github_MitjaNemec_ReplicateLayout.replicate_layout 839:Dst fp.id: '28A8D9BC-2140-4FD7-9BA9-4E17A2CADB20'
11-12 22:57:11 com_github_MitjaNemec_ReplicateLayout.replicate_layout 895:found match in dst footprint: 'R214'
11-12 22:57:11 com_github_MitjaNemec_ReplicateLayout.replicate_layout 990:Src text UUid:10a75789-866c-466a-b99e-1669393a4dc9
11-12 22:57:11 com_github_MitjaNemec_ReplicateLayout.replicate_layout 991:Dst text UUid:13b9b5b7-d4a6-40a6-8f03-acf71573a0b7
11-12 22:57:11 com_github_MitjaNemec_ReplicateLayout.replicate_layout 990:Src text UUid:26f5deef-302c-459b-9fc1-9a4618773440
11-12 22:57:11 com_github_MitjaNemec_ReplicateLayout.replicate_layout 991:Dst text UUid:95be004a-1dab-4d28-ac52-91eea48da789
11-12 22:57:11 com_github_MitjaNemec_ReplicateLayout.replicate_layout 990:Src text UUid:a58fc8cd-c2ef-4a2e-8f35-9edf2c2f6adb
11-12 22:57:11 com_github_MitjaNemec_ReplicateLayout.replicate_layout 991:Dst text UUid:213aa7dd-96cc-410f-b9db-94de677c623f
11-12 22:57:11 com_github_MitjaNemec_ReplicateLayout.replicate_layout 888:Replicating footprint: 'R197'
11-12 22:57:11 com_github_MitjaNemec_ReplicateLayout.replicate_layout 835:Src fp.id: '55391442-DACB-4265-94E5-89EFFD14C302'
11-12 22:57:11 com_github_MitjaNemec_ReplicateLayout.replicate_layout 839:Dst fp.id: '55391442-DACB-4265-94E5-89EFFD14C302'
11-12 22:57:11 com_github_MitjaNemec_ReplicateLayout.replicate_layout 895:found match in dst footprint: 'R215'
11-12 22:57:11 com_github_MitjaNemec_ReplicateLayout.replicate_layout 990:Src text UUid:6cd10716-af31-44d4-bad9-a9da97fd4924
11-12 22:57:11 com_github_MitjaNemec_ReplicateLayout.replicate_layout 991:Dst text UUid:ee2d14bf-003d-45c6-a3c5-8ba8d413e756
11-12 22:57:11 com_github_MitjaNemec_ReplicateLayout.replicate_layout 990:Src text UUid:65380ce8-601c-4762-983f-4bdb6ed67bde
11-12 22:57:11 com_github_MitjaNemec_ReplicateLayout.replicate_layout 991:Dst text UUid:be5fe12a-94b8-4c72-abe3-c5e71837f17a
11-12 22:57:11 com_github_MitjaNemec_ReplicateLayout.replicate_layout 990:Src text UUid:94d012b9-077f-436c-a4d8-e5bb00c165ba
11-12 22:57:11 com_github_MitjaNemec_ReplicateLayout.replicate_layout 991:Dst text UUid:7aaa93ad-ae8e-4fa1-b3bd-eaa7d66b625b
11-12 22:57:11 com_github_MitjaNemec_ReplicateLayout.replicate_layout 888:Replicating footprint: 'U152'
11-12 22:57:11 com_github_MitjaNemec_ReplicateLayout.replicate_layout 835:Src fp.id: '62B3827C-A320-4AD6-A424-1485EF65900D'
11-12 22:57:11 com_github_MitjaNemec_ReplicateLayout.replicate_layout 839:Dst fp.id: '62B3827C-A320-4AD6-A424-1485EF65900D'
11-12 22:57:11 com_github_MitjaNemec_ReplicateLayout.replicate_layout 895:found match in dst footprint: 'U165'
11-12 22:57:11 com_github_MitjaNemec_ReplicateLayout.replicate_layout 990:Src text UUid:c50c72b1-94e3-4159-a219-37f741e82a7c
11-12 22:57:11 com_github_MitjaNemec_ReplicateLayout.replicate_layout 991:Dst text UUid:8aa78f37-e74c-485d-b299-d5640a7978ac
11-12 22:57:11 com_github_MitjaNemec_ReplicateLayout.replicate_layout 990:Src text UUid:292e74a5-6b55-4359-be57-8b0026051126
11-12 22:57:11 com_github_MitjaNemec_ReplicateLayout.replicate_layout 991:Dst text UUid:f08cc029-67a6-43c0-a554-3b617a7af1ff
11-12 22:57:11 com_github_MitjaNemec_ReplicateLayout.replicate_layout 990:Src text UUid:22c9f63c-bdf9-47e9-ae01-74d81cfbd908
11-12 22:57:11 com_github_MitjaNemec_ReplicateLayout.replicate_layout 991:Dst text UUid:ba2f0e1a-42ce-4405-863c-182b7e95b05c
11-12 22:57:11 com_github_MitjaNemec_ReplicateLayout.replicate_layout 888:Replicating footprint: 'R198'
11-12 22:57:11 com_github_MitjaNemec_ReplicateLayout.replicate_layout 835:Src fp.id: '2D77C678-F455-47D6-93BD-3ED95A089C96'
11-12 22:57:11 com_github_MitjaNemec_ReplicateLayout.replicate_layout 839:Dst fp.id: '2D77C678-F455-47D6-93BD-3ED95A089C96'
11-12 22:57:11 com_github_MitjaNemec_ReplicateLayout.replicate_layout 895:found match in dst footprint: 'R216'
11-12 22:57:11 com_github_MitjaNemec_ReplicateLayout.replicate_layout 990:Src text UUid:026024b2-ee3d-495c-b376-571543d60a54
11-12 22:57:11 com_github_MitjaNemec_ReplicateLayout.replicate_layout 991:Dst text UUid:5973b610-2de1-46b5-a3e8-e73b0e6600a2
11-12 22:57:11 com_github_MitjaNemec_ReplicateLayout.replicate_layout 990:Src text UUid:23dd6946-9981-4c83-9d25-050d5e9bece6
11-12 22:57:11 com_github_MitjaNemec_ReplicateLayout.replicate_layout 991:Dst text UUid:b6c58700-1063-47b0-998f-85ebfcc2a5ca
11-12 22:57:11 com_github_MitjaNemec_ReplicateLayout.replicate_layout 990:Src text UUid:8cb67b8b-8668-4222-8264-d0248233162e
11-12 22:57:11 com_github_MitjaNemec_ReplicateLayout.replicate_layout 991:Dst text UUid:766700ca-1e77-4eb3-ac15-0c3d97c8c737
11-12 22:57:11 com_github_MitjaNemec_ReplicateLayout.replicate_layout 888:Replicating footprint: 'LED143'
11-12 22:57:11 com_github_MitjaNemec_ReplicateLayout.replicate_layout 835:Src fp.id: '2ABC1D4C-0E8C-4F90-9BF0-DF151C3D99F0'
11-12 22:57:11 com_github_MitjaNemec_ReplicateLayout.replicate_layout 839:Dst fp.id: '2ABC1D4C-0E8C-4F90-9BF0-DF151C3D99F0'
11-12 22:57:11 com_github_MitjaNemec_ReplicateLayout.replicate_layout 895:found match in dst footprint: 'LED161'
11-12 22:57:11 com_github_MitjaNemec_ReplicateLayout.replicate_layout 990:Src text UUid:cb110f2a-a8eb-4aca-b5bc-ff7ccb902aef
11-12 22:57:11 com_github_MitjaNemec_ReplicateLayout.replicate_layout 991:Dst text UUid:87d0e205-0686-46b1-8135-d986e4f0473a
11-12 22:57:11 com_github_MitjaNemec_ReplicateLayout.replicate_layout 990:Src text UUid:cbc54092-ef49-4a91-b324-f6377248bdf9
11-12 22:57:11 com_github_MitjaNemec_ReplicateLayout.replicate_layout 991:Dst text UUid:69064d1c-ee26-4ffa-9bc5-33a05c9ee46d
11-12 22:57:11 com_github_MitjaNemec_ReplicateLayout.replicate_layout 990:Src text UUid:a432e7aa-3bd5-4cba-b765-9f5f9481582e
11-12 22:57:11 com_github_MitjaNemec_ReplicateLayout.replicate_layout 991:Dst text UUid:9b8c4161-1ebf-478e-9708-8cacbf021a43
11-12 22:57:11 com_github_MitjaNemec_ReplicateLayout.replicate_layout 888:Replicating footprint: 'LED142'
11-12 22:57:11 com_github_MitjaNemec_ReplicateLayout.replicate_layout 835:Src fp.id: '0C09B42A-D4DF-4F87-AFF4-5296AF118FDF'
11-12 22:57:11 com_github_MitjaNemec_ReplicateLayout.replicate_layout 839:Dst fp.id: '0C09B42A-D4DF-4F87-AFF4-5296AF118FDF'
11-12 22:57:11 com_github_MitjaNemec_ReplicateLayout.replicate_layout 895:found match in dst footprint: 'LED160'
11-12 22:57:11 com_github_MitjaNemec_ReplicateLayout.replicate_layout 990:Src text UUid:9463e9d6-02d6-4857-9f39-9338e5245ef5
11-12 22:57:11 com_github_MitjaNemec_ReplicateLayout.replicate_layout 991:Dst text UUid:1c7239e8-5d92-40da-9edc-7e291b293637
11-12 22:57:11 com_github_MitjaNemec_ReplicateLayout.replicate_layout 990:Src text UUid:0739365c-df74-44fd-a386-04c3841e72b1
11-12 22:57:11 com_github_MitjaNemec_ReplicateLayout.replicate_layout 991:Dst text UUid:e6ff966f-ed45-456c-8b67-d96b73c92881
11-12 22:57:11 com_github_MitjaNemec_ReplicateLayout.replicate_layout 990:Src text UUid:5d666820-e369-4ddd-b676-a3f134ad7960
11-12 22:57:11 com_github_MitjaNemec_ReplicateLayout.replicate_layout 991:Dst text UUid:80a4a224-901d-4f96-88a1-24770c8d44ad
11-12 22:57:11 com_github_MitjaNemec_ReplicateLayout.replicate_layout 888:Replicating footprint: 'LED144'
11-12 22:57:11 com_github_MitjaNemec_ReplicateLayout.replicate_layout 835:Src fp.id: '0810E186-22BD-4094-A943-28056DB37E18'
11-12 22:57:11 com_github_MitjaNemec_ReplicateLayout.replicate_layout 839:Dst fp.id: '0810E186-22BD-4094-A943-28056DB37E18'
11-12 22:57:11 com_github_MitjaNemec_ReplicateLayout.replicate_layout 895:found match in dst footprint: 'LED162'
11-12 22:57:11 com_github_MitjaNemec_ReplicateLayout.replicate_layout 990:Src text UUid:d4f51115-0b40-4019-a418-64c3b5390a72
11-12 22:57:11 com_github_MitjaNemec_ReplicateLayout.replicate_layout 991:Dst text UUid:8f5e544a-60c1-497f-a8da-58b13dd790a9
11-12 22:57:11 com_github_MitjaNemec_ReplicateLayout.replicate_layout 990:Src text UUid:0ff00c33-2d97-415c-a383-5b222a06a46e
11-12 22:57:11 com_github_MitjaNemec_ReplicateLayout.replicate_layout 991:Dst text UUid:16d0fd36-c3ea-4f53-840e-120858d9dc2c
11-12 22:57:11 com_github_MitjaNemec_ReplicateLayout.replicate_layout 990:Src text UUid:dde8ebf1-c0d6-4c52-86e2-7e3a65d80d5a
11-12 22:57:11 com_github_MitjaNemec_ReplicateLayout.replicate_layout 991:Dst text UUid:76129938-4c68-4d0d-83b0-6a6b90a7f5fa
11-12 22:57:11 com_github_MitjaNemec_ReplicateLayout.replicate_layout 870:Replicating footprints on sheet ['Bottom', 'LEDs_Bottom', 'LEDS_discreet4', 'LED_single2']
11-12 22:57:11 com_github_MitjaNemec_ReplicateLayout.replicate_layout 835:Src fp.id: '0C09B42A-D4DF-4F87-AFF4-5296AF118FDF'
11-12 22:57:11 com_github_MitjaNemec_ReplicateLayout.replicate_layout 839:Dst fp.id: '0C09B42A-D4DF-4F87-AFF4-5296AF118FDF'
11-12 22:57:11 com_github_MitjaNemec_ReplicateLayout.replicate_layout 888:Replicating footprint: 'U153'
11-12 22:57:11 com_github_MitjaNemec_ReplicateLayout.replicate_layout 835:Src fp.id: 'EB896E0D-DC1C-402A-A83E-7193E291B78E'
11-12 22:57:11 com_github_MitjaNemec_ReplicateLayout.replicate_layout 839:Dst fp.id: 'EB896E0D-DC1C-402A-A83E-7193E291B78E'
11-12 22:57:11 com_github_MitjaNemec_ReplicateLayout.replicate_layout 895:found match in dst footprint: 'U170'
11-12 22:57:11 com_github_MitjaNemec_ReplicateLayout.replicate_layout 990:Src text UUid:110b3224-b357-4118-9c08-b3fded705e4b
11-12 22:57:11 com_github_MitjaNemec_ReplicateLayout.replicate_layout 991:Dst text UUid:1df3bc25-2070-4e80-8e76-5c991fe07a72
11-12 22:57:11 com_github_MitjaNemec_ReplicateLayout.replicate_layout 990:Src text UUid:b9e7f770-21cd-4948-9662-6e0ac7df885e
11-12 22:57:11 com_github_MitjaNemec_ReplicateLayout.replicate_layout 991:Dst text UUid:b69b5798-a37f-4b73-a58c-3889f8c08397
11-12 22:57:11 com_github_MitjaNemec_ReplicateLayout.replicate_layout 990:Src text UUid:eaba7cf7-101e-4672-ad3c-d50ac347e980
11-12 22:57:11 com_github_MitjaNemec_ReplicateLayout.replicate_layout 991:Dst text UUid:24b2864e-a569-47ea-b008-66fba9c3a5d2
11-12 22:57:11 com_github_MitjaNemec_ReplicateLayout.replicate_layout 888:Replicating footprint: 'R196'
11-12 22:57:11 root 345:updating GUI with: 22
11-12 22:57:11 com_github_MitjaNemec_ReplicateLayout.replicate_layout 835:Src fp.id: '28A8D9BC-2140-4FD7-9BA9-4E17A2CADB20'
11-12 22:57:11 com_github_MitjaNemec_ReplicateLayout.replicate_layout 839:Dst fp.id: '28A8D9BC-2140-4FD7-9BA9-4E17A2CADB20'
11-12 22:57:11 com_github_MitjaNemec_ReplicateLayout.replicate_layout 895:found match in dst footprint: 'R220'
11-12 22:57:11 com_github_MitjaNemec_ReplicateLayout.replicate_layout 990:Src text UUid:10a75789-866c-466a-b99e-1669393a4dc9
11-12 22:57:11 com_github_MitjaNemec_ReplicateLayout.replicate_layout 991:Dst text UUid:c3d3c02e-b925-4a91-984e-d39162ba4966
11-12 22:57:11 com_github_MitjaNemec_ReplicateLayout.replicate_layout 990:Src text UUid:26f5deef-302c-459b-9fc1-9a4618773440
11-12 22:57:11 com_github_MitjaNemec_ReplicateLayout.replicate_layout 991:Dst text UUid:96d8d397-16bd-42f4-a41d-08fa69c17a16
11-12 22:57:11 com_github_MitjaNemec_ReplicateLayout.replicate_layout 990:Src text UUid:a58fc8cd-c2ef-4a2e-8f35-9edf2c2f6adb
11-12 22:57:11 com_github_MitjaNemec_ReplicateLayout.replicate_layout 991:Dst text UUid:11c56a46-d2d5-4768-be72-c73a063b50fc
11-12 22:57:11 com_github_MitjaNemec_ReplicateLayout.replicate_layout 888:Replicating footprint: 'R197'
11-12 22:57:11 com_github_MitjaNemec_ReplicateLayout.replicate_layout 835:Src fp.id: '55391442-DACB-4265-94E5-89EFFD14C302'
11-12 22:57:11 com_github_MitjaNemec_ReplicateLayout.replicate_layout 839:Dst fp.id: '55391442-DACB-4265-94E5-89EFFD14C302'
11-12 22:57:11 com_github_MitjaNemec_ReplicateLayout.replicate_layout 895:found match in dst footprint: 'R221'
11-12 22:57:11 com_github_MitjaNemec_ReplicateLayout.replicate_layout 990:Src text UUid:6cd10716-af31-44d4-bad9-a9da97fd4924
11-12 22:57:11 com_github_MitjaNemec_ReplicateLayout.replicate_layout 991:Dst text UUid:775a28f2-74a8-41a1-af78-4762365395cb
11-12 22:57:11 com_github_MitjaNemec_ReplicateLayout.replicate_layout 990:Src text UUid:65380ce8-601c-4762-983f-4bdb6ed67bde
11-12 22:57:11 com_github_MitjaNemec_ReplicateLayout.replicate_layout 991:Dst text UUid:a22a5864-e4e1-4613-ae93-db78a826fa45
11-12 22:57:11 com_github_MitjaNemec_ReplicateLayout.replicate_layout 990:Src text UUid:94d012b9-077f-436c-a4d8-e5bb00c165ba
11-12 22:57:11 com_github_MitjaNemec_ReplicateLayout.replicate_layout 991:Dst text UUid:44575234-86da-4bdd-bc4b-0c519ccbb1ae
11-12 22:57:11 com_github_MitjaNemec_ReplicateLayout.replicate_layout 888:Replicating footprint: 'U152'
11-12 22:57:11 com_github_MitjaNemec_ReplicateLayout.replicate_layout 835:Src fp.id: '62B3827C-A320-4AD6-A424-1485EF65900D'
11-12 22:57:11 com_github_MitjaNemec_ReplicateLayout.replicate_layout 839:Dst fp.id: '62B3827C-A320-4AD6-A424-1485EF65900D'
11-12 22:57:11 com_github_MitjaNemec_ReplicateLayout.replicate_layout 895:found match in dst footprint: 'U169'
11-12 22:57:11 com_github_MitjaNemec_ReplicateLayout.replicate_layout 990:Src text UUid:c50c72b1-94e3-4159-a219-37f741e82a7c
11-12 22:57:11 com_github_MitjaNemec_ReplicateLayout.replicate_layout 991:Dst text UUid:f3d6f83d-ebd4-436d-8b79-efef33de6930
11-12 22:57:11 com_github_MitjaNemec_ReplicateLayout.replicate_layout 990:Src text UUid:292e74a5-6b55-4359-be57-8b0026051126
11-12 22:57:11 com_github_MitjaNemec_ReplicateLayout.replicate_layout 991:Dst text UUid:094124e3-2f08-4edd-92f6-9b139275910f
11-12 22:57:11 com_github_MitjaNemec_ReplicateLayout.replicate_layout 990:Src text UUid:22c9f63c-bdf9-47e9-ae01-74d81cfbd908
11-12 22:57:11 com_github_MitjaNemec_ReplicateLayout.replicate_layout 991:Dst text UUid:62e8869d-12a3-4aaa-8361-85fd19f04333
11-12 22:57:11 com_github_MitjaNemec_ReplicateLayout.replicate_layout 888:Replicating footprint: 'R198'
11-12 22:57:11 com_github_MitjaNemec_ReplicateLayout.replicate_layout 835:Src fp.id: '2D77C678-F455-47D6-93BD-3ED95A089C96'
11-12 22:57:11 com_github_MitjaNemec_ReplicateLayout.replicate_layout 839:Dst fp.id: '2D77C678-F455-47D6-93BD-3ED95A089C96'
11-12 22:57:11 com_github_MitjaNemec_ReplicateLayout.replicate_layout 895:found match in dst footprint: 'R222'
11-12 22:57:11 com_github_MitjaNemec_ReplicateLayout.replicate_layout 990:Src text UUid:026024b2-ee3d-495c-b376-571543d60a54
11-12 22:57:11 com_github_MitjaNemec_ReplicateLayout.replicate_layout 991:Dst text UUid:fb8f0515-23d5-4b5f-9d8c-927d00ecb1c9
11-12 22:57:11 com_github_MitjaNemec_ReplicateLayout.replicate_layout 990:Src text UUid:23dd6946-9981-4c83-9d25-050d5e9bece6
11-12 22:57:11 com_github_MitjaNemec_ReplicateLayout.replicate_layout 991:Dst text UUid:5d67b5e2-aac2-490a-b252-7fc0746b124f
11-12 22:57:11 com_github_MitjaNemec_ReplicateLayout.replicate_layout 990:Src text UUid:8cb67b8b-8668-4222-8264-d0248233162e
11-12 22:57:11 com_github_MitjaNemec_ReplicateLayout.replicate_layout 991:Dst text UUid:6d8ea104-eed6-4295-9f56-5de964de5d04
11-12 22:57:11 com_github_MitjaNemec_ReplicateLayout.replicate_layout 888:Replicating footprint: 'LED143'
11-12 22:57:11 com_github_MitjaNemec_ReplicateLayout.replicate_layout 835:Src fp.id: '2ABC1D4C-0E8C-4F90-9BF0-DF151C3D99F0'
11-12 22:57:11 com_github_MitjaNemec_ReplicateLayout.replicate_layout 839:Dst fp.id: '2ABC1D4C-0E8C-4F90-9BF0-DF151C3D99F0'
11-12 22:57:11 com_github_MitjaNemec_ReplicateLayout.replicate_layout 895:found match in dst footprint: 'LED167'
11-12 22:57:11 com_github_MitjaNemec_ReplicateLayout.replicate_layout 990:Src text UUid:cb110f2a-a8eb-4aca-b5bc-ff7ccb902aef
11-12 22:57:11 com_github_MitjaNemec_ReplicateLayout.replicate_layout 991:Dst text UUid:8ebdd8b5-6dea-4cc9-8fb8-1cacb7960028
11-12 22:57:11 com_github_MitjaNemec_ReplicateLayout.replicate_layout 990:Src text UUid:cbc54092-ef49-4a91-b324-f6377248bdf9
11-12 22:57:11 com_github_MitjaNemec_ReplicateLayout.replicate_layout 991:Dst text UUid:ddcb6adc-fc79-4b00-870a-a5a51605d14e
11-12 22:57:11 com_github_MitjaNemec_ReplicateLayout.replicate_layout 990:Src text UUid:a432e7aa-3bd5-4cba-b765-9f5f9481582e
11-12 22:57:11 com_github_MitjaNemec_ReplicateLayout.replicate_layout 991:Dst text UUid:714ce1c0-4fed-440b-a321-4c22cc5b2064
11-12 22:57:11 com_github_MitjaNemec_ReplicateLayout.replicate_layout 888:Replicating footprint: 'LED142'
11-12 22:57:11 com_github_MitjaNemec_ReplicateLayout.replicate_layout 835:Src fp.id: '0C09B42A-D4DF-4F87-AFF4-5296AF118FDF'
11-12 22:57:11 com_github_MitjaNemec_ReplicateLayout.replicate_layout 839:Dst fp.id: '0C09B42A-D4DF-4F87-AFF4-5296AF118FDF'
11-12 22:57:11 com_github_MitjaNemec_ReplicateLayout.replicate_layout 895:found match in dst footprint: 'LED166'
11-12 22:57:11 com_github_MitjaNemec_ReplicateLayout.replicate_layout 990:Src text UUid:9463e9d6-02d6-4857-9f39-9338e5245ef5
11-12 22:57:11 com_github_MitjaNemec_ReplicateLayout.replicate_layout 991:Dst text UUid:1a5139c1-867a-4f35-b239-2386a1f93242
11-12 22:57:11 com_github_MitjaNemec_ReplicateLayout.replicate_layout 990:Src text UUid:0739365c-df74-44fd-a386-04c3841e72b1
11-12 22:57:11 com_github_MitjaNemec_ReplicateLayout.replicate_layout 991:Dst text UUid:0f086755-0a1a-4fee-9f88-e2b6c44cb913
11-12 22:57:11 com_github_MitjaNemec_ReplicateLayout.replicate_layout 990:Src text UUid:5d666820-e369-4ddd-b676-a3f134ad7960
11-12 22:57:11 com_github_MitjaNemec_ReplicateLayout.replicate_layout 991:Dst text UUid:1ad5f8c3-5d6a-4071-ae3e-4f40f2c161bb
11-12 22:57:11 com_github_MitjaNemec_ReplicateLayout.replicate_layout 888:Replicating footprint: 'LED144'
11-12 22:57:11 com_github_MitjaNemec_ReplicateLayout.replicate_layout 835:Src fp.id: '0810E186-22BD-4094-A943-28056DB37E18'
11-12 22:57:11 com_github_MitjaNemec_ReplicateLayout.replicate_layout 839:Dst fp.id: '0810E186-22BD-4094-A943-28056DB37E18'
11-12 22:57:11 com_github_MitjaNemec_ReplicateLayout.replicate_layout 895:found match in dst footprint: 'LED168'
11-12 22:57:11 com_github_MitjaNemec_ReplicateLayout.replicate_layout 990:Src text UUid:d4f51115-0b40-4019-a418-64c3b5390a72
11-12 22:57:11 com_github_MitjaNemec_ReplicateLayout.replicate_layout 991:Dst text UUid:5fa3f288-55cf-412b-8c5a-aae9730c36e7
11-12 22:57:11 com_github_MitjaNemec_ReplicateLayout.replicate_layout 990:Src text UUid:0ff00c33-2d97-415c-a383-5b222a06a46e
11-12 22:57:11 com_github_MitjaNemec_ReplicateLayout.replicate_layout 991:Dst text UUid:fbbd4536-b67b-4582-895c-35e819ecedc3
11-12 22:57:11 com_github_MitjaNemec_ReplicateLayout.replicate_layout 990:Src text UUid:dde8ebf1-c0d6-4c52-86e2-7e3a65d80d5a
11-12 22:57:11 com_github_MitjaNemec_ReplicateLayout.replicate_layout 991:Dst text UUid:4912e209-8a98-4d24-aa93-0ed5d427a0a3
11-12 22:57:11 com_github_MitjaNemec_ReplicateLayout.replicate_layout 870:Replicating footprints on sheet ['Bottom', 'LEDs_Bottom', 'LEDS_discreet4', 'LED_single3']
11-12 22:57:11 com_github_MitjaNemec_ReplicateLayout.replicate_layout 835:Src fp.id: '0C09B42A-D4DF-4F87-AFF4-5296AF118FDF'
11-12 22:57:11 com_github_MitjaNemec_ReplicateLayout.replicate_layout 839:Dst fp.id: '0C09B42A-D4DF-4F87-AFF4-5296AF118FDF'
11-12 22:57:11 com_github_MitjaNemec_ReplicateLayout.replicate_layout 888:Replicating footprint: 'U153'
11-12 22:57:11 com_github_MitjaNemec_ReplicateLayout.replicate_layout 835:Src fp.id: 'EB896E0D-DC1C-402A-A83E-7193E291B78E'
11-12 22:57:11 com_github_MitjaNemec_ReplicateLayout.replicate_layout 839:Dst fp.id: 'EB896E0D-DC1C-402A-A83E-7193E291B78E'
11-12 22:57:11 com_github_MitjaNemec_ReplicateLayout.replicate_layout 895:found match in dst footprint: 'U172'
11-12 22:57:11 com_github_MitjaNemec_ReplicateLayout.replicate_layout 990:Src text UUid:110b3224-b357-4118-9c08-b3fded705e4b
11-12 22:57:11 com_github_MitjaNemec_ReplicateLayout.replicate_layout 991:Dst text UUid:db2804cc-3b74-48d2-a71e-fc572a9646ff
11-12 22:57:11 com_github_MitjaNemec_ReplicateLayout.replicate_layout 990:Src text UUid:b9e7f770-21cd-4948-9662-6e0ac7df885e
11-12 22:57:11 com_github_MitjaNemec_ReplicateLayout.replicate_layout 991:Dst text UUid:c23e1cc0-2ec0-422e-8176-9b76ceb24f32
11-12 22:57:11 com_github_MitjaNemec_ReplicateLayout.replicate_layout 990:Src text UUid:eaba7cf7-101e-4672-ad3c-d50ac347e980
11-12 22:57:11 com_github_MitjaNemec_ReplicateLayout.replicate_layout 991:Dst text UUid:be546b6a-a276-461a-954e-67962543004c
11-12 22:57:11 com_github_MitjaNemec_ReplicateLayout.replicate_layout 888:Replicating footprint: 'R196'
11-12 22:57:11 com_github_MitjaNemec_ReplicateLayout.replicate_layout 835:Src fp.id: '28A8D9BC-2140-4FD7-9BA9-4E17A2CADB20'
11-12 22:57:11 com_github_MitjaNemec_ReplicateLayout.replicate_layout 839:Dst fp.id: '28A8D9BC-2140-4FD7-9BA9-4E17A2CADB20'
11-12 22:57:11 com_github_MitjaNemec_ReplicateLayout.replicate_layout 895:found match in dst footprint: 'R223'
11-12 22:57:11 com_github_MitjaNemec_ReplicateLayout.replicate_layout 990:Src text UUid:10a75789-866c-466a-b99e-1669393a4dc9
11-12 22:57:11 com_github_MitjaNemec_ReplicateLayout.replicate_layout 991:Dst text UUid:38bc29ff-24c0-4b74-b7cb-66b6a4a8df02
11-12 22:57:11 com_github_MitjaNemec_ReplicateLayout.replicate_layout 990:Src text UUid:26f5deef-302c-459b-9fc1-9a4618773440
11-12 22:57:11 com_github_MitjaNemec_ReplicateLayout.replicate_layout 991:Dst text UUid:a2cd488c-5767-4d55-aa77-6eb130bcdff3
11-12 22:57:11 com_github_MitjaNemec_ReplicateLayout.replicate_layout 990:Src text UUid:a58fc8cd-c2ef-4a2e-8f35-9edf2c2f6adb
11-12 22:57:11 com_github_MitjaNemec_ReplicateLayout.replicate_layout 991:Dst text UUid:b5adef8f-efd2-4415-814b-37606dd38c52
11-12 22:57:11 com_github_MitjaNemec_ReplicateLayout.replicate_layout 888:Replicating footprint: 'R197'
11-12 22:57:11 com_github_MitjaNemec_ReplicateLayout.replicate_layout 835:Src fp.id: '55391442-DACB-4265-94E5-89EFFD14C302'
11-12 22:57:11 com_github_MitjaNemec_ReplicateLayout.replicate_layout 839:Dst fp.id: '55391442-DACB-4265-94E5-89EFFD14C302'
11-12 22:57:11 com_github_MitjaNemec_ReplicateLayout.replicate_layout 895:found match in dst footprint: 'R224'
11-12 22:57:11 com_github_MitjaNemec_ReplicateLayout.replicate_layout 990:Src text UUid:6cd10716-af31-44d4-bad9-a9da97fd4924
11-12 22:57:11 com_github_MitjaNemec_ReplicateLayout.replicate_layout 991:Dst text UUid:2277860b-4d54-4974-a476-45023c485f6f
11-12 22:57:11 com_github_MitjaNemec_ReplicateLayout.replicate_layout 990:Src text UUid:65380ce8-601c-4762-983f-4bdb6ed67bde
11-12 22:57:11 com_github_MitjaNemec_ReplicateLayout.replicate_layout 991:Dst text UUid:70f78377-2e9e-45c9-a560-478a15dfa183
11-12 22:57:11 com_github_MitjaNemec_ReplicateLayout.replicate_layout 990:Src text UUid:94d012b9-077f-436c-a4d8-e5bb00c165ba
11-12 22:57:11 com_github_MitjaNemec_ReplicateLayout.replicate_layout 991:Dst text UUid:71f478eb-b8ba-40a1-a4b0-eeca1a5f511f
11-12 22:57:11 com_github_MitjaNemec_ReplicateLayout.replicate_layout 888:Replicating footprint: 'U152'
11-12 22:57:11 com_github_MitjaNemec_ReplicateLayout.replicate_layout 835:Src fp.id: '62B3827C-A320-4AD6-A424-1485EF65900D'
11-12 22:57:11 com_github_MitjaNemec_ReplicateLayout.replicate_layout 839:Dst fp.id: '62B3827C-A320-4AD6-A424-1485EF65900D'
11-12 22:57:11 com_github_MitjaNemec_ReplicateLayout.replicate_layout 895:found match in dst footprint: 'U171'
11-12 22:57:11 com_github_MitjaNemec_ReplicateLayout.replicate_layout 990:Src text UUid:c50c72b1-94e3-4159-a219-37f741e82a7c
11-12 22:57:11 com_github_MitjaNemec_ReplicateLayout.replicate_layout 991:Dst text UUid:84804f48-c632-48cf-82c7-93fd6f91a848
11-12 22:57:11 com_github_MitjaNemec_ReplicateLayout.replicate_layout 990:Src text UUid:292e74a5-6b55-4359-be57-8b0026051126
11-12 22:57:11 com_github_MitjaNemec_ReplicateLayout.replicate_layout 991:Dst text UUid:01fa98be-a389-4409-932c-a675b2307b65
11-12 22:57:11 com_github_MitjaNemec_ReplicateLayout.replicate_layout 990:Src text UUid:22c9f63c-bdf9-47e9-ae01-74d81cfbd908
11-12 22:57:11 com_github_MitjaNemec_ReplicateLayout.replicate_layout 991:Dst text UUid:fc715c45-11e8-47af-a330-0d2569d1ad6a
11-12 22:57:11 com_github_MitjaNemec_ReplicateLayout.replicate_layout 888:Replicating footprint: 'R198'
11-12 22:57:11 com_github_MitjaNemec_ReplicateLayout.replicate_layout 835:Src fp.id: '2D77C678-F455-47D6-93BD-3ED95A089C96'
11-12 22:57:11 com_github_MitjaNemec_ReplicateLayout.replicate_layout 839:Dst fp.id: '2D77C678-F455-47D6-93BD-3ED95A089C96'
11-12 22:57:11 com_github_MitjaNemec_ReplicateLayout.replicate_layout 895:found match in dst footprint: 'R225'
11-12 22:57:11 com_github_MitjaNemec_ReplicateLayout.replicate_layout 990:Src text UUid:026024b2-ee3d-495c-b376-571543d60a54
11-12 22:57:11 com_github_MitjaNemec_ReplicateLayout.replicate_layout 991:Dst text UUid:b2fe6736-d45f-4739-a187-dc0df407aba7
11-12 22:57:11 com_github_MitjaNemec_ReplicateLayout.replicate_layout 990:Src text UUid:23dd6946-9981-4c83-9d25-050d5e9bece6
11-12 22:57:11 com_github_MitjaNemec_ReplicateLayout.replicate_layout 991:Dst text UUid:68404fb4-10a1-4c6e-871f-355f233875b0
11-12 22:57:11 com_github_MitjaNemec_ReplicateLayout.replicate_layout 990:Src text UUid:8cb67b8b-8668-4222-8264-d0248233162e
11-12 22:57:11 com_github_MitjaNemec_ReplicateLayout.replicate_layout 991:Dst text UUid:d915c074-209e-43af-9607-13bae47dd1d3
11-12 22:57:11 com_github_MitjaNemec_ReplicateLayout.replicate_layout 888:Replicating footprint: 'LED143'
11-12 22:57:11 com_github_MitjaNemec_ReplicateLayout.replicate_layout 835:Src fp.id: '2ABC1D4C-0E8C-4F90-9BF0-DF151C3D99F0'
11-12 22:57:11 com_github_MitjaNemec_ReplicateLayout.replicate_layout 839:Dst fp.id: '2ABC1D4C-0E8C-4F90-9BF0-DF151C3D99F0'
11-12 22:57:11 com_github_MitjaNemec_ReplicateLayout.replicate_layout 895:found match in dst footprint: 'LED170'
11-12 22:57:11 com_github_MitjaNemec_ReplicateLayout.replicate_layout 990:Src text UUid:cb110f2a-a8eb-4aca-b5bc-ff7ccb902aef
11-12 22:57:11 com_github_MitjaNemec_ReplicateLayout.replicate_layout 991:Dst text UUid:ecd3f8a7-a23f-405f-a6be-f232b20b7573
11-12 22:57:11 com_github_MitjaNemec_ReplicateLayout.replicate_layout 990:Src text UUid:cbc54092-ef49-4a91-b324-f6377248bdf9
11-12 22:57:11 com_github_MitjaNemec_ReplicateLayout.replicate_layout 991:Dst text UUid:3b785e0c-85ab-4299-adb4-cf780e7ec1f5
11-12 22:57:11 com_github_MitjaNemec_ReplicateLayout.replicate_layout 990:Src text UUid:a432e7aa-3bd5-4cba-b765-9f5f9481582e
11-12 22:57:11 com_github_MitjaNemec_ReplicateLayout.replicate_layout 991:Dst text UUid:c6b1191c-a537-44ec-a75a-22b3d4a76d1d
11-12 22:57:11 com_github_MitjaNemec_ReplicateLayout.replicate_layout 888:Replicating footprint: 'LED142'
11-12 22:57:11 com_github_MitjaNemec_ReplicateLayout.replicate_layout 835:Src fp.id: '0C09B42A-D4DF-4F87-AFF4-5296AF118FDF'
11-12 22:57:11 com_github_MitjaNemec_ReplicateLayout.replicate_layout 839:Dst fp.id: '0C09B42A-D4DF-4F87-AFF4-5296AF118FDF'
11-12 22:57:11 com_github_MitjaNemec_ReplicateLayout.replicate_layout 895:found match in dst footprint: 'LED169'
11-12 22:57:11 com_github_MitjaNemec_ReplicateLayout.replicate_layout 990:Src text UUid:9463e9d6-02d6-4857-9f39-9338e5245ef5
11-12 22:57:11 com_github_MitjaNemec_ReplicateLayout.replicate_layout 991:Dst text UUid:c4aba80f-f070-4ec3-8e89-30a6c00bebf6
11-12 22:57:11 com_github_MitjaNemec_ReplicateLayout.replicate_layout 990:Src text UUid:0739365c-df74-44fd-a386-04c3841e72b1
11-12 22:57:11 com_github_MitjaNemec_ReplicateLayout.replicate_layout 991:Dst text UUid:0c2884de-c4bb-45aa-87c4-c2376493fed9
11-12 22:57:11 com_github_MitjaNemec_ReplicateLayout.replicate_layout 990:Src text UUid:5d666820-e369-4ddd-b676-a3f134ad7960
11-12 22:57:11 com_github_MitjaNemec_ReplicateLayout.replicate_layout 991:Dst text UUid:7b2962c8-7475-4195-b46b-32446fc6e12a
11-12 22:57:11 com_github_MitjaNemec_ReplicateLayout.replicate_layout 888:Replicating footprint: 'LED144'
11-12 22:57:11 com_github_MitjaNemec_ReplicateLayout.replicate_layout 835:Src fp.id: '0810E186-22BD-4094-A943-28056DB37E18'
11-12 22:57:11 com_github_MitjaNemec_ReplicateLayout.replicate_layout 839:Dst fp.id: '0810E186-22BD-4094-A943-28056DB37E18'
11-12 22:57:11 com_github_MitjaNemec_ReplicateLayout.replicate_layout 895:found match in dst footprint: 'LED171'
11-12 22:57:11 com_github_MitjaNemec_ReplicateLayout.replicate_layout 990:Src text UUid:d4f51115-0b40-4019-a418-64c3b5390a72
11-12 22:57:11 com_github_MitjaNemec_ReplicateLayout.replicate_layout 991:Dst text UUid:6131028a-b998-4ab6-a3b6-7982d2c0f243
11-12 22:57:11 com_github_MitjaNemec_ReplicateLayout.replicate_layout 990:Src text UUid:0ff00c33-2d97-415c-a383-5b222a06a46e
11-12 22:57:11 com_github_MitjaNemec_ReplicateLayout.replicate_layout 991:Dst text UUid:df49fc0a-5c60-4b31-9a01-545e78d8339b
11-12 22:57:11 com_github_MitjaNemec_ReplicateLayout.replicate_layout 990:Src text UUid:dde8ebf1-c0d6-4c52-86e2-7e3a65d80d5a
11-12 22:57:11 com_github_MitjaNemec_ReplicateLayout.replicate_layout 991:Dst text UUid:37b5cf40-5ef8-4260-8cdf-9930920d9d1c
11-12 22:57:11 com_github_MitjaNemec_ReplicateLayout.replicate_layout 870:Replicating footprints on sheet ['Bottom', 'LEDs_Bottom', 'LEDS_discreet5', 'LED_single']
11-12 22:57:11 com_github_MitjaNemec_ReplicateLayout.replicate_layout 835:Src fp.id: '0C09B42A-D4DF-4F87-AFF4-5296AF118FDF'
11-12 22:57:11 com_github_MitjaNemec_ReplicateLayout.replicate_layout 839:Dst fp.id: '0C09B42A-D4DF-4F87-AFF4-5296AF118FDF'
11-12 22:57:11 com_github_MitjaNemec_ReplicateLayout.replicate_layout 888:Replicating footprint: 'U153'
11-12 22:57:11 root 345:updating GUI with: 25
11-12 22:57:11 com_github_MitjaNemec_ReplicateLayout.replicate_layout 835:Src fp.id: 'EB896E0D-DC1C-402A-A83E-7193E291B78E'
11-12 22:57:11 com_github_MitjaNemec_ReplicateLayout.replicate_layout 839:Dst fp.id: 'EB896E0D-DC1C-402A-A83E-7193E291B78E'
11-12 22:57:11 com_github_MitjaNemec_ReplicateLayout.replicate_layout 895:found match in dst footprint: 'U207'
11-12 22:57:11 com_github_MitjaNemec_ReplicateLayout.replicate_layout 990:Src text UUid:110b3224-b357-4118-9c08-b3fded705e4b
11-12 22:57:11 com_github_MitjaNemec_ReplicateLayout.replicate_layout 991:Dst text UUid:a49b4c5f-a4a1-44e5-96ba-afd5600735ba
11-12 22:57:11 com_github_MitjaNemec_ReplicateLayout.replicate_layout 990:Src text UUid:b9e7f770-21cd-4948-9662-6e0ac7df885e
11-12 22:57:11 com_github_MitjaNemec_ReplicateLayout.replicate_layout 991:Dst text UUid:acf00db7-abb7-4090-98e2-9d10f219d87e
11-12 22:57:11 com_github_MitjaNemec_ReplicateLayout.replicate_layout 990:Src text UUid:eaba7cf7-101e-4672-ad3c-d50ac347e980
11-12 22:57:11 com_github_MitjaNemec_ReplicateLayout.replicate_layout 991:Dst text UUid:60889801-a9d8-4875-a578-0d8334544677
11-12 22:57:11 com_github_MitjaNemec_ReplicateLayout.replicate_layout 888:Replicating footprint: 'R196'
11-12 22:57:11 com_github_MitjaNemec_ReplicateLayout.replicate_layout 835:Src fp.id: '28A8D9BC-2140-4FD7-9BA9-4E17A2CADB20'
11-12 22:57:11 com_github_MitjaNemec_ReplicateLayout.replicate_layout 839:Dst fp.id: '28A8D9BC-2140-4FD7-9BA9-4E17A2CADB20'
11-12 22:57:11 com_github_MitjaNemec_ReplicateLayout.replicate_layout 895:found match in dst footprint: 'R268'
11-12 22:57:11 com_github_MitjaNemec_ReplicateLayout.replicate_layout 990:Src text UUid:10a75789-866c-466a-b99e-1669393a4dc9
11-12 22:57:11 com_github_MitjaNemec_ReplicateLayout.replicate_layout 991:Dst text UUid:217abc97-6630-4dc1-98bf-4cb9e4c71ba5
11-12 22:57:11 com_github_MitjaNemec_ReplicateLayout.replicate_layout 990:Src text UUid:26f5deef-302c-459b-9fc1-9a4618773440
11-12 22:57:11 com_github_MitjaNemec_ReplicateLayout.replicate_layout 991:Dst text UUid:f952baaf-0743-4f91-932a-cc7fa8a8fb25
11-12 22:57:11 com_github_MitjaNemec_ReplicateLayout.replicate_layout 990:Src text UUid:a58fc8cd-c2ef-4a2e-8f35-9edf2c2f6adb
11-12 22:57:11 com_github_MitjaNemec_ReplicateLayout.replicate_layout 991:Dst text UUid:ea851df8-d47f-4010-9717-3bca5487b584
11-12 22:57:11 com_github_MitjaNemec_ReplicateLayout.replicate_layout 888:Replicating footprint: 'R197'
11-12 22:57:11 com_github_MitjaNemec_ReplicateLayout.replicate_layout 835:Src fp.id: '55391442-DACB-4265-94E5-89EFFD14C302'
11-12 22:57:11 com_github_MitjaNemec_ReplicateLayout.replicate_layout 839:Dst fp.id: '55391442-DACB-4265-94E5-89EFFD14C302'
11-12 22:57:11 com_github_MitjaNemec_ReplicateLayout.replicate_layout 895:found match in dst footprint: 'R269'
11-12 22:57:11 com_github_MitjaNemec_ReplicateLayout.replicate_layout 990:Src text UUid:6cd10716-af31-44d4-bad9-a9da97fd4924
11-12 22:57:11 com_github_MitjaNemec_ReplicateLayout.replicate_layout 991:Dst text UUid:20f88eb7-aa08-44de-a455-33b22ea992e9
11-12 22:57:11 com_github_MitjaNemec_ReplicateLayout.replicate_layout 990:Src text UUid:65380ce8-601c-4762-983f-4bdb6ed67bde
11-12 22:57:11 com_github_MitjaNemec_ReplicateLayout.replicate_layout 991:Dst text UUid:6e3720e7-ad78-4f64-8a04-3bd3e529e001
11-12 22:57:11 com_github_MitjaNemec_ReplicateLayout.replicate_layout 990:Src text UUid:94d012b9-077f-436c-a4d8-e5bb00c165ba
11-12 22:57:11 com_github_MitjaNemec_ReplicateLayout.replicate_layout 991:Dst text UUid:d11c8021-9ad1-42e5-a1a4-23e43dc925be
11-12 22:57:11 com_github_MitjaNemec_ReplicateLayout.replicate_layout 888:Replicating footprint: 'U152'
11-12 22:57:11 com_github_MitjaNemec_ReplicateLayout.replicate_layout 835:Src fp.id: '62B3827C-A320-4AD6-A424-1485EF65900D'
11-12 22:57:11 com_github_MitjaNemec_ReplicateLayout.replicate_layout 839:Dst fp.id: '62B3827C-A320-4AD6-A424-1485EF65900D'
11-12 22:57:11 com_github_MitjaNemec_ReplicateLayout.replicate_layout 895:found match in dst footprint: 'U206'
11-12 22:57:11 com_github_MitjaNemec_ReplicateLayout.replicate_layout 990:Src text UUid:c50c72b1-94e3-4159-a219-37f741e82a7c
11-12 22:57:11 com_github_MitjaNemec_ReplicateLayout.replicate_layout 991:Dst text UUid:7a79451e-80ed-4a8b-bde6-7695f680ae4e
11-12 22:57:11 com_github_MitjaNemec_ReplicateLayout.replicate_layout 990:Src text UUid:292e74a5-6b55-4359-be57-8b0026051126
11-12 22:57:11 com_github_MitjaNemec_ReplicateLayout.replicate_layout 991:Dst text UUid:b12f07c1-c4d7-441a-8417-3b8c2e4189e3
11-12 22:57:11 com_github_MitjaNemec_ReplicateLayout.replicate_layout 990:Src text UUid:22c9f63c-bdf9-47e9-ae01-74d81cfbd908
11-12 22:57:11 com_github_MitjaNemec_ReplicateLayout.replicate_layout 991:Dst text UUid:f1b58af3-e2da-44e7-8de7-6843aff1c03a
11-12 22:57:11 com_github_MitjaNemec_ReplicateLayout.replicate_layout 888:Replicating footprint: 'R198'
11-12 22:57:11 com_github_MitjaNemec_ReplicateLayout.replicate_layout 835:Src fp.id: '2D77C678-F455-47D6-93BD-3ED95A089C96'
11-12 22:57:11 com_github_MitjaNemec_ReplicateLayout.replicate_layout 839:Dst fp.id: '2D77C678-F455-47D6-93BD-3ED95A089C96'
11-12 22:57:11 com_github_MitjaNemec_ReplicateLayout.replicate_layout 895:found match in dst footprint: 'R270'
11-12 22:57:11 com_github_MitjaNemec_ReplicateLayout.replicate_layout 990:Src text UUid:026024b2-ee3d-495c-b376-571543d60a54
11-12 22:57:11 com_github_MitjaNemec_ReplicateLayout.replicate_layout 991:Dst text UUid:1d0b8a72-55cf-45c2-956a-9055ea8529a2
11-12 22:57:11 com_github_MitjaNemec_ReplicateLayout.replicate_layout 990:Src text UUid:23dd6946-9981-4c83-9d25-050d5e9bece6
11-12 22:57:11 com_github_MitjaNemec_ReplicateLayout.replicate_layout 991:Dst text UUid:d7885fd7-a5d7-4bca-b9b8-4969a43a1cd3
11-12 22:57:11 com_github_MitjaNemec_ReplicateLayout.replicate_layout 990:Src text UUid:8cb67b8b-8668-4222-8264-d0248233162e
11-12 22:57:11 com_github_MitjaNemec_ReplicateLayout.replicate_layout 991:Dst text UUid:a91b9c76-a00a-4a2b-93f6-230400e35e47
11-12 22:57:11 com_github_MitjaNemec_ReplicateLayout.replicate_layout 888:Replicating footprint: 'LED143'
11-12 22:57:11 com_github_MitjaNemec_ReplicateLayout.replicate_layout 835:Src fp.id: '2ABC1D4C-0E8C-4F90-9BF0-DF151C3D99F0'
11-12 22:57:11 com_github_MitjaNemec_ReplicateLayout.replicate_layout 839:Dst fp.id: '2ABC1D4C-0E8C-4F90-9BF0-DF151C3D99F0'
11-12 22:57:11 com_github_MitjaNemec_ReplicateLayout.replicate_layout 895:found match in dst footprint: 'LED215'
11-12 22:57:11 com_github_MitjaNemec_ReplicateLayout.replicate_layout 990:Src text UUid:cb110f2a-a8eb-4aca-b5bc-ff7ccb902aef
11-12 22:57:11 com_github_MitjaNemec_ReplicateLayout.replicate_layout 991:Dst text UUid:7a0eeba6-4320-4b60-ac74-91296bf738b6
11-12 22:57:11 com_github_MitjaNemec_ReplicateLayout.replicate_layout 990:Src text UUid:cbc54092-ef49-4a91-b324-f6377248bdf9
11-12 22:57:11 com_github_MitjaNemec_ReplicateLayout.replicate_layout 991:Dst text UUid:e11da14b-d0b6-4d51-956a-8c985dd15adf
11-12 22:57:11 com_github_MitjaNemec_ReplicateLayout.replicate_layout 990:Src text UUid:a432e7aa-3bd5-4cba-b765-9f5f9481582e
11-12 22:57:11 com_github_MitjaNemec_ReplicateLayout.replicate_layout 991:Dst text UUid:da84f4f7-c39b-461a-9cb1-c1a718e891a2
11-12 22:57:11 com_github_MitjaNemec_ReplicateLayout.replicate_layout 888:Replicating footprint: 'LED142'
11-12 22:57:11 com_github_MitjaNemec_ReplicateLayout.replicate_layout 835:Src fp.id: '0C09B42A-D4DF-4F87-AFF4-5296AF118FDF'
11-12 22:57:11 com_github_MitjaNemec_ReplicateLayout.replicate_layout 839:Dst fp.id: '0C09B42A-D4DF-4F87-AFF4-5296AF118FDF'
11-12 22:57:11 com_github_MitjaNemec_ReplicateLayout.replicate_layout 895:found match in dst footprint: 'LED214'
11-12 22:57:11 com_github_MitjaNemec_ReplicateLayout.replicate_layout 990:Src text UUid:9463e9d6-02d6-4857-9f39-9338e5245ef5
11-12 22:57:11 com_github_MitjaNemec_ReplicateLayout.replicate_layout 991:Dst text UUid:7820dbd7-bfb0-4a38-9677-5736e3b5e503
11-12 22:57:11 com_github_MitjaNemec_ReplicateLayout.replicate_layout 990:Src text UUid:0739365c-df74-44fd-a386-04c3841e72b1
11-12 22:57:11 com_github_MitjaNemec_ReplicateLayout.replicate_layout 991:Dst text UUid:5ffade62-cb19-41d6-a9c1-4125ca4dccc9
11-12 22:57:11 com_github_MitjaNemec_ReplicateLayout.replicate_layout 990:Src text UUid:5d666820-e369-4ddd-b676-a3f134ad7960
11-12 22:57:11 com_github_MitjaNemec_ReplicateLayout.replicate_layout 991:Dst text UUid:cc62055f-d6a0-4f5a-b76b-8f8fdff6befe
11-12 22:57:11 com_github_MitjaNemec_ReplicateLayout.replicate_layout 888:Replicating footprint: 'LED144'
11-12 22:57:11 com_github_MitjaNemec_ReplicateLayout.replicate_layout 835:Src fp.id: '0810E186-22BD-4094-A943-28056DB37E18'
11-12 22:57:11 com_github_MitjaNemec_ReplicateLayout.replicate_layout 839:Dst fp.id: '0810E186-22BD-4094-A943-28056DB37E18'
11-12 22:57:11 com_github_MitjaNemec_ReplicateLayout.replicate_layout 895:found match in dst footprint: 'LED216'
11-12 22:57:11 com_github_MitjaNemec_ReplicateLayout.replicate_layout 990:Src text UUid:d4f51115-0b40-4019-a418-64c3b5390a72
11-12 22:57:11 com_github_MitjaNemec_ReplicateLayout.replicate_layout 991:Dst text UUid:85af71dc-1f17-44cd-89f1-ffa42ac60512
11-12 22:57:11 com_github_MitjaNemec_ReplicateLayout.replicate_layout 990:Src text UUid:0ff00c33-2d97-415c-a383-5b222a06a46e
11-12 22:57:11 com_github_MitjaNemec_ReplicateLayout.replicate_layout 991:Dst text UUid:76f748eb-f3e0-4227-b13b-df3103abb237
11-12 22:57:11 com_github_MitjaNemec_ReplicateLayout.replicate_layout 990:Src text UUid:dde8ebf1-c0d6-4c52-86e2-7e3a65d80d5a
11-12 22:57:11 com_github_MitjaNemec_ReplicateLayout.replicate_layout 991:Dst text UUid:8e53030a-8d30-464c-b41b-79c1aebd2add
11-12 22:57:11 com_github_MitjaNemec_ReplicateLayout.replicate_layout 870:Replicating footprints on sheet ['Bottom', 'LEDs_Bottom', 'LEDS_discreet5', 'LED_single1']
11-12 22:57:11 com_github_MitjaNemec_ReplicateLayout.replicate_layout 835:Src fp.id: '0C09B42A-D4DF-4F87-AFF4-5296AF118FDF'
11-12 22:57:11 com_github_MitjaNemec_ReplicateLayout.replicate_layout 839:Dst fp.id: '0C09B42A-D4DF-4F87-AFF4-5296AF118FDF'
11-12 22:57:11 com_github_MitjaNemec_ReplicateLayout.replicate_layout 888:Replicating footprint: 'U153'
11-12 22:57:11 com_github_MitjaNemec_ReplicateLayout.replicate_layout 835:Src fp.id: 'EB896E0D-DC1C-402A-A83E-7193E291B78E'
11-12 22:57:11 com_github_MitjaNemec_ReplicateLayout.replicate_layout 839:Dst fp.id: 'EB896E0D-DC1C-402A-A83E-7193E291B78E'
11-12 22:57:11 com_github_MitjaNemec_ReplicateLayout.replicate_layout 895:found match in dst footprint: 'U209'
11-12 22:57:11 com_github_MitjaNemec_ReplicateLayout.replicate_layout 990:Src text UUid:110b3224-b357-4118-9c08-b3fded705e4b
11-12 22:57:11 com_github_MitjaNemec_ReplicateLayout.replicate_layout 991:Dst text UUid:6f09d40b-a70a-41cc-ab18-41f270071a4f
11-12 22:57:11 com_github_MitjaNemec_ReplicateLayout.replicate_layout 990:Src text UUid:b9e7f770-21cd-4948-9662-6e0ac7df885e
11-12 22:57:11 com_github_MitjaNemec_ReplicateLayout.replicate_layout 991:Dst text UUid:d2b8c77d-176b-4d57-bb94-1172431d0508
11-12 22:57:11 com_github_MitjaNemec_ReplicateLayout.replicate_layout 990:Src text UUid:eaba7cf7-101e-4672-ad3c-d50ac347e980
11-12 22:57:11 com_github_MitjaNemec_ReplicateLayout.replicate_layout 991:Dst text UUid:7b9c6917-2f62-4d6f-961b-4e4504d99627
11-12 22:57:11 com_github_MitjaNemec_ReplicateLayout.replicate_layout 888:Replicating footprint: 'R196'
11-12 22:57:11 com_github_MitjaNemec_ReplicateLayout.replicate_layout 835:Src fp.id: '28A8D9BC-2140-4FD7-9BA9-4E17A2CADB20'
11-12 22:57:11 com_github_MitjaNemec_ReplicateLayout.replicate_layout 839:Dst fp.id: '28A8D9BC-2140-4FD7-9BA9-4E17A2CADB20'
11-12 22:57:11 com_github_MitjaNemec_ReplicateLayout.replicate_layout 895:found match in dst footprint: 'R271'
11-12 22:57:11 com_github_MitjaNemec_ReplicateLayout.replicate_layout 990:Src text UUid:10a75789-866c-466a-b99e-1669393a4dc9
11-12 22:57:11 com_github_MitjaNemec_ReplicateLayout.replicate_layout 991:Dst text UUid:fb4b9b10-61b4-47f1-a5a4-18d3f7f7b144
11-12 22:57:11 com_github_MitjaNemec_ReplicateLayout.replicate_layout 990:Src text UUid:26f5deef-302c-459b-9fc1-9a4618773440
11-12 22:57:11 com_github_MitjaNemec_ReplicateLayout.replicate_layout 991:Dst text UUid:88fd073c-588f-4c7d-8e92-556338ca1750
11-12 22:57:11 com_github_MitjaNemec_ReplicateLayout.replicate_layout 990:Src text UUid:a58fc8cd-c2ef-4a2e-8f35-9edf2c2f6adb
11-12 22:57:11 com_github_MitjaNemec_ReplicateLayout.replicate_layout 991:Dst text UUid:b6a1279f-658e-49ae-9daf-2f0c0e925adf
11-12 22:57:11 com_github_MitjaNemec_ReplicateLayout.replicate_layout 888:Replicating footprint: 'R197'
11-12 22:57:11 com_github_MitjaNemec_ReplicateLayout.replicate_layout 835:Src fp.id: '55391442-DACB-4265-94E5-89EFFD14C302'
11-12 22:57:11 com_github_MitjaNemec_ReplicateLayout.replicate_layout 839:Dst fp.id: '55391442-DACB-4265-94E5-89EFFD14C302'
11-12 22:57:11 com_github_MitjaNemec_ReplicateLayout.replicate_layout 895:found match in dst footprint: 'R272'
11-12 22:57:11 com_github_MitjaNemec_ReplicateLayout.replicate_layout 990:Src text UUid:6cd10716-af31-44d4-bad9-a9da97fd4924
11-12 22:57:11 com_github_MitjaNemec_ReplicateLayout.replicate_layout 991:Dst text UUid:ca042a96-3278-479a-bb4b-ffa48f1bba5f
11-12 22:57:11 com_github_MitjaNemec_ReplicateLayout.replicate_layout 990:Src text UUid:65380ce8-601c-4762-983f-4bdb6ed67bde
11-12 22:57:11 com_github_MitjaNemec_ReplicateLayout.replicate_layout 991:Dst text UUid:cb029292-473b-4c58-9c0d-d8a47d149015
11-12 22:57:11 com_github_MitjaNemec_ReplicateLayout.replicate_layout 990:Src text UUid:94d012b9-077f-436c-a4d8-e5bb00c165ba
11-12 22:57:11 com_github_MitjaNemec_ReplicateLayout.replicate_layout 991:Dst text UUid:4151ab2a-d260-49a3-8ffb-1950ee92d671
11-12 22:57:11 com_github_MitjaNemec_ReplicateLayout.replicate_layout 888:Replicating footprint: 'U152'
11-12 22:57:11 com_github_MitjaNemec_ReplicateLayout.replicate_layout 835:Src fp.id: '62B3827C-A320-4AD6-A424-1485EF65900D'
11-12 22:57:11 com_github_MitjaNemec_ReplicateLayout.replicate_layout 839:Dst fp.id: '62B3827C-A320-4AD6-A424-1485EF65900D'
11-12 22:57:11 com_github_MitjaNemec_ReplicateLayout.replicate_layout 895:found match in dst footprint: 'U208'
11-12 22:57:11 com_github_MitjaNemec_ReplicateLayout.replicate_layout 990:Src text UUid:c50c72b1-94e3-4159-a219-37f741e82a7c
11-12 22:57:11 com_github_MitjaNemec_ReplicateLayout.replicate_layout 991:Dst text UUid:d06d8bf8-fcdf-4b0c-a5b3-04ebfc513a4e
11-12 22:57:11 com_github_MitjaNemec_ReplicateLayout.replicate_layout 990:Src text UUid:292e74a5-6b55-4359-be57-8b0026051126
11-12 22:57:11 com_github_MitjaNemec_ReplicateLayout.replicate_layout 991:Dst text UUid:070b8290-7537-49b4-877f-307c1da3bfca
11-12 22:57:11 com_github_MitjaNemec_ReplicateLayout.replicate_layout 990:Src text UUid:22c9f63c-bdf9-47e9-ae01-74d81cfbd908
11-12 22:57:11 com_github_MitjaNemec_ReplicateLayout.replicate_layout 991:Dst text UUid:32a957ef-4ca8-4f55-8a9c-68accb474eb1
11-12 22:57:11 com_github_MitjaNemec_ReplicateLayout.replicate_layout 888:Replicating footprint: 'R198'
11-12 22:57:11 com_github_MitjaNemec_ReplicateLayout.replicate_layout 835:Src fp.id: '2D77C678-F455-47D6-93BD-3ED95A089C96'
11-12 22:57:11 com_github_MitjaNemec_ReplicateLayout.replicate_layout 839:Dst fp.id: '2D77C678-F455-47D6-93BD-3ED95A089C96'
11-12 22:57:11 com_github_MitjaNemec_ReplicateLayout.replicate_layout 895:found match in dst footprint: 'R273'
11-12 22:57:11 com_github_MitjaNemec_ReplicateLayout.replicate_layout 990:Src text UUid:026024b2-ee3d-495c-b376-571543d60a54
11-12 22:57:11 com_github_MitjaNemec_ReplicateLayout.replicate_layout 991:Dst text UUid:fd88cefe-1c4d-494f-a3d1-b6be7cc23fd9
11-12 22:57:11 com_github_MitjaNemec_ReplicateLayout.replicate_layout 990:Src text UUid:23dd6946-9981-4c83-9d25-050d5e9bece6
11-12 22:57:11 com_github_MitjaNemec_ReplicateLayout.replicate_layout 991:Dst text UUid:0adea92c-0308-43b9-aa0b-a1c8eb02e137
11-12 22:57:11 com_github_MitjaNemec_ReplicateLayout.replicate_layout 990:Src text UUid:8cb67b8b-8668-4222-8264-d0248233162e
11-12 22:57:11 com_github_MitjaNemec_ReplicateLayout.replicate_layout 991:Dst text UUid:6cbf12f0-fd7a-4bb6-a46a-d7e4494f935a
11-12 22:57:11 com_github_MitjaNemec_ReplicateLayout.replicate_layout 888:Replicating footprint: 'LED143'
11-12 22:57:11 com_github_MitjaNemec_ReplicateLayout.replicate_layout 835:Src fp.id: '2ABC1D4C-0E8C-4F90-9BF0-DF151C3D99F0'
11-12 22:57:11 com_github_MitjaNemec_ReplicateLayout.replicate_layout 839:Dst fp.id: '2ABC1D4C-0E8C-4F90-9BF0-DF151C3D99F0'
11-12 22:57:11 com_github_MitjaNemec_ReplicateLayout.replicate_layout 895:found match in dst footprint: 'LED218'
11-12 22:57:11 com_github_MitjaNemec_ReplicateLayout.replicate_layout 990:Src text UUid:cb110f2a-a8eb-4aca-b5bc-ff7ccb902aef
11-12 22:57:11 com_github_MitjaNemec_ReplicateLayout.replicate_layout 991:Dst text UUid:3afa8d2c-4b91-43fa-9a86-cc53c8c570e1
11-12 22:57:11 com_github_MitjaNemec_ReplicateLayout.replicate_layout 990:Src text UUid:cbc54092-ef49-4a91-b324-f6377248bdf9
11-12 22:57:11 com_github_MitjaNemec_ReplicateLayout.replicate_layout 991:Dst text UUid:789bbd19-9cc3-4f29-bd81-c45d1ad570fd
11-12 22:57:11 com_github_MitjaNemec_ReplicateLayout.replicate_layout 990:Src text UUid:a432e7aa-3bd5-4cba-b765-9f5f9481582e
11-12 22:57:11 com_github_MitjaNemec_ReplicateLayout.replicate_layout 991:Dst text UUid:a0838024-54e2-44df-934a-1a7cb4c7ce61
11-12 22:57:11 com_github_MitjaNemec_ReplicateLayout.replicate_layout 888:Replicating footprint: 'LED142'
11-12 22:57:11 com_github_MitjaNemec_ReplicateLayout.replicate_layout 835:Src fp.id: '0C09B42A-D4DF-4F87-AFF4-5296AF118FDF'
11-12 22:57:11 com_github_MitjaNemec_ReplicateLayout.replicate_layout 839:Dst fp.id: '0C09B42A-D4DF-4F87-AFF4-5296AF118FDF'
11-12 22:57:11 com_github_MitjaNemec_ReplicateLayout.replicate_layout 895:found match in dst footprint: 'LED217'
11-12 22:57:11 com_github_MitjaNemec_ReplicateLayout.replicate_layout 990:Src text UUid:9463e9d6-02d6-4857-9f39-9338e5245ef5
11-12 22:57:11 com_github_MitjaNemec_ReplicateLayout.replicate_layout 991:Dst text UUid:c438381b-eebe-4005-8ec6-16883278b78c
11-12 22:57:11 com_github_MitjaNemec_ReplicateLayout.replicate_layout 990:Src text UUid:0739365c-df74-44fd-a386-04c3841e72b1
11-12 22:57:11 com_github_MitjaNemec_ReplicateLayout.replicate_layout 991:Dst text UUid:5732c332-9fde-41c3-a9fa-59d1751d721f
11-12 22:57:11 com_github_MitjaNemec_ReplicateLayout.replicate_layout 990:Src text UUid:5d666820-e369-4ddd-b676-a3f134ad7960
11-12 22:57:11 com_github_MitjaNemec_ReplicateLayout.replicate_layout 991:Dst text UUid:78a5f07b-3289-4b3c-8c48-2ddb3b18691d
11-12 22:57:11 com_github_MitjaNemec_ReplicateLayout.replicate_layout 888:Replicating footprint: 'LED144'
11-12 22:57:11 com_github_MitjaNemec_ReplicateLayout.replicate_layout 835:Src fp.id: '0810E186-22BD-4094-A943-28056DB37E18'
11-12 22:57:11 com_github_MitjaNemec_ReplicateLayout.replicate_layout 839:Dst fp.id: '0810E186-22BD-4094-A943-28056DB37E18'
11-12 22:57:11 com_github_MitjaNemec_ReplicateLayout.replicate_layout 895:found match in dst footprint: 'LED219'
11-12 22:57:11 com_github_MitjaNemec_ReplicateLayout.replicate_layout 990:Src text UUid:d4f51115-0b40-4019-a418-64c3b5390a72
11-12 22:57:11 com_github_MitjaNemec_ReplicateLayout.replicate_layout 991:Dst text UUid:e04f1071-4544-4374-b476-07be78674c55
11-12 22:57:11 com_github_MitjaNemec_ReplicateLayout.replicate_layout 990:Src text UUid:0ff00c33-2d97-415c-a383-5b222a06a46e
11-12 22:57:11 com_github_MitjaNemec_ReplicateLayout.replicate_layout 991:Dst text UUid:73a6f739-9064-47a7-8d41-9f1227f33e02
11-12 22:57:11 com_github_MitjaNemec_ReplicateLayout.replicate_layout 990:Src text UUid:dde8ebf1-c0d6-4c52-86e2-7e3a65d80d5a
11-12 22:57:11 com_github_MitjaNemec_ReplicateLayout.replicate_layout 991:Dst text UUid:e1978a91-f4a1-44dd-90f0-8650ed1f5d11
11-12 22:57:11 com_github_MitjaNemec_ReplicateLayout.replicate_layout 870:Replicating footprints on sheet ['Bottom', 'LEDs_Bottom', 'LEDS_discreet5', 'LED_single2']
11-12 22:57:11 com_github_MitjaNemec_ReplicateLayout.replicate_layout 835:Src fp.id: '0C09B42A-D4DF-4F87-AFF4-5296AF118FDF'
11-12 22:57:11 com_github_MitjaNemec_ReplicateLayout.replicate_layout 839:Dst fp.id: '0C09B42A-D4DF-4F87-AFF4-5296AF118FDF'
11-12 22:57:11 com_github_MitjaNemec_ReplicateLayout.replicate_layout 888:Replicating footprint: 'U153'
11-12 22:57:11 root 345:updating GUI with: 28
11-12 22:57:11 com_github_MitjaNemec_ReplicateLayout.replicate_layout 835:Src fp.id: 'EB896E0D-DC1C-402A-A83E-7193E291B78E'
11-12 22:57:11 com_github_MitjaNemec_ReplicateLayout.replicate_layout 839:Dst fp.id: 'EB896E0D-DC1C-402A-A83E-7193E291B78E'
11-12 22:57:11 com_github_MitjaNemec_ReplicateLayout.replicate_layout 895:found match in dst footprint: 'U211'
11-12 22:57:11 com_github_MitjaNemec_ReplicateLayout.replicate_layout 990:Src text UUid:110b3224-b357-4118-9c08-b3fded705e4b
11-12 22:57:11 com_github_MitjaNemec_ReplicateLayout.replicate_layout 991:Dst text UUid:16eeb7ac-d8ed-4311-afb4-266ed9846e48
11-12 22:57:11 com_github_MitjaNemec_ReplicateLayout.replicate_layout 990:Src text UUid:b9e7f770-21cd-4948-9662-6e0ac7df885e
11-12 22:57:11 com_github_MitjaNemec_ReplicateLayout.replicate_layout 991:Dst text UUid:4b554ba9-08b2-484e-92d7-faf547c6fd96
11-12 22:57:11 com_github_MitjaNemec_ReplicateLayout.replicate_layout 990:Src text UUid:eaba7cf7-101e-4672-ad3c-d50ac347e980
11-12 22:57:11 com_github_MitjaNemec_ReplicateLayout.replicate_layout 991:Dst text UUid:64d238a8-9063-494d-b0f9-977a0cb9edca
11-12 22:57:11 com_github_MitjaNemec_ReplicateLayout.replicate_layout 888:Replicating footprint: 'R196'
11-12 22:57:11 com_github_MitjaNemec_ReplicateLayout.replicate_layout 835:Src fp.id: '28A8D9BC-2140-4FD7-9BA9-4E17A2CADB20'
11-12 22:57:11 com_github_MitjaNemec_ReplicateLayout.replicate_layout 839:Dst fp.id: '28A8D9BC-2140-4FD7-9BA9-4E17A2CADB20'
11-12 22:57:11 com_github_MitjaNemec_ReplicateLayout.replicate_layout 895:found match in dst footprint: 'R274'
11-12 22:57:11 com_github_MitjaNemec_ReplicateLayout.replicate_layout 990:Src text UUid:10a75789-866c-466a-b99e-1669393a4dc9
11-12 22:57:11 com_github_MitjaNemec_ReplicateLayout.replicate_layout 991:Dst text UUid:cea8f5c7-5fb5-43e3-aa0e-996fc7e06b81
11-12 22:57:11 com_github_MitjaNemec_ReplicateLayout.replicate_layout 990:Src text UUid:26f5deef-302c-459b-9fc1-9a4618773440
11-12 22:57:11 com_github_MitjaNemec_ReplicateLayout.replicate_layout 991:Dst text UUid:bf5bbc7a-aaac-47d8-9fcf-c748a1a55d81
11-12 22:57:11 com_github_MitjaNemec_ReplicateLayout.replicate_layout 990:Src text UUid:a58fc8cd-c2ef-4a2e-8f35-9edf2c2f6adb
11-12 22:57:11 com_github_MitjaNemec_ReplicateLayout.replicate_layout 991:Dst text UUid:b64fde86-874d-4605-bcba-e7f6473ac57c
11-12 22:57:11 com_github_MitjaNemec_ReplicateLayout.replicate_layout 888:Replicating footprint: 'R197'
11-12 22:57:11 com_github_MitjaNemec_ReplicateLayout.replicate_layout 835:Src fp.id: '55391442-DACB-4265-94E5-89EFFD14C302'
11-12 22:57:11 com_github_MitjaNemec_ReplicateLayout.replicate_layout 839:Dst fp.id: '55391442-DACB-4265-94E5-89EFFD14C302'
11-12 22:57:11 com_github_MitjaNemec_ReplicateLayout.replicate_layout 895:found match in dst footprint: 'R275'
11-12 22:57:11 com_github_MitjaNemec_ReplicateLayout.replicate_layout 990:Src text UUid:6cd10716-af31-44d4-bad9-a9da97fd4924
11-12 22:57:11 com_github_MitjaNemec_ReplicateLayout.replicate_layout 991:Dst text UUid:27038949-ba56-485e-ac06-181cf29acdf3
11-12 22:57:11 com_github_MitjaNemec_ReplicateLayout.replicate_layout 990:Src text UUid:65380ce8-601c-4762-983f-4bdb6ed67bde
11-12 22:57:11 com_github_MitjaNemec_ReplicateLayout.replicate_layout 991:Dst text UUid:d348c8e1-ce0d-46ef-9949-3a4c09b1b1d1
11-12 22:57:11 com_github_MitjaNemec_ReplicateLayout.replicate_layout 990:Src text UUid:94d012b9-077f-436c-a4d8-e5bb00c165ba
11-12 22:57:11 com_github_MitjaNemec_ReplicateLayout.replicate_layout 991:Dst text UUid:c5bc697b-dc7a-4a9f-a876-2fd8a895fab2
11-12 22:57:11 com_github_MitjaNemec_ReplicateLayout.replicate_layout 888:Replicating footprint: 'U152'
11-12 22:57:11 com_github_MitjaNemec_ReplicateLayout.replicate_layout 835:Src fp.id: '62B3827C-A320-4AD6-A424-1485EF65900D'
11-12 22:57:11 com_github_MitjaNemec_ReplicateLayout.replicate_layout 839:Dst fp.id: '62B3827C-A320-4AD6-A424-1485EF65900D'
11-12 22:57:11 com_github_MitjaNemec_ReplicateLayout.replicate_layout 895:found match in dst footprint: 'U210'
11-12 22:57:11 com_github_MitjaNemec_ReplicateLayout.replicate_layout 990:Src text UUid:c50c72b1-94e3-4159-a219-37f741e82a7c
11-12 22:57:11 com_github_MitjaNemec_ReplicateLayout.replicate_layout 991:Dst text UUid:3b054657-241e-48fb-ae0a-b99c9e0d7bfd
11-12 22:57:11 com_github_MitjaNemec_ReplicateLayout.replicate_layout 990:Src text UUid:292e74a5-6b55-4359-be57-8b0026051126
11-12 22:57:11 com_github_MitjaNemec_ReplicateLayout.replicate_layout 991:Dst text UUid:22a59311-8c7f-4d17-aeba-9d8bb874542c
11-12 22:57:11 com_github_MitjaNemec_ReplicateLayout.replicate_layout 990:Src text UUid:22c9f63c-bdf9-47e9-ae01-74d81cfbd908
11-12 22:57:11 com_github_MitjaNemec_ReplicateLayout.replicate_layout 991:Dst text UUid:4a03aa1a-905e-4e52-b65b-8ca0e374ee63
11-12 22:57:11 com_github_MitjaNemec_ReplicateLayout.replicate_layout 888:Replicating footprint: 'R198'
11-12 22:57:11 com_github_MitjaNemec_ReplicateLayout.replicate_layout 835:Src fp.id: '2D77C678-F455-47D6-93BD-3ED95A089C96'
11-12 22:57:11 com_github_MitjaNemec_ReplicateLayout.replicate_layout 839:Dst fp.id: '2D77C678-F455-47D6-93BD-3ED95A089C96'
11-12 22:57:11 com_github_MitjaNemec_ReplicateLayout.replicate_layout 895:found match in dst footprint: 'R276'
11-12 22:57:11 com_github_MitjaNemec_ReplicateLayout.replicate_layout 990:Src text UUid:026024b2-ee3d-495c-b376-571543d60a54
11-12 22:57:11 com_github_MitjaNemec_ReplicateLayout.replicate_layout 991:Dst text UUid:0eaf0b65-eafe-4f41-b8fc-df0a5a3515d0
11-12 22:57:11 com_github_MitjaNemec_ReplicateLayout.replicate_layout 990:Src text UUid:23dd6946-9981-4c83-9d25-050d5e9bece6
11-12 22:57:11 com_github_MitjaNemec_ReplicateLayout.replicate_layout 991:Dst text UUid:6ca77508-4501-4c0e-b797-282583eb07bb
11-12 22:57:11 com_github_MitjaNemec_ReplicateLayout.replicate_layout 990:Src text UUid:8cb67b8b-8668-4222-8264-d0248233162e
11-12 22:57:11 com_github_MitjaNemec_ReplicateLayout.replicate_layout 991:Dst text UUid:9f38a845-829b-4845-923e-df9785d14d5d
11-12 22:57:11 com_github_MitjaNemec_ReplicateLayout.replicate_layout 888:Replicating footprint: 'LED143'
11-12 22:57:11 com_github_MitjaNemec_ReplicateLayout.replicate_layout 835:Src fp.id: '2ABC1D4C-0E8C-4F90-9BF0-DF151C3D99F0'
11-12 22:57:11 com_github_MitjaNemec_ReplicateLayout.replicate_layout 839:Dst fp.id: '2ABC1D4C-0E8C-4F90-9BF0-DF151C3D99F0'
11-12 22:57:11 com_github_MitjaNemec_ReplicateLayout.replicate_layout 895:found match in dst footprint: 'LED221'
11-12 22:57:11 com_github_MitjaNemec_ReplicateLayout.replicate_layout 990:Src text UUid:cb110f2a-a8eb-4aca-b5bc-ff7ccb902aef
11-12 22:57:11 com_github_MitjaNemec_ReplicateLayout.replicate_layout 991:Dst text UUid:ecbd877d-d31b-4230-8083-746778e5bdad
11-12 22:57:11 com_github_MitjaNemec_ReplicateLayout.replicate_layout 990:Src text UUid:cbc54092-ef49-4a91-b324-f6377248bdf9
11-12 22:57:11 com_github_MitjaNemec_ReplicateLayout.replicate_layout 991:Dst text UUid:b20b2b28-d273-40e6-8e99-fa8b8c19f3b1
11-12 22:57:11 com_github_MitjaNemec_ReplicateLayout.replicate_layout 990:Src text UUid:a432e7aa-3bd5-4cba-b765-9f5f9481582e
11-12 22:57:11 com_github_MitjaNemec_ReplicateLayout.replicate_layout 991:Dst text UUid:e54cc5cc-7259-4b94-8cee-820db469854d
11-12 22:57:11 com_github_MitjaNemec_ReplicateLayout.replicate_layout 888:Replicating footprint: 'LED142'
11-12 22:57:11 com_github_MitjaNemec_ReplicateLayout.replicate_layout 835:Src fp.id: '0C09B42A-D4DF-4F87-AFF4-5296AF118FDF'
11-12 22:57:11 com_github_MitjaNemec_ReplicateLayout.replicate_layout 839:Dst fp.id: '0C09B42A-D4DF-4F87-AFF4-5296AF118FDF'
11-12 22:57:11 com_github_MitjaNemec_ReplicateLayout.replicate_layout 895:found match in dst footprint: 'LED220'
11-12 22:57:11 com_github_MitjaNemec_ReplicateLayout.replicate_layout 990:Src text UUid:9463e9d6-02d6-4857-9f39-9338e5245ef5
11-12 22:57:11 com_github_MitjaNemec_ReplicateLayout.replicate_layout 991:Dst text UUid:c6d8cbd3-0955-4ab4-a188-3fb10bf47119
11-12 22:57:11 com_github_MitjaNemec_ReplicateLayout.replicate_layout 990:Src text UUid:0739365c-df74-44fd-a386-04c3841e72b1
11-12 22:57:11 com_github_MitjaNemec_ReplicateLayout.replicate_layout 991:Dst text UUid:520a9dd6-52e2-4695-9203-66d69880cf42
11-12 22:57:11 com_github_MitjaNemec_ReplicateLayout.replicate_layout 990:Src text UUid:5d666820-e369-4ddd-b676-a3f134ad7960
11-12 22:57:11 com_github_MitjaNemec_ReplicateLayout.replicate_layout 991:Dst text UUid:f32ff111-203b-41a6-8002-a1bc5683cda0
11-12 22:57:11 com_github_MitjaNemec_ReplicateLayout.replicate_layout 888:Replicating footprint: 'LED144'
11-12 22:57:11 com_github_MitjaNemec_ReplicateLayout.replicate_layout 835:Src fp.id: '0810E186-22BD-4094-A943-28056DB37E18'
11-12 22:57:11 com_github_MitjaNemec_ReplicateLayout.replicate_layout 839:Dst fp.id: '0810E186-22BD-4094-A943-28056DB37E18'
11-12 22:57:11 com_github_MitjaNemec_ReplicateLayout.replicate_layout 895:found match in dst footprint: 'LED222'
11-12 22:57:11 com_github_MitjaNemec_ReplicateLayout.replicate_layout 990:Src text UUid:d4f51115-0b40-4019-a418-64c3b5390a72
11-12 22:57:11 com_github_MitjaNemec_ReplicateLayout.replicate_layout 991:Dst text UUid:af42dcc2-23f0-4899-89a6-d8b48e963782
11-12 22:57:11 com_github_MitjaNemec_ReplicateLayout.replicate_layout 990:Src text UUid:0ff00c33-2d97-415c-a383-5b222a06a46e
11-12 22:57:11 com_github_MitjaNemec_ReplicateLayout.replicate_layout 991:Dst text UUid:2a51a1ad-41d3-474b-b301-af962e2f3e6f
11-12 22:57:11 com_github_MitjaNemec_ReplicateLayout.replicate_layout 990:Src text UUid:dde8ebf1-c0d6-4c52-86e2-7e3a65d80d5a
11-12 22:57:11 com_github_MitjaNemec_ReplicateLayout.replicate_layout 991:Dst text UUid:783a66b3-78e0-42a2-82a4-267c47a259f4
11-12 22:57:11 com_github_MitjaNemec_ReplicateLayout.replicate_layout 870:Replicating footprints on sheet ['Bottom', 'LEDs_Bottom', 'LEDS_discreet5', 'LED_single3']
11-12 22:57:11 com_github_MitjaNemec_ReplicateLayout.replicate_layout 835:Src fp.id: '0C09B42A-D4DF-4F87-AFF4-5296AF118FDF'
11-12 22:57:11 com_github_MitjaNemec_ReplicateLayout.replicate_layout 839:Dst fp.id: '0C09B42A-D4DF-4F87-AFF4-5296AF118FDF'
11-12 22:57:11 com_github_MitjaNemec_ReplicateLayout.replicate_layout 888:Replicating footprint: 'U153'
11-12 22:57:11 com_github_MitjaNemec_ReplicateLayout.replicate_layout 835:Src fp.id: 'EB896E0D-DC1C-402A-A83E-7193E291B78E'
11-12 22:57:11 com_github_MitjaNemec_ReplicateLayout.replicate_layout 839:Dst fp.id: 'EB896E0D-DC1C-402A-A83E-7193E291B78E'
11-12 22:57:11 com_github_MitjaNemec_ReplicateLayout.replicate_layout 895:found match in dst footprint: 'U213'
11-12 22:57:11 com_github_MitjaNemec_ReplicateLayout.replicate_layout 990:Src text UUid:110b3224-b357-4118-9c08-b3fded705e4b
11-12 22:57:11 com_github_MitjaNemec_ReplicateLayout.replicate_layout 991:Dst text UUid:3c7f973d-b139-498c-8a45-08abc8c26d28
11-12 22:57:11 com_github_MitjaNemec_ReplicateLayout.replicate_layout 990:Src text UUid:b9e7f770-21cd-4948-9662-6e0ac7df885e
11-12 22:57:11 com_github_MitjaNemec_ReplicateLayout.replicate_layout 991:Dst text UUid:95aae51c-a575-4658-b1fb-eb42679ff22e
11-12 22:57:11 com_github_MitjaNemec_ReplicateLayout.replicate_layout 990:Src text UUid:eaba7cf7-101e-4672-ad3c-d50ac347e980
11-12 22:57:11 com_github_MitjaNemec_ReplicateLayout.replicate_layout 991:Dst text UUid:50b8281f-3b3f-40e0-a062-c4f0c70b02de
11-12 22:57:11 com_github_MitjaNemec_ReplicateLayout.replicate_layout 888:Replicating footprint: 'R196'
11-12 22:57:11 com_github_MitjaNemec_ReplicateLayout.replicate_layout 835:Src fp.id: '28A8D9BC-2140-4FD7-9BA9-4E17A2CADB20'
11-12 22:57:11 com_github_MitjaNemec_ReplicateLayout.replicate_layout 839:Dst fp.id: '28A8D9BC-2140-4FD7-9BA9-4E17A2CADB20'
11-12 22:57:11 com_github_MitjaNemec_ReplicateLayout.replicate_layout 895:found match in dst footprint: 'R277'
11-12 22:57:11 com_github_MitjaNemec_ReplicateLayout.replicate_layout 990:Src text UUid:10a75789-866c-466a-b99e-1669393a4dc9
11-12 22:57:11 com_github_MitjaNemec_ReplicateLayout.replicate_layout 991:Dst text UUid:99f04618-2e16-4d6d-b429-2c4256a41e51
11-12 22:57:11 com_github_MitjaNemec_ReplicateLayout.replicate_layout 990:Src text UUid:26f5deef-302c-459b-9fc1-9a4618773440
11-12 22:57:11 com_github_MitjaNemec_ReplicateLayout.replicate_layout 991:Dst text UUid:36f24764-4311-438e-9534-784a6eb3c95c
11-12 22:57:11 com_github_MitjaNemec_ReplicateLayout.replicate_layout 990:Src text UUid:a58fc8cd-c2ef-4a2e-8f35-9edf2c2f6adb
11-12 22:57:11 com_github_MitjaNemec_ReplicateLayout.replicate_layout 991:Dst text UUid:9e1e2bfd-a2fe-4990-8600-2144d3bab2d2
11-12 22:57:11 com_github_MitjaNemec_ReplicateLayout.replicate_layout 888:Replicating footprint: 'R197'
11-12 22:57:11 com_github_MitjaNemec_ReplicateLayout.replicate_layout 835:Src fp.id: '55391442-DACB-4265-94E5-89EFFD14C302'
11-12 22:57:11 com_github_MitjaNemec_ReplicateLayout.replicate_layout 839:Dst fp.id: '55391442-DACB-4265-94E5-89EFFD14C302'
11-12 22:57:11 com_github_MitjaNemec_ReplicateLayout.replicate_layout 895:found match in dst footprint: 'R278'
11-12 22:57:11 com_github_MitjaNemec_ReplicateLayout.replicate_layout 990:Src text UUid:6cd10716-af31-44d4-bad9-a9da97fd4924
11-12 22:57:11 com_github_MitjaNemec_ReplicateLayout.replicate_layout 991:Dst text UUid:8e58c9aa-7cba-4608-b0cd-284e7e4ebbff
11-12 22:57:11 com_github_MitjaNemec_ReplicateLayout.replicate_layout 990:Src text UUid:65380ce8-601c-4762-983f-4bdb6ed67bde
11-12 22:57:11 com_github_MitjaNemec_ReplicateLayout.replicate_layout 991:Dst text UUid:89d8af42-e191-40ad-8db9-5e67ef0c2f15
11-12 22:57:11 com_github_MitjaNemec_ReplicateLayout.replicate_layout 990:Src text UUid:94d012b9-077f-436c-a4d8-e5bb00c165ba
11-12 22:57:11 com_github_MitjaNemec_ReplicateLayout.replicate_layout 991:Dst text UUid:78d17840-a9c3-42c5-918a-829df7f8877a
11-12 22:57:11 com_github_MitjaNemec_ReplicateLayout.replicate_layout 888:Replicating footprint: 'U152'
11-12 22:57:11 com_github_MitjaNemec_ReplicateLayout.replicate_layout 835:Src fp.id: '62B3827C-A320-4AD6-A424-1485EF65900D'
11-12 22:57:11 com_github_MitjaNemec_ReplicateLayout.replicate_layout 839:Dst fp.id: '62B3827C-A320-4AD6-A424-1485EF65900D'
11-12 22:57:11 com_github_MitjaNemec_ReplicateLayout.replicate_layout 895:found match in dst footprint: 'U212'
11-12 22:57:11 com_github_MitjaNemec_ReplicateLayout.replicate_layout 990:Src text UUid:c50c72b1-94e3-4159-a219-37f741e82a7c
11-12 22:57:11 com_github_MitjaNemec_ReplicateLayout.replicate_layout 991:Dst text UUid:d7317b9a-9260-4fae-bc8a-7f04934e2262
11-12 22:57:11 com_github_MitjaNemec_ReplicateLayout.replicate_layout 990:Src text UUid:292e74a5-6b55-4359-be57-8b0026051126
11-12 22:57:11 com_github_MitjaNemec_ReplicateLayout.replicate_layout 991:Dst text UUid:547e40c1-6ed7-4b9f-b77a-df13c712f078
11-12 22:57:11 com_github_MitjaNemec_ReplicateLayout.replicate_layout 990:Src text UUid:22c9f63c-bdf9-47e9-ae01-74d81cfbd908
11-12 22:57:11 com_github_MitjaNemec_ReplicateLayout.replicate_layout 991:Dst text UUid:907d4b11-bd70-41c8-a48b-eee4f83b2a8e
11-12 22:57:11 com_github_MitjaNemec_ReplicateLayout.replicate_layout 888:Replicating footprint: 'R198'
11-12 22:57:11 com_github_MitjaNemec_ReplicateLayout.replicate_layout 835:Src fp.id: '2D77C678-F455-47D6-93BD-3ED95A089C96'
11-12 22:57:11 com_github_MitjaNemec_ReplicateLayout.replicate_layout 839:Dst fp.id: '2D77C678-F455-47D6-93BD-3ED95A089C96'
11-12 22:57:11 com_github_MitjaNemec_ReplicateLayout.replicate_layout 895:found match in dst footprint: 'R279'
11-12 22:57:11 com_github_MitjaNemec_ReplicateLayout.replicate_layout 990:Src text UUid:026024b2-ee3d-495c-b376-571543d60a54
11-12 22:57:11 com_github_MitjaNemec_ReplicateLayout.replicate_layout 991:Dst text UUid:bdcaf9ed-02fb-46bb-92fa-1cca6351426e
11-12 22:57:11 com_github_MitjaNemec_ReplicateLayout.replicate_layout 990:Src text UUid:23dd6946-9981-4c83-9d25-050d5e9bece6
11-12 22:57:11 com_github_MitjaNemec_ReplicateLayout.replicate_layout 991:Dst text UUid:48ccfa17-2fbc-4f4e-a234-be7750ae12d9
11-12 22:57:11 com_github_MitjaNemec_ReplicateLayout.replicate_layout 990:Src text UUid:8cb67b8b-8668-4222-8264-d0248233162e
11-12 22:57:11 com_github_MitjaNemec_ReplicateLayout.replicate_layout 991:Dst text UUid:c089b1c7-94b4-4564-83b9-1cdf9fb9d1fd
11-12 22:57:11 com_github_MitjaNemec_ReplicateLayout.replicate_layout 888:Replicating footprint: 'LED143'
11-12 22:57:11 com_github_MitjaNemec_ReplicateLayout.replicate_layout 835:Src fp.id: '2ABC1D4C-0E8C-4F90-9BF0-DF151C3D99F0'
11-12 22:57:11 com_github_MitjaNemec_ReplicateLayout.replicate_layout 839:Dst fp.id: '2ABC1D4C-0E8C-4F90-9BF0-DF151C3D99F0'
11-12 22:57:11 com_github_MitjaNemec_ReplicateLayout.replicate_layout 895:found match in dst footprint: 'LED224'
11-12 22:57:11 com_github_MitjaNemec_ReplicateLayout.replicate_layout 990:Src text UUid:cb110f2a-a8eb-4aca-b5bc-ff7ccb902aef
11-12 22:57:11 com_github_MitjaNemec_ReplicateLayout.replicate_layout 991:Dst text UUid:9a4cc6f9-3b21-4d0c-8453-c2d0b8f9240d
11-12 22:57:11 com_github_MitjaNemec_ReplicateLayout.replicate_layout 990:Src text UUid:cbc54092-ef49-4a91-b324-f6377248bdf9
11-12 22:57:11 com_github_MitjaNemec_ReplicateLayout.replicate_layout 991:Dst text UUid:82b4e789-ce80-4389-8a6e-d9c0977176d5
11-12 22:57:11 com_github_MitjaNemec_ReplicateLayout.replicate_layout 990:Src text UUid:a432e7aa-3bd5-4cba-b765-9f5f9481582e
11-12 22:57:11 com_github_MitjaNemec_ReplicateLayout.replicate_layout 991:Dst text UUid:d9fb2407-d05e-4631-9c24-98c9f8c029d6
11-12 22:57:11 com_github_MitjaNemec_ReplicateLayout.replicate_layout 888:Replicating footprint: 'LED142'
11-12 22:57:11 com_github_MitjaNemec_ReplicateLayout.replicate_layout 835:Src fp.id: '0C09B42A-D4DF-4F87-AFF4-5296AF118FDF'
11-12 22:57:11 com_github_MitjaNemec_ReplicateLayout.replicate_layout 839:Dst fp.id: '0C09B42A-D4DF-4F87-AFF4-5296AF118FDF'
11-12 22:57:11 com_github_MitjaNemec_ReplicateLayout.replicate_layout 895:found match in dst footprint: 'LED223'
11-12 22:57:11 com_github_MitjaNemec_ReplicateLayout.replicate_layout 990:Src text UUid:9463e9d6-02d6-4857-9f39-9338e5245ef5
11-12 22:57:11 com_github_MitjaNemec_ReplicateLayout.replicate_layout 991:Dst text UUid:c3db0a6b-e363-436f-baef-1a625e18c4c8
11-12 22:57:11 com_github_MitjaNemec_ReplicateLayout.replicate_layout 990:Src text UUid:0739365c-df74-44fd-a386-04c3841e72b1
11-12 22:57:11 com_github_MitjaNemec_ReplicateLayout.replicate_layout 991:Dst text UUid:b963b3b9-3e03-465c-95ba-d7fc2036bb2f
11-12 22:57:11 com_github_MitjaNemec_ReplicateLayout.replicate_layout 990:Src text UUid:5d666820-e369-4ddd-b676-a3f134ad7960
11-12 22:57:11 com_github_MitjaNemec_ReplicateLayout.replicate_layout 991:Dst text UUid:43df914d-7b3b-4367-8e00-31362641ba02
11-12 22:57:11 com_github_MitjaNemec_ReplicateLayout.replicate_layout 888:Replicating footprint: 'LED144'
11-12 22:57:11 com_github_MitjaNemec_ReplicateLayout.replicate_layout 835:Src fp.id: '0810E186-22BD-4094-A943-28056DB37E18'
11-12 22:57:11 com_github_MitjaNemec_ReplicateLayout.replicate_layout 839:Dst fp.id: '0810E186-22BD-4094-A943-28056DB37E18'
11-12 22:57:11 com_github_MitjaNemec_ReplicateLayout.replicate_layout 895:found match in dst footprint: 'LED225'
11-12 22:57:11 com_github_MitjaNemec_ReplicateLayout.replicate_layout 990:Src text UUid:d4f51115-0b40-4019-a418-64c3b5390a72
11-12 22:57:11 com_github_MitjaNemec_ReplicateLayout.replicate_layout 991:Dst text UUid:c6393e75-ba44-41b8-b22e-ec61966f78b9
11-12 22:57:11 com_github_MitjaNemec_ReplicateLayout.replicate_layout 990:Src text UUid:0ff00c33-2d97-415c-a383-5b222a06a46e
11-12 22:57:11 com_github_MitjaNemec_ReplicateLayout.replicate_layout 991:Dst text UUid:0070ae53-614b-4fc8-b9b0-29cdc1994d28
11-12 22:57:11 com_github_MitjaNemec_ReplicateLayout.replicate_layout 990:Src text UUid:dde8ebf1-c0d6-4c52-86e2-7e3a65d80d5a
11-12 22:57:11 com_github_MitjaNemec_ReplicateLayout.replicate_layout 991:Dst text UUid:e8134756-1ab5-46bc-8e56-4600370d4185
11-12 22:57:11 com_github_MitjaNemec_ReplicateLayout.replicate_layout 870:Replicating footprints on sheet ['Bottom', 'LEDs_Bottom', 'LEDS_discreet6', 'LED_single']
11-12 22:57:11 com_github_MitjaNemec_ReplicateLayout.replicate_layout 835:Src fp.id: '0C09B42A-D4DF-4F87-AFF4-5296AF118FDF'
11-12 22:57:11 com_github_MitjaNemec_ReplicateLayout.replicate_layout 839:Dst fp.id: '0C09B42A-D4DF-4F87-AFF4-5296AF118FDF'
11-12 22:57:11 com_github_MitjaNemec_ReplicateLayout.replicate_layout 888:Replicating footprint: 'U153'
11-12 22:57:11 root 345:updating GUI with: 31
11-12 22:57:11 com_github_MitjaNemec_ReplicateLayout.replicate_layout 835:Src fp.id: 'EB896E0D-DC1C-402A-A83E-7193E291B78E'
11-12 22:57:11 com_github_MitjaNemec_ReplicateLayout.replicate_layout 839:Dst fp.id: 'EB896E0D-DC1C-402A-A83E-7193E291B78E'
11-12 22:57:11 com_github_MitjaNemec_ReplicateLayout.replicate_layout 895:found match in dst footprint: 'U223'
11-12 22:57:11 com_github_MitjaNemec_ReplicateLayout.replicate_layout 990:Src text UUid:110b3224-b357-4118-9c08-b3fded705e4b
11-12 22:57:11 com_github_MitjaNemec_ReplicateLayout.replicate_layout 991:Dst text UUid:0210da16-2011-4564-b6dd-d083253bc411
11-12 22:57:11 com_github_MitjaNemec_ReplicateLayout.replicate_layout 990:Src text UUid:b9e7f770-21cd-4948-9662-6e0ac7df885e
11-12 22:57:11 com_github_MitjaNemec_ReplicateLayout.replicate_layout 991:Dst text UUid:26a66623-4e05-47fc-945c-2f2a1e8032fb
11-12 22:57:11 com_github_MitjaNemec_ReplicateLayout.replicate_layout 990:Src text UUid:eaba7cf7-101e-4672-ad3c-d50ac347e980
11-12 22:57:11 com_github_MitjaNemec_ReplicateLayout.replicate_layout 991:Dst text UUid:28189a2d-34fd-45ca-a992-17004558079a
11-12 22:57:11 com_github_MitjaNemec_ReplicateLayout.replicate_layout 888:Replicating footprint: 'R196'
11-12 22:57:11 com_github_MitjaNemec_ReplicateLayout.replicate_layout 835:Src fp.id: '28A8D9BC-2140-4FD7-9BA9-4E17A2CADB20'
11-12 22:57:11 com_github_MitjaNemec_ReplicateLayout.replicate_layout 839:Dst fp.id: '28A8D9BC-2140-4FD7-9BA9-4E17A2CADB20'
11-12 22:57:11 com_github_MitjaNemec_ReplicateLayout.replicate_layout 895:found match in dst footprint: 'R292'
11-12 22:57:11 com_github_MitjaNemec_ReplicateLayout.replicate_layout 990:Src text UUid:10a75789-866c-466a-b99e-1669393a4dc9
11-12 22:57:11 com_github_MitjaNemec_ReplicateLayout.replicate_layout 991:Dst text UUid:26764193-9529-437e-a6ad-7ac674c33de8
11-12 22:57:11 com_github_MitjaNemec_ReplicateLayout.replicate_layout 990:Src text UUid:26f5deef-302c-459b-9fc1-9a4618773440
11-12 22:57:11 com_github_MitjaNemec_ReplicateLayout.replicate_layout 991:Dst text UUid:5cbaecc9-5a7e-4ed4-94f8-8e5539611c04
11-12 22:57:11 com_github_MitjaNemec_ReplicateLayout.replicate_layout 990:Src text UUid:a58fc8cd-c2ef-4a2e-8f35-9edf2c2f6adb
11-12 22:57:11 com_github_MitjaNemec_ReplicateLayout.replicate_layout 991:Dst text UUid:f3a3473d-5237-4220-9195-b8256d836a37
11-12 22:57:11 com_github_MitjaNemec_ReplicateLayout.replicate_layout 888:Replicating footprint: 'R197'
11-12 22:57:11 com_github_MitjaNemec_ReplicateLayout.replicate_layout 835:Src fp.id: '55391442-DACB-4265-94E5-89EFFD14C302'
11-12 22:57:11 com_github_MitjaNemec_ReplicateLayout.replicate_layout 839:Dst fp.id: '55391442-DACB-4265-94E5-89EFFD14C302'
11-12 22:57:11 com_github_MitjaNemec_ReplicateLayout.replicate_layout 895:found match in dst footprint: 'R293'
11-12 22:57:11 com_github_MitjaNemec_ReplicateLayout.replicate_layout 990:Src text UUid:6cd10716-af31-44d4-bad9-a9da97fd4924
11-12 22:57:11 com_github_MitjaNemec_ReplicateLayout.replicate_layout 991:Dst text UUid:f12a16bd-affb-49f6-b219-9c5eb768878d
11-12 22:57:11 com_github_MitjaNemec_ReplicateLayout.replicate_layout 990:Src text UUid:65380ce8-601c-4762-983f-4bdb6ed67bde
11-12 22:57:11 com_github_MitjaNemec_ReplicateLayout.replicate_layout 991:Dst text UUid:d9cbb4ca-cb93-4c3d-b906-6cf6dc567e80
11-12 22:57:11 com_github_MitjaNemec_ReplicateLayout.replicate_layout 990:Src text UUid:94d012b9-077f-436c-a4d8-e5bb00c165ba
11-12 22:57:11 com_github_MitjaNemec_ReplicateLayout.replicate_layout 991:Dst text UUid:8288be83-c973-4381-99dc-da8d8164da0c
11-12 22:57:11 com_github_MitjaNemec_ReplicateLayout.replicate_layout 888:Replicating footprint: 'U152'
11-12 22:57:11 com_github_MitjaNemec_ReplicateLayout.replicate_layout 835:Src fp.id: '62B3827C-A320-4AD6-A424-1485EF65900D'
11-12 22:57:11 com_github_MitjaNemec_ReplicateLayout.replicate_layout 839:Dst fp.id: '62B3827C-A320-4AD6-A424-1485EF65900D'
11-12 22:57:11 com_github_MitjaNemec_ReplicateLayout.replicate_layout 895:found match in dst footprint: 'U222'
11-12 22:57:11 com_github_MitjaNemec_ReplicateLayout.replicate_layout 990:Src text UUid:c50c72b1-94e3-4159-a219-37f741e82a7c
11-12 22:57:11 com_github_MitjaNemec_ReplicateLayout.replicate_layout 991:Dst text UUid:bf8fe8c6-cf06-4a47-a698-15acafea9b72
11-12 22:57:11 com_github_MitjaNemec_ReplicateLayout.replicate_layout 990:Src text UUid:292e74a5-6b55-4359-be57-8b0026051126
11-12 22:57:11 com_github_MitjaNemec_ReplicateLayout.replicate_layout 991:Dst text UUid:51b8c57e-6a58-4850-9cd7-bed32f871c37
11-12 22:57:11 com_github_MitjaNemec_ReplicateLayout.replicate_layout 990:Src text UUid:22c9f63c-bdf9-47e9-ae01-74d81cfbd908
11-12 22:57:11 com_github_MitjaNemec_ReplicateLayout.replicate_layout 991:Dst text UUid:9354d4c8-c54f-471c-a910-4375e3279af8
11-12 22:57:11 com_github_MitjaNemec_ReplicateLayout.replicate_layout 888:Replicating footprint: 'R198'
11-12 22:57:11 com_github_MitjaNemec_ReplicateLayout.replicate_layout 835:Src fp.id: '2D77C678-F455-47D6-93BD-3ED95A089C96'
11-12 22:57:11 com_github_MitjaNemec_ReplicateLayout.replicate_layout 839:Dst fp.id: '2D77C678-F455-47D6-93BD-3ED95A089C96'
11-12 22:57:11 com_github_MitjaNemec_ReplicateLayout.replicate_layout 895:found match in dst footprint: 'R294'
11-12 22:57:11 com_github_MitjaNemec_ReplicateLayout.replicate_layout 990:Src text UUid:026024b2-ee3d-495c-b376-571543d60a54
11-12 22:57:11 com_github_MitjaNemec_ReplicateLayout.replicate_layout 991:Dst text UUid:9c8e0d79-f941-4169-b596-095a3a301304
11-12 22:57:11 com_github_MitjaNemec_ReplicateLayout.replicate_layout 990:Src text UUid:23dd6946-9981-4c83-9d25-050d5e9bece6
11-12 22:57:11 com_github_MitjaNemec_ReplicateLayout.replicate_layout 991:Dst text UUid:390ba071-cd26-4bbd-976d-eb73d61070a3
11-12 22:57:11 com_github_MitjaNemec_ReplicateLayout.replicate_layout 990:Src text UUid:8cb67b8b-8668-4222-8264-d0248233162e
11-12 22:57:11 com_github_MitjaNemec_ReplicateLayout.replicate_layout 991:Dst text UUid:7ed1268a-870c-4112-a894-c736e1f02749
11-12 22:57:11 com_github_MitjaNemec_ReplicateLayout.replicate_layout 888:Replicating footprint: 'LED143'
11-12 22:57:11 com_github_MitjaNemec_ReplicateLayout.replicate_layout 835:Src fp.id: '2ABC1D4C-0E8C-4F90-9BF0-DF151C3D99F0'
11-12 22:57:11 com_github_MitjaNemec_ReplicateLayout.replicate_layout 839:Dst fp.id: '2ABC1D4C-0E8C-4F90-9BF0-DF151C3D99F0'
11-12 22:57:11 com_github_MitjaNemec_ReplicateLayout.replicate_layout 895:found match in dst footprint: 'LED239'
11-12 22:57:11 com_github_MitjaNemec_ReplicateLayout.replicate_layout 990:Src text UUid:cb110f2a-a8eb-4aca-b5bc-ff7ccb902aef
11-12 22:57:11 com_github_MitjaNemec_ReplicateLayout.replicate_layout 991:Dst text UUid:d95cf278-0b2c-440d-8d39-2e07e7fdc360
11-12 22:57:11 com_github_MitjaNemec_ReplicateLayout.replicate_layout 990:Src text UUid:cbc54092-ef49-4a91-b324-f6377248bdf9
11-12 22:57:11 com_github_MitjaNemec_ReplicateLayout.replicate_layout 991:Dst text UUid:60bd1df2-f8b9-47ff-b5f7-53619fa9ec2d
11-12 22:57:11 com_github_MitjaNemec_ReplicateLayout.replicate_layout 990:Src text UUid:a432e7aa-3bd5-4cba-b765-9f5f9481582e
11-12 22:57:11 com_github_MitjaNemec_ReplicateLayout.replicate_layout 991:Dst text UUid:ce9e6095-1ac2-4419-94e6-f1e199ed32c6
11-12 22:57:11 com_github_MitjaNemec_ReplicateLayout.replicate_layout 888:Replicating footprint: 'LED142'
11-12 22:57:11 com_github_MitjaNemec_ReplicateLayout.replicate_layout 835:Src fp.id: '0C09B42A-D4DF-4F87-AFF4-5296AF118FDF'
11-12 22:57:11 com_github_MitjaNemec_ReplicateLayout.replicate_layout 839:Dst fp.id: '0C09B42A-D4DF-4F87-AFF4-5296AF118FDF'
11-12 22:57:11 com_github_MitjaNemec_ReplicateLayout.replicate_layout 895:found match in dst footprint: 'LED238'
11-12 22:57:11 com_github_MitjaNemec_ReplicateLayout.replicate_layout 990:Src text UUid:9463e9d6-02d6-4857-9f39-9338e5245ef5
11-12 22:57:11 com_github_MitjaNemec_ReplicateLayout.replicate_layout 991:Dst text UUid:a5813b40-eea5-44ba-b62b-a13d63b75c61
11-12 22:57:11 com_github_MitjaNemec_ReplicateLayout.replicate_layout 990:Src text UUid:0739365c-df74-44fd-a386-04c3841e72b1
11-12 22:57:11 com_github_MitjaNemec_ReplicateLayout.replicate_layout 991:Dst text UUid:c143ceb0-020a-488d-b160-2926c6682081
11-12 22:57:11 com_github_MitjaNemec_ReplicateLayout.replicate_layout 990:Src text UUid:5d666820-e369-4ddd-b676-a3f134ad7960
11-12 22:57:11 com_github_MitjaNemec_ReplicateLayout.replicate_layout 991:Dst text UUid:7da38b0e-82f1-4479-a8f0-70bfe1bd07d6
11-12 22:57:11 com_github_MitjaNemec_ReplicateLayout.replicate_layout 888:Replicating footprint: 'LED144'
11-12 22:57:11 com_github_MitjaNemec_ReplicateLayout.replicate_layout 835:Src fp.id: '0810E186-22BD-4094-A943-28056DB37E18'
11-12 22:57:11 com_github_MitjaNemec_ReplicateLayout.replicate_layout 839:Dst fp.id: '0810E186-22BD-4094-A943-28056DB37E18'
11-12 22:57:11 com_github_MitjaNemec_ReplicateLayout.replicate_layout 895:found match in dst footprint: 'LED240'
11-12 22:57:11 com_github_MitjaNemec_ReplicateLayout.replicate_layout 990:Src text UUid:d4f51115-0b40-4019-a418-64c3b5390a72
11-12 22:57:11 com_github_MitjaNemec_ReplicateLayout.replicate_layout 991:Dst text UUid:b45e1ccf-e249-474e-96cd-d052430c38ef
11-12 22:57:11 com_github_MitjaNemec_ReplicateLayout.replicate_layout 990:Src text UUid:0ff00c33-2d97-415c-a383-5b222a06a46e
11-12 22:57:11 com_github_MitjaNemec_ReplicateLayout.replicate_layout 991:Dst text UUid:ae60f4c5-effa-4440-a502-fc479335eabf
11-12 22:57:11 com_github_MitjaNemec_ReplicateLayout.replicate_layout 990:Src text UUid:dde8ebf1-c0d6-4c52-86e2-7e3a65d80d5a
11-12 22:57:11 com_github_MitjaNemec_ReplicateLayout.replicate_layout 991:Dst text UUid:11300c8a-8a33-4ee4-a0d8-01650a190bc7
11-12 22:57:11 com_github_MitjaNemec_ReplicateLayout.replicate_layout 870:Replicating footprints on sheet ['Bottom', 'LEDs_Bottom', 'LEDS_discreet6', 'LED_single1']
11-12 22:57:11 com_github_MitjaNemec_ReplicateLayout.replicate_layout 835:Src fp.id: '0C09B42A-D4DF-4F87-AFF4-5296AF118FDF'
11-12 22:57:11 com_github_MitjaNemec_ReplicateLayout.replicate_layout 839:Dst fp.id: '0C09B42A-D4DF-4F87-AFF4-5296AF118FDF'
11-12 22:57:11 com_github_MitjaNemec_ReplicateLayout.replicate_layout 888:Replicating footprint: 'U153'
11-12 22:57:11 com_github_MitjaNemec_ReplicateLayout.replicate_layout 835:Src fp.id: 'EB896E0D-DC1C-402A-A83E-7193E291B78E'
11-12 22:57:11 com_github_MitjaNemec_ReplicateLayout.replicate_layout 839:Dst fp.id: 'EB896E0D-DC1C-402A-A83E-7193E291B78E'
11-12 22:57:11 com_github_MitjaNemec_ReplicateLayout.replicate_layout 895:found match in dst footprint: 'U225'
11-12 22:57:11 com_github_MitjaNemec_ReplicateLayout.replicate_layout 990:Src text UUid:110b3224-b357-4118-9c08-b3fded705e4b
11-12 22:57:11 com_github_MitjaNemec_ReplicateLayout.replicate_layout 991:Dst text UUid:79ef416e-5ae3-4ef3-8f69-06bb81a6ed44
11-12 22:57:11 com_github_MitjaNemec_ReplicateLayout.replicate_layout 990:Src text UUid:b9e7f770-21cd-4948-9662-6e0ac7df885e
11-12 22:57:11 com_github_MitjaNemec_ReplicateLayout.replicate_layout 991:Dst text UUid:128b7432-6acd-4de4-8b2d-147332d49c9c
11-12 22:57:11 com_github_MitjaNemec_ReplicateLayout.replicate_layout 990:Src text UUid:eaba7cf7-101e-4672-ad3c-d50ac347e980
11-12 22:57:11 com_github_MitjaNemec_ReplicateLayout.replicate_layout 991:Dst text UUid:7049f636-45db-4e9d-a1e3-854b2f2fb8eb
11-12 22:57:11 com_github_MitjaNemec_ReplicateLayout.replicate_layout 888:Replicating footprint: 'R196'
11-12 22:57:11 com_github_MitjaNemec_ReplicateLayout.replicate_layout 835:Src fp.id: '28A8D9BC-2140-4FD7-9BA9-4E17A2CADB20'
11-12 22:57:11 com_github_MitjaNemec_ReplicateLayout.replicate_layout 839:Dst fp.id: '28A8D9BC-2140-4FD7-9BA9-4E17A2CADB20'
11-12 22:57:11 com_github_MitjaNemec_ReplicateLayout.replicate_layout 895:found match in dst footprint: 'R295'
11-12 22:57:11 com_github_MitjaNemec_ReplicateLayout.replicate_layout 990:Src text UUid:10a75789-866c-466a-b99e-1669393a4dc9
11-12 22:57:11 com_github_MitjaNemec_ReplicateLayout.replicate_layout 991:Dst text UUid:6d8c752b-1535-4d06-a43a-8db5b56399e3
11-12 22:57:11 com_github_MitjaNemec_ReplicateLayout.replicate_layout 990:Src text UUid:26f5deef-302c-459b-9fc1-9a4618773440
11-12 22:57:11 com_github_MitjaNemec_ReplicateLayout.replicate_layout 991:Dst text UUid:7975303b-bab6-40c6-94fe-775a81e916c0
11-12 22:57:11 com_github_MitjaNemec_ReplicateLayout.replicate_layout 990:Src text UUid:a58fc8cd-c2ef-4a2e-8f35-9edf2c2f6adb
11-12 22:57:11 com_github_MitjaNemec_ReplicateLayout.replicate_layout 991:Dst text UUid:59d95f22-e5f0-4891-84a7-26679cd2f93d
11-12 22:57:11 com_github_MitjaNemec_ReplicateLayout.replicate_layout 888:Replicating footprint: 'R197'
11-12 22:57:11 com_github_MitjaNemec_ReplicateLayout.replicate_layout 835:Src fp.id: '55391442-DACB-4265-94E5-89EFFD14C302'
11-12 22:57:11 com_github_MitjaNemec_ReplicateLayout.replicate_layout 839:Dst fp.id: '55391442-DACB-4265-94E5-89EFFD14C302'
11-12 22:57:11 com_github_MitjaNemec_ReplicateLayout.replicate_layout 895:found match in dst footprint: 'R296'
11-12 22:57:11 com_github_MitjaNemec_ReplicateLayout.replicate_layout 990:Src text UUid:6cd10716-af31-44d4-bad9-a9da97fd4924
11-12 22:57:11 com_github_MitjaNemec_ReplicateLayout.replicate_layout 991:Dst text UUid:46adb5a1-8bca-49aa-af1e-ce9f9bd51a81
11-12 22:57:11 com_github_MitjaNemec_ReplicateLayout.replicate_layout 990:Src text UUid:65380ce8-601c-4762-983f-4bdb6ed67bde
11-12 22:57:11 com_github_MitjaNemec_ReplicateLayout.replicate_layout 991:Dst text UUid:2cee2b78-9b57-4db9-9552-d7e5cfd2d474
11-12 22:57:11 com_github_MitjaNemec_ReplicateLayout.replicate_layout 990:Src text UUid:94d012b9-077f-436c-a4d8-e5bb00c165ba
11-12 22:57:11 com_github_MitjaNemec_ReplicateLayout.replicate_layout 991:Dst text UUid:52ae49f0-6811-4814-ba42-4acb31e65fae
11-12 22:57:11 com_github_MitjaNemec_ReplicateLayout.replicate_layout 888:Replicating footprint: 'U152'
11-12 22:57:11 com_github_MitjaNemec_ReplicateLayout.replicate_layout 835:Src fp.id: '62B3827C-A320-4AD6-A424-1485EF65900D'
11-12 22:57:11 com_github_MitjaNemec_ReplicateLayout.replicate_layout 839:Dst fp.id: '62B3827C-A320-4AD6-A424-1485EF65900D'
11-12 22:57:11 com_github_MitjaNemec_ReplicateLayout.replicate_layout 895:found match in dst footprint: 'U224'
11-12 22:57:11 com_github_MitjaNemec_ReplicateLayout.replicate_layout 990:Src text UUid:c50c72b1-94e3-4159-a219-37f741e82a7c
11-12 22:57:11 com_github_MitjaNemec_ReplicateLayout.replicate_layout 991:Dst text UUid:3092c84c-2609-4acb-9613-af64e561c743
11-12 22:57:11 com_github_MitjaNemec_ReplicateLayout.replicate_layout 990:Src text UUid:292e74a5-6b55-4359-be57-8b0026051126
11-12 22:57:11 com_github_MitjaNemec_ReplicateLayout.replicate_layout 991:Dst text UUid:d48970d5-2ad7-451a-a3d8-a2a56d896329
11-12 22:57:11 com_github_MitjaNemec_ReplicateLayout.replicate_layout 990:Src text UUid:22c9f63c-bdf9-47e9-ae01-74d81cfbd908
11-12 22:57:11 com_github_MitjaNemec_ReplicateLayout.replicate_layout 991:Dst text UUid:f37d8c63-4558-461c-bc5c-5c92e7d04d98
11-12 22:57:11 com_github_MitjaNemec_ReplicateLayout.replicate_layout 888:Replicating footprint: 'R198'
11-12 22:57:11 com_github_MitjaNemec_ReplicateLayout.replicate_layout 835:Src fp.id: '2D77C678-F455-47D6-93BD-3ED95A089C96'
11-12 22:57:11 com_github_MitjaNemec_ReplicateLayout.replicate_layout 839:Dst fp.id: '2D77C678-F455-47D6-93BD-3ED95A089C96'
11-12 22:57:11 com_github_MitjaNemec_ReplicateLayout.replicate_layout 895:found match in dst footprint: 'R297'
11-12 22:57:11 com_github_MitjaNemec_ReplicateLayout.replicate_layout 990:Src text UUid:026024b2-ee3d-495c-b376-571543d60a54
11-12 22:57:11 com_github_MitjaNemec_ReplicateLayout.replicate_layout 991:Dst text UUid:fa754a94-4f06-438a-9436-d9bb2c1773fc
11-12 22:57:11 com_github_MitjaNemec_ReplicateLayout.replicate_layout 990:Src text UUid:23dd6946-9981-4c83-9d25-050d5e9bece6
11-12 22:57:11 com_github_MitjaNemec_ReplicateLayout.replicate_layout 991:Dst text UUid:3b239b4d-7ca5-4d83-9d2a-7bb4d9848fd8
11-12 22:57:11 com_github_MitjaNemec_ReplicateLayout.replicate_layout 990:Src text UUid:8cb67b8b-8668-4222-8264-d0248233162e
11-12 22:57:11 com_github_MitjaNemec_ReplicateLayout.replicate_layout 991:Dst text UUid:2d919aad-75d8-4c69-a9c7-78fe691f80e0
11-12 22:57:11 com_github_MitjaNemec_ReplicateLayout.replicate_layout 888:Replicating footprint: 'LED143'
11-12 22:57:11 com_github_MitjaNemec_ReplicateLayout.replicate_layout 835:Src fp.id: '2ABC1D4C-0E8C-4F90-9BF0-DF151C3D99F0'
11-12 22:57:11 com_github_MitjaNemec_ReplicateLayout.replicate_layout 839:Dst fp.id: '2ABC1D4C-0E8C-4F90-9BF0-DF151C3D99F0'
11-12 22:57:11 com_github_MitjaNemec_ReplicateLayout.replicate_layout 895:found match in dst footprint: 'LED242'
11-12 22:57:11 com_github_MitjaNemec_ReplicateLayout.replicate_layout 990:Src text UUid:cb110f2a-a8eb-4aca-b5bc-ff7ccb902aef
11-12 22:57:11 com_github_MitjaNemec_ReplicateLayout.replicate_layout 991:Dst text UUid:199c155e-049a-4cad-995c-bc2304c35876
11-12 22:57:11 com_github_MitjaNemec_ReplicateLayout.replicate_layout 990:Src text UUid:cbc54092-ef49-4a91-b324-f6377248bdf9
11-12 22:57:11 com_github_MitjaNemec_ReplicateLayout.replicate_layout 991:Dst text UUid:83725485-6f1d-4b95-9453-8b1f4a27ded7
11-12 22:57:11 com_github_MitjaNemec_ReplicateLayout.replicate_layout 990:Src text UUid:a432e7aa-3bd5-4cba-b765-9f5f9481582e
11-12 22:57:11 com_github_MitjaNemec_ReplicateLayout.replicate_layout 991:Dst text UUid:0f2236d2-0be7-4052-a56b-05d12a930605
11-12 22:57:11 com_github_MitjaNemec_ReplicateLayout.replicate_layout 888:Replicating footprint: 'LED142'
11-12 22:57:11 com_github_MitjaNemec_ReplicateLayout.replicate_layout 835:Src fp.id: '0C09B42A-D4DF-4F87-AFF4-5296AF118FDF'
11-12 22:57:11 com_github_MitjaNemec_ReplicateLayout.replicate_layout 839:Dst fp.id: '0C09B42A-D4DF-4F87-AFF4-5296AF118FDF'
11-12 22:57:11 com_github_MitjaNemec_ReplicateLayout.replicate_layout 895:found match in dst footprint: 'LED241'
11-12 22:57:11 com_github_MitjaNemec_ReplicateLayout.replicate_layout 990:Src text UUid:9463e9d6-02d6-4857-9f39-9338e5245ef5
11-12 22:57:11 com_github_MitjaNemec_ReplicateLayout.replicate_layout 991:Dst text UUid:da910285-ec06-4919-b9b7-39a5505100d6
11-12 22:57:11 com_github_MitjaNemec_ReplicateLayout.replicate_layout 990:Src text UUid:0739365c-df74-44fd-a386-04c3841e72b1
11-12 22:57:11 com_github_MitjaNemec_ReplicateLayout.replicate_layout 991:Dst text UUid:1915f57c-e370-42b8-83c3-b2d2569cacc3
11-12 22:57:11 com_github_MitjaNemec_ReplicateLayout.replicate_layout 990:Src text UUid:5d666820-e369-4ddd-b676-a3f134ad7960
11-12 22:57:11 com_github_MitjaNemec_ReplicateLayout.replicate_layout 991:Dst text UUid:6b019887-4ce7-4aea-a942-3a170c754dae
11-12 22:57:11 com_github_MitjaNemec_ReplicateLayout.replicate_layout 888:Replicating footprint: 'LED144'
11-12 22:57:11 com_github_MitjaNemec_ReplicateLayout.replicate_layout 835:Src fp.id: '0810E186-22BD-4094-A943-28056DB37E18'
11-12 22:57:11 com_github_MitjaNemec_ReplicateLayout.replicate_layout 839:Dst fp.id: '0810E186-22BD-4094-A943-28056DB37E18'
11-12 22:57:11 com_github_MitjaNemec_ReplicateLayout.replicate_layout 895:found match in dst footprint: 'LED243'
11-12 22:57:11 com_github_MitjaNemec_ReplicateLayout.replicate_layout 990:Src text UUid:d4f51115-0b40-4019-a418-64c3b5390a72
11-12 22:57:11 com_github_MitjaNemec_ReplicateLayout.replicate_layout 991:Dst text UUid:5a4ce675-16f0-44c4-b04e-bb6c59678e41
11-12 22:57:11 com_github_MitjaNemec_ReplicateLayout.replicate_layout 990:Src text UUid:0ff00c33-2d97-415c-a383-5b222a06a46e
11-12 22:57:11 com_github_MitjaNemec_ReplicateLayout.replicate_layout 991:Dst text UUid:77eb16a6-6310-42ed-aaed-a37d6e89c3cf
11-12 22:57:11 com_github_MitjaNemec_ReplicateLayout.replicate_layout 990:Src text UUid:dde8ebf1-c0d6-4c52-86e2-7e3a65d80d5a
11-12 22:57:11 com_github_MitjaNemec_ReplicateLayout.replicate_layout 991:Dst text UUid:90f37947-92b6-47cf-8de2-925521ee4348
11-12 22:57:11 com_github_MitjaNemec_ReplicateLayout.replicate_layout 870:Replicating footprints on sheet ['Bottom', 'LEDs_Bottom', 'LEDS_discreet6', 'LED_single2']
11-12 22:57:11 com_github_MitjaNemec_ReplicateLayout.replicate_layout 835:Src fp.id: '0C09B42A-D4DF-4F87-AFF4-5296AF118FDF'
11-12 22:57:11 com_github_MitjaNemec_ReplicateLayout.replicate_layout 839:Dst fp.id: '0C09B42A-D4DF-4F87-AFF4-5296AF118FDF'
11-12 22:57:11 com_github_MitjaNemec_ReplicateLayout.replicate_layout 888:Replicating footprint: 'U153'
11-12 22:57:11 com_github_MitjaNemec_ReplicateLayout.replicate_layout 835:Src fp.id: 'EB896E0D-DC1C-402A-A83E-7193E291B78E'
11-12 22:57:11 com_github_MitjaNemec_ReplicateLayout.replicate_layout 839:Dst fp.id: 'EB896E0D-DC1C-402A-A83E-7193E291B78E'
11-12 22:57:11 com_github_MitjaNemec_ReplicateLayout.replicate_layout 895:found match in dst footprint: 'U227'
11-12 22:57:11 com_github_MitjaNemec_ReplicateLayout.replicate_layout 990:Src text UUid:110b3224-b357-4118-9c08-b3fded705e4b
11-12 22:57:11 com_github_MitjaNemec_ReplicateLayout.replicate_layout 991:Dst text UUid:cfc9c091-a056-4318-afa3-da2d6a18657b
11-12 22:57:11 com_github_MitjaNemec_ReplicateLayout.replicate_layout 990:Src text UUid:b9e7f770-21cd-4948-9662-6e0ac7df885e
11-12 22:57:11 com_github_MitjaNemec_ReplicateLayout.replicate_layout 991:Dst text UUid:59114713-9512-47fd-918b-b3f3ac2d9e0e
11-12 22:57:11 com_github_MitjaNemec_ReplicateLayout.replicate_layout 990:Src text UUid:eaba7cf7-101e-4672-ad3c-d50ac347e980
11-12 22:57:11 com_github_MitjaNemec_ReplicateLayout.replicate_layout 991:Dst text UUid:d6f5ae56-1f63-4430-8d03-9a0a457245ea
11-12 22:57:11 com_github_MitjaNemec_ReplicateLayout.replicate_layout 888:Replicating footprint: 'R196'
11-12 22:57:11 root 345:updating GUI with: 35
11-12 22:57:11 com_github_MitjaNemec_ReplicateLayout.replicate_layout 835:Src fp.id: '28A8D9BC-2140-4FD7-9BA9-4E17A2CADB20'
11-12 22:57:11 com_github_MitjaNemec_ReplicateLayout.replicate_layout 839:Dst fp.id: '28A8D9BC-2140-4FD7-9BA9-4E17A2CADB20'
11-12 22:57:11 com_github_MitjaNemec_ReplicateLayout.replicate_layout 895:found match in dst footprint: 'R298'
11-12 22:57:11 com_github_MitjaNemec_ReplicateLayout.replicate_layout 990:Src text UUid:10a75789-866c-466a-b99e-1669393a4dc9
11-12 22:57:11 com_github_MitjaNemec_ReplicateLayout.replicate_layout 991:Dst text UUid:ec6a9b4f-df83-4299-8f6c-7cb4a7242d69
11-12 22:57:11 com_github_MitjaNemec_ReplicateLayout.replicate_layout 990:Src text UUid:26f5deef-302c-459b-9fc1-9a4618773440
11-12 22:57:11 com_github_MitjaNemec_ReplicateLayout.replicate_layout 991:Dst text UUid:c023ec8a-3096-4381-9dc8-0b529a71255c
11-12 22:57:11 com_github_MitjaNemec_ReplicateLayout.replicate_layout 990:Src text UUid:a58fc8cd-c2ef-4a2e-8f35-9edf2c2f6adb
11-12 22:57:11 com_github_MitjaNemec_ReplicateLayout.replicate_layout 991:Dst text UUid:53ff5fc4-979a-4c94-8288-b2255229a67a
11-12 22:57:11 com_github_MitjaNemec_ReplicateLayout.replicate_layout 888:Replicating footprint: 'R197'
11-12 22:57:11 com_github_MitjaNemec_ReplicateLayout.replicate_layout 835:Src fp.id: '55391442-DACB-4265-94E5-89EFFD14C302'
11-12 22:57:11 com_github_MitjaNemec_ReplicateLayout.replicate_layout 839:Dst fp.id: '55391442-DACB-4265-94E5-89EFFD14C302'
11-12 22:57:11 com_github_MitjaNemec_ReplicateLayout.replicate_layout 895:found match in dst footprint: 'R299'
11-12 22:57:11 com_github_MitjaNemec_ReplicateLayout.replicate_layout 990:Src text UUid:6cd10716-af31-44d4-bad9-a9da97fd4924
11-12 22:57:11 com_github_MitjaNemec_ReplicateLayout.replicate_layout 991:Dst text UUid:b6780269-1c14-47fa-9ee6-6675f1db7b4f
11-12 22:57:11 com_github_MitjaNemec_ReplicateLayout.replicate_layout 990:Src text UUid:65380ce8-601c-4762-983f-4bdb6ed67bde
11-12 22:57:11 com_github_MitjaNemec_ReplicateLayout.replicate_layout 991:Dst text UUid:9d38528a-3719-4f5d-bdff-37b46433028d
11-12 22:57:11 com_github_MitjaNemec_ReplicateLayout.replicate_layout 990:Src text UUid:94d012b9-077f-436c-a4d8-e5bb00c165ba
11-12 22:57:11 com_github_MitjaNemec_ReplicateLayout.replicate_layout 991:Dst text UUid:31f03459-8644-4b4b-885e-8a6b6b95cc64
11-12 22:57:11 com_github_MitjaNemec_ReplicateLayout.replicate_layout 888:Replicating footprint: 'U152'
11-12 22:57:11 com_github_MitjaNemec_ReplicateLayout.replicate_layout 835:Src fp.id: '62B3827C-A320-4AD6-A424-1485EF65900D'
11-12 22:57:11 com_github_MitjaNemec_ReplicateLayout.replicate_layout 839:Dst fp.id: '62B3827C-A320-4AD6-A424-1485EF65900D'
11-12 22:57:11 com_github_MitjaNemec_ReplicateLayout.replicate_layout 895:found match in dst footprint: 'U226'
11-12 22:57:11 com_github_MitjaNemec_ReplicateLayout.replicate_layout 990:Src text UUid:c50c72b1-94e3-4159-a219-37f741e82a7c
11-12 22:57:11 com_github_MitjaNemec_ReplicateLayout.replicate_layout 991:Dst text UUid:d57e2ff8-3362-4c23-ab7b-8d67d2348999
11-12 22:57:11 com_github_MitjaNemec_ReplicateLayout.replicate_layout 990:Src text UUid:292e74a5-6b55-4359-be57-8b0026051126
11-12 22:57:11 com_github_MitjaNemec_ReplicateLayout.replicate_layout 991:Dst text UUid:58e87803-f224-45ec-aacc-42779434d62e
11-12 22:57:11 com_github_MitjaNemec_ReplicateLayout.replicate_layout 990:Src text UUid:22c9f63c-bdf9-47e9-ae01-74d81cfbd908
11-12 22:57:11 com_github_MitjaNemec_ReplicateLayout.replicate_layout 991:Dst text UUid:b29ad378-28ff-44be-b6b5-ecf5bfd94470
11-12 22:57:11 com_github_MitjaNemec_ReplicateLayout.replicate_layout 888:Replicating footprint: 'R198'
11-12 22:57:11 com_github_MitjaNemec_ReplicateLayout.replicate_layout 835:Src fp.id: '2D77C678-F455-47D6-93BD-3ED95A089C96'
11-12 22:57:11 com_github_MitjaNemec_ReplicateLayout.replicate_layout 839:Dst fp.id: '2D77C678-F455-47D6-93BD-3ED95A089C96'
11-12 22:57:11 com_github_MitjaNemec_ReplicateLayout.replicate_layout 895:found match in dst footprint: 'R300'
11-12 22:57:11 com_github_MitjaNemec_ReplicateLayout.replicate_layout 990:Src text UUid:026024b2-ee3d-495c-b376-571543d60a54
11-12 22:57:11 com_github_MitjaNemec_ReplicateLayout.replicate_layout 991:Dst text UUid:3ac3846b-cd38-451e-91d1-10852d194e40
11-12 22:57:11 com_github_MitjaNemec_ReplicateLayout.replicate_layout 990:Src text UUid:23dd6946-9981-4c83-9d25-050d5e9bece6
11-12 22:57:11 com_github_MitjaNemec_ReplicateLayout.replicate_layout 991:Dst text UUid:50a39ea9-b696-4128-b3ed-9c33c471991d
11-12 22:57:11 com_github_MitjaNemec_ReplicateLayout.replicate_layout 990:Src text UUid:8cb67b8b-8668-4222-8264-d0248233162e
11-12 22:57:11 com_github_MitjaNemec_ReplicateLayout.replicate_layout 991:Dst text UUid:d4a2daa0-eed8-42ca-b5f3-410d92756038
11-12 22:57:11 com_github_MitjaNemec_ReplicateLayout.replicate_layout 888:Replicating footprint: 'LED143'
11-12 22:57:11 com_github_MitjaNemec_ReplicateLayout.replicate_layout 835:Src fp.id: '2ABC1D4C-0E8C-4F90-9BF0-DF151C3D99F0'
11-12 22:57:11 com_github_MitjaNemec_ReplicateLayout.replicate_layout 839:Dst fp.id: '2ABC1D4C-0E8C-4F90-9BF0-DF151C3D99F0'
11-12 22:57:11 com_github_MitjaNemec_ReplicateLayout.replicate_layout 895:found match in dst footprint: 'LED245'
11-12 22:57:11 com_github_MitjaNemec_ReplicateLayout.replicate_layout 990:Src text UUid:cb110f2a-a8eb-4aca-b5bc-ff7ccb902aef
11-12 22:57:11 com_github_MitjaNemec_ReplicateLayout.replicate_layout 991:Dst text UUid:b75fc08a-0a29-4ebe-b3c0-21f60e8a90af
11-12 22:57:11 com_github_MitjaNemec_ReplicateLayout.replicate_layout 990:Src text UUid:cbc54092-ef49-4a91-b324-f6377248bdf9
11-12 22:57:11 com_github_MitjaNemec_ReplicateLayout.replicate_layout 991:Dst text UUid:c29de4e3-7f87-4972-884f-4fff6eb0c105
11-12 22:57:11 com_github_MitjaNemec_ReplicateLayout.replicate_layout 990:Src text UUid:a432e7aa-3bd5-4cba-b765-9f5f9481582e
11-12 22:57:11 com_github_MitjaNemec_ReplicateLayout.replicate_layout 991:Dst text UUid:afb31104-5603-4f13-a377-f2f437b96aee
11-12 22:57:11 com_github_MitjaNemec_ReplicateLayout.replicate_layout 888:Replicating footprint: 'LED142'
11-12 22:57:11 com_github_MitjaNemec_ReplicateLayout.replicate_layout 835:Src fp.id: '0C09B42A-D4DF-4F87-AFF4-5296AF118FDF'
11-12 22:57:11 com_github_MitjaNemec_ReplicateLayout.replicate_layout 839:Dst fp.id: '0C09B42A-D4DF-4F87-AFF4-5296AF118FDF'
11-12 22:57:11 com_github_MitjaNemec_ReplicateLayout.replicate_layout 895:found match in dst footprint: 'LED244'
11-12 22:57:11 com_github_MitjaNemec_ReplicateLayout.replicate_layout 990:Src text UUid:9463e9d6-02d6-4857-9f39-9338e5245ef5
11-12 22:57:11 com_github_MitjaNemec_ReplicateLayout.replicate_layout 991:Dst text UUid:6c0afc06-f9e0-42f4-aaf8-4f69fa307d51
11-12 22:57:11 com_github_MitjaNemec_ReplicateLayout.replicate_layout 990:Src text UUid:0739365c-df74-44fd-a386-04c3841e72b1
11-12 22:57:11 com_github_MitjaNemec_ReplicateLayout.replicate_layout 991:Dst text UUid:8c2f7014-18f4-4137-9088-5548a7c64578
11-12 22:57:11 com_github_MitjaNemec_ReplicateLayout.replicate_layout 990:Src text UUid:5d666820-e369-4ddd-b676-a3f134ad7960
11-12 22:57:11 com_github_MitjaNemec_ReplicateLayout.replicate_layout 991:Dst text UUid:c0ff6957-0bdb-413b-8431-2f4824bc62e9
11-12 22:57:11 com_github_MitjaNemec_ReplicateLayout.replicate_layout 888:Replicating footprint: 'LED144'
11-12 22:57:11 com_github_MitjaNemec_ReplicateLayout.replicate_layout 835:Src fp.id: '0810E186-22BD-4094-A943-28056DB37E18'
11-12 22:57:11 com_github_MitjaNemec_ReplicateLayout.replicate_layout 839:Dst fp.id: '0810E186-22BD-4094-A943-28056DB37E18'
11-12 22:57:11 com_github_MitjaNemec_ReplicateLayout.replicate_layout 895:found match in dst footprint: 'LED246'
11-12 22:57:11 com_github_MitjaNemec_ReplicateLayout.replicate_layout 990:Src text UUid:d4f51115-0b40-4019-a418-64c3b5390a72
11-12 22:57:11 com_github_MitjaNemec_ReplicateLayout.replicate_layout 991:Dst text UUid:83b6bcba-df75-40b9-8a9b-a1671b38efb1
11-12 22:57:11 com_github_MitjaNemec_ReplicateLayout.replicate_layout 990:Src text UUid:0ff00c33-2d97-415c-a383-5b222a06a46e
11-12 22:57:11 com_github_MitjaNemec_ReplicateLayout.replicate_layout 991:Dst text UUid:beaaa5e5-5811-46f9-b0d4-1e7c949926ea
11-12 22:57:11 com_github_MitjaNemec_ReplicateLayout.replicate_layout 990:Src text UUid:dde8ebf1-c0d6-4c52-86e2-7e3a65d80d5a
11-12 22:57:11 com_github_MitjaNemec_ReplicateLayout.replicate_layout 991:Dst text UUid:b2cc4aa8-088b-46dd-909a-658f46d48f2e
11-12 22:57:11 com_github_MitjaNemec_ReplicateLayout.replicate_layout 870:Replicating footprints on sheet ['Bottom', 'LEDs_Bottom', 'LEDS_discreet6', 'LED_single3']
11-12 22:57:11 com_github_MitjaNemec_ReplicateLayout.replicate_layout 835:Src fp.id: '0C09B42A-D4DF-4F87-AFF4-5296AF118FDF'
11-12 22:57:11 com_github_MitjaNemec_ReplicateLayout.replicate_layout 839:Dst fp.id: '0C09B42A-D4DF-4F87-AFF4-5296AF118FDF'
11-12 22:57:11 com_github_MitjaNemec_ReplicateLayout.replicate_layout 888:Replicating footprint: 'U153'
11-12 22:57:11 com_github_MitjaNemec_ReplicateLayout.replicate_layout 835:Src fp.id: 'EB896E0D-DC1C-402A-A83E-7193E291B78E'
11-12 22:57:11 com_github_MitjaNemec_ReplicateLayout.replicate_layout 839:Dst fp.id: 'EB896E0D-DC1C-402A-A83E-7193E291B78E'
11-12 22:57:11 com_github_MitjaNemec_ReplicateLayout.replicate_layout 895:found match in dst footprint: 'U229'
11-12 22:57:11 com_github_MitjaNemec_ReplicateLayout.replicate_layout 990:Src text UUid:110b3224-b357-4118-9c08-b3fded705e4b
11-12 22:57:11 com_github_MitjaNemec_ReplicateLayout.replicate_layout 991:Dst text UUid:1b790ec9-f375-417f-b632-33a6b235e548
11-12 22:57:11 com_github_MitjaNemec_ReplicateLayout.replicate_layout 990:Src text UUid:b9e7f770-21cd-4948-9662-6e0ac7df885e
11-12 22:57:11 com_github_MitjaNemec_ReplicateLayout.replicate_layout 991:Dst text UUid:5921fcb0-8265-4d1d-986a-91023929aeea
11-12 22:57:11 com_github_MitjaNemec_ReplicateLayout.replicate_layout 990:Src text UUid:eaba7cf7-101e-4672-ad3c-d50ac347e980
11-12 22:57:11 com_github_MitjaNemec_ReplicateLayout.replicate_layout 991:Dst text UUid:983e78db-85bf-40bb-b714-38d1193ee60f
11-12 22:57:11 com_github_MitjaNemec_ReplicateLayout.replicate_layout 888:Replicating footprint: 'R196'
11-12 22:57:11 com_github_MitjaNemec_ReplicateLayout.replicate_layout 835:Src fp.id: '28A8D9BC-2140-4FD7-9BA9-4E17A2CADB20'
11-12 22:57:11 com_github_MitjaNemec_ReplicateLayout.replicate_layout 839:Dst fp.id: '28A8D9BC-2140-4FD7-9BA9-4E17A2CADB20'
11-12 22:57:11 com_github_MitjaNemec_ReplicateLayout.replicate_layout 895:found match in dst footprint: 'R301'
11-12 22:57:11 com_github_MitjaNemec_ReplicateLayout.replicate_layout 990:Src text UUid:10a75789-866c-466a-b99e-1669393a4dc9
11-12 22:57:11 com_github_MitjaNemec_ReplicateLayout.replicate_layout 991:Dst text UUid:3f78ac90-af0f-4a5a-a564-ce7700fed41c
11-12 22:57:11 com_github_MitjaNemec_ReplicateLayout.replicate_layout 990:Src text UUid:26f5deef-302c-459b-9fc1-9a4618773440
11-12 22:57:11 com_github_MitjaNemec_ReplicateLayout.replicate_layout 991:Dst text UUid:2be401cc-6974-407e-ab90-79199083cd57
11-12 22:57:11 com_github_MitjaNemec_ReplicateLayout.replicate_layout 990:Src text UUid:a58fc8cd-c2ef-4a2e-8f35-9edf2c2f6adb
11-12 22:57:11 com_github_MitjaNemec_ReplicateLayout.replicate_layout 991:Dst text UUid:98a9cd8b-1138-4d99-bd0a-8b161dbe2672
11-12 22:57:11 com_github_MitjaNemec_ReplicateLayout.replicate_layout 888:Replicating footprint: 'R197'
11-12 22:57:11 com_github_MitjaNemec_ReplicateLayout.replicate_layout 835:Src fp.id: '55391442-DACB-4265-94E5-89EFFD14C302'
11-12 22:57:11 com_github_MitjaNemec_ReplicateLayout.replicate_layout 839:Dst fp.id: '55391442-DACB-4265-94E5-89EFFD14C302'
11-12 22:57:11 com_github_MitjaNemec_ReplicateLayout.replicate_layout 895:found match in dst footprint: 'R302'
11-12 22:57:11 com_github_MitjaNemec_ReplicateLayout.replicate_layout 990:Src text UUid:6cd10716-af31-44d4-bad9-a9da97fd4924
11-12 22:57:11 com_github_MitjaNemec_ReplicateLayout.replicate_layout 991:Dst text UUid:38bcf116-77f3-459a-b6b6-ac613315f52c
11-12 22:57:11 com_github_MitjaNemec_ReplicateLayout.replicate_layout 990:Src text UUid:65380ce8-601c-4762-983f-4bdb6ed67bde
11-12 22:57:11 com_github_MitjaNemec_ReplicateLayout.replicate_layout 991:Dst text UUid:f0745023-f8b6-46ec-8b2f-e4267f5eff70
11-12 22:57:11 com_github_MitjaNemec_ReplicateLayout.replicate_layout 990:Src text UUid:94d012b9-077f-436c-a4d8-e5bb00c165ba
11-12 22:57:11 com_github_MitjaNemec_ReplicateLayout.replicate_layout 991:Dst text UUid:6757a1be-0f11-4cbe-b22b-82cb92e052b8
11-12 22:57:11 com_github_MitjaNemec_ReplicateLayout.replicate_layout 888:Replicating footprint: 'U152'
11-12 22:57:11 com_github_MitjaNemec_ReplicateLayout.replicate_layout 835:Src fp.id: '62B3827C-A320-4AD6-A424-1485EF65900D'
11-12 22:57:11 com_github_MitjaNemec_ReplicateLayout.replicate_layout 839:Dst fp.id: '62B3827C-A320-4AD6-A424-1485EF65900D'
11-12 22:57:11 com_github_MitjaNemec_ReplicateLayout.replicate_layout 895:found match in dst footprint: 'U228'
11-12 22:57:11 com_github_MitjaNemec_ReplicateLayout.replicate_layout 990:Src text UUid:c50c72b1-94e3-4159-a219-37f741e82a7c
11-12 22:57:11 com_github_MitjaNemec_ReplicateLayout.replicate_layout 991:Dst text UUid:d521c295-c7e9-41af-96df-0105aaa79602
11-12 22:57:11 com_github_MitjaNemec_ReplicateLayout.replicate_layout 990:Src text UUid:292e74a5-6b55-4359-be57-8b0026051126
11-12 22:57:11 com_github_MitjaNemec_ReplicateLayout.replicate_layout 991:Dst text UUid:1124ec95-f862-4651-bc41-ad0aa8f82289
11-12 22:57:11 com_github_MitjaNemec_ReplicateLayout.replicate_layout 990:Src text UUid:22c9f63c-bdf9-47e9-ae01-74d81cfbd908
11-12 22:57:11 com_github_MitjaNemec_ReplicateLayout.replicate_layout 991:Dst text UUid:d5506d74-29b5-45ec-b306-397d88f32113
11-12 22:57:11 com_github_MitjaNemec_ReplicateLayout.replicate_layout 888:Replicating footprint: 'R198'
11-12 22:57:11 com_github_MitjaNemec_ReplicateLayout.replicate_layout 835:Src fp.id: '2D77C678-F455-47D6-93BD-3ED95A089C96'
11-12 22:57:11 com_github_MitjaNemec_ReplicateLayout.replicate_layout 839:Dst fp.id: '2D77C678-F455-47D6-93BD-3ED95A089C96'
11-12 22:57:11 com_github_MitjaNemec_ReplicateLayout.replicate_layout 895:found match in dst footprint: 'R303'
11-12 22:57:11 com_github_MitjaNemec_ReplicateLayout.replicate_layout 990:Src text UUid:026024b2-ee3d-495c-b376-571543d60a54
11-12 22:57:11 com_github_MitjaNemec_ReplicateLayout.replicate_layout 991:Dst text UUid:9d744c9f-ecce-4818-88dc-b78d06c9716c
11-12 22:57:11 com_github_MitjaNemec_ReplicateLayout.replicate_layout 990:Src text UUid:23dd6946-9981-4c83-9d25-050d5e9bece6
11-12 22:57:11 com_github_MitjaNemec_ReplicateLayout.replicate_layout 991:Dst text UUid:30049f67-4676-4a99-88db-02a943232ec9
11-12 22:57:11 com_github_MitjaNemec_ReplicateLayout.replicate_layout 990:Src text UUid:8cb67b8b-8668-4222-8264-d0248233162e
11-12 22:57:11 com_github_MitjaNemec_ReplicateLayout.replicate_layout 991:Dst text UUid:c86b51a4-2e54-4b62-94de-873d933be180
11-12 22:57:11 com_github_MitjaNemec_ReplicateLayout.replicate_layout 888:Replicating footprint: 'LED143'
11-12 22:57:11 com_github_MitjaNemec_ReplicateLayout.replicate_layout 835:Src fp.id: '2ABC1D4C-0E8C-4F90-9BF0-DF151C3D99F0'
11-12 22:57:11 com_github_MitjaNemec_ReplicateLayout.replicate_layout 839:Dst fp.id: '2ABC1D4C-0E8C-4F90-9BF0-DF151C3D99F0'
11-12 22:57:11 com_github_MitjaNemec_ReplicateLayout.replicate_layout 895:found match in dst footprint: 'LED248'
11-12 22:57:11 com_github_MitjaNemec_ReplicateLayout.replicate_layout 990:Src text UUid:cb110f2a-a8eb-4aca-b5bc-ff7ccb902aef
11-12 22:57:11 com_github_MitjaNemec_ReplicateLayout.replicate_layout 991:Dst text UUid:16b7edbe-d00a-47bf-a52b-0911ee02b033
11-12 22:57:11 com_github_MitjaNemec_ReplicateLayout.replicate_layout 990:Src text UUid:cbc54092-ef49-4a91-b324-f6377248bdf9
11-12 22:57:11 com_github_MitjaNemec_ReplicateLayout.replicate_layout 991:Dst text UUid:0a9d3157-8d58-4fa6-af25-88477e8b395e
11-12 22:57:11 com_github_MitjaNemec_ReplicateLayout.replicate_layout 990:Src text UUid:a432e7aa-3bd5-4cba-b765-9f5f9481582e
11-12 22:57:11 com_github_MitjaNemec_ReplicateLayout.replicate_layout 991:Dst text UUid:bdf30d05-bb3c-4bb6-83c4-f8e93e75e830
11-12 22:57:11 com_github_MitjaNemec_ReplicateLayout.replicate_layout 888:Replicating footprint: 'LED142'
11-12 22:57:11 com_github_MitjaNemec_ReplicateLayout.replicate_layout 835:Src fp.id: '0C09B42A-D4DF-4F87-AFF4-5296AF118FDF'
11-12 22:57:11 com_github_MitjaNemec_ReplicateLayout.replicate_layout 839:Dst fp.id: '0C09B42A-D4DF-4F87-AFF4-5296AF118FDF'
11-12 22:57:11 com_github_MitjaNemec_ReplicateLayout.replicate_layout 895:found match in dst footprint: 'LED247'
11-12 22:57:11 com_github_MitjaNemec_ReplicateLayout.replicate_layout 990:Src text UUid:9463e9d6-02d6-4857-9f39-9338e5245ef5
11-12 22:57:11 com_github_MitjaNemec_ReplicateLayout.replicate_layout 991:Dst text UUid:45e0b5b0-98ab-43ce-bc77-92fe24aaa643
11-12 22:57:11 com_github_MitjaNemec_ReplicateLayout.replicate_layout 990:Src text UUid:0739365c-df74-44fd-a386-04c3841e72b1
11-12 22:57:11 com_github_MitjaNemec_ReplicateLayout.replicate_layout 991:Dst text UUid:5b3cf35b-459d-45e5-a6d3-cdf1bd0d4753
11-12 22:57:11 com_github_MitjaNemec_ReplicateLayout.replicate_layout 990:Src text UUid:5d666820-e369-4ddd-b676-a3f134ad7960
11-12 22:57:11 com_github_MitjaNemec_ReplicateLayout.replicate_layout 991:Dst text UUid:a1b86928-5c2f-4fce-b9ca-77101728b830
11-12 22:57:11 com_github_MitjaNemec_ReplicateLayout.replicate_layout 888:Replicating footprint: 'LED144'
11-12 22:57:11 com_github_MitjaNemec_ReplicateLayout.replicate_layout 835:Src fp.id: '0810E186-22BD-4094-A943-28056DB37E18'
11-12 22:57:11 com_github_MitjaNemec_ReplicateLayout.replicate_layout 839:Dst fp.id: '0810E186-22BD-4094-A943-28056DB37E18'
11-12 22:57:11 com_github_MitjaNemec_ReplicateLayout.replicate_layout 895:found match in dst footprint: 'LED249'
11-12 22:57:11 com_github_MitjaNemec_ReplicateLayout.replicate_layout 990:Src text UUid:d4f51115-0b40-4019-a418-64c3b5390a72
11-12 22:57:11 com_github_MitjaNemec_ReplicateLayout.replicate_layout 991:Dst text UUid:9528470b-f205-4ddc-8e45-f747d9b0a5c9
11-12 22:57:11 com_github_MitjaNemec_ReplicateLayout.replicate_layout 990:Src text UUid:0ff00c33-2d97-415c-a383-5b222a06a46e
11-12 22:57:11 com_github_MitjaNemec_ReplicateLayout.replicate_layout 991:Dst text UUid:81c8ff87-8e3d-439c-90c9-0dbf0807afaf
11-12 22:57:11 com_github_MitjaNemec_ReplicateLayout.replicate_layout 990:Src text UUid:dde8ebf1-c0d6-4c52-86e2-7e3a65d80d5a
11-12 22:57:11 com_github_MitjaNemec_ReplicateLayout.replicate_layout 991:Dst text UUid:e17da28a-13cb-40da-a98e-87af92948a7e
11-12 22:57:11 com_github_MitjaNemec_ReplicateLayout.replicate_layout 870:Replicating footprints on sheet ['Bottom', 'LEDs_Bottom', 'LEDS_discreet7', 'LED_single']
11-12 22:57:11 com_github_MitjaNemec_ReplicateLayout.replicate_layout 835:Src fp.id: '0C09B42A-D4DF-4F87-AFF4-5296AF118FDF'
11-12 22:57:11 com_github_MitjaNemec_ReplicateLayout.replicate_layout 839:Dst fp.id: '0C09B42A-D4DF-4F87-AFF4-5296AF118FDF'
11-12 22:57:11 com_github_MitjaNemec_ReplicateLayout.replicate_layout 888:Replicating footprint: 'U153'
11-12 22:57:11 com_github_MitjaNemec_ReplicateLayout.replicate_layout 835:Src fp.id: 'EB896E0D-DC1C-402A-A83E-7193E291B78E'
11-12 22:57:11 com_github_MitjaNemec_ReplicateLayout.replicate_layout 839:Dst fp.id: 'EB896E0D-DC1C-402A-A83E-7193E291B78E'
11-12 22:57:11 com_github_MitjaNemec_ReplicateLayout.replicate_layout 895:found match in dst footprint: 'U241'
11-12 22:57:11 com_github_MitjaNemec_ReplicateLayout.replicate_layout 990:Src text UUid:110b3224-b357-4118-9c08-b3fded705e4b
11-12 22:57:11 com_github_MitjaNemec_ReplicateLayout.replicate_layout 991:Dst text UUid:c667b1cc-44e8-4df1-9d20-bbfee596d712
11-12 22:57:11 com_github_MitjaNemec_ReplicateLayout.replicate_layout 990:Src text UUid:b9e7f770-21cd-4948-9662-6e0ac7df885e
11-12 22:57:11 com_github_MitjaNemec_ReplicateLayout.replicate_layout 991:Dst text UUid:3f607cd5-f7a1-4add-89f8-86a75fcf4e9f
11-12 22:57:11 com_github_MitjaNemec_ReplicateLayout.replicate_layout 990:Src text UUid:eaba7cf7-101e-4672-ad3c-d50ac347e980
11-12 22:57:11 com_github_MitjaNemec_ReplicateLayout.replicate_layout 991:Dst text UUid:31a7fe05-9976-407e-a8a5-a13f6a8d6c30
11-12 22:57:11 com_github_MitjaNemec_ReplicateLayout.replicate_layout 888:Replicating footprint: 'R196'
11-12 22:57:11 root 345:updating GUI with: 38
11-12 22:57:11 com_github_MitjaNemec_ReplicateLayout.replicate_layout 835:Src fp.id: '28A8D9BC-2140-4FD7-9BA9-4E17A2CADB20'
11-12 22:57:11 com_github_MitjaNemec_ReplicateLayout.replicate_layout 839:Dst fp.id: '28A8D9BC-2140-4FD7-9BA9-4E17A2CADB20'
11-12 22:57:11 com_github_MitjaNemec_ReplicateLayout.replicate_layout 895:found match in dst footprint: 'R316'
11-12 22:57:11 com_github_MitjaNemec_ReplicateLayout.replicate_layout 990:Src text UUid:10a75789-866c-466a-b99e-1669393a4dc9
11-12 22:57:11 com_github_MitjaNemec_ReplicateLayout.replicate_layout 991:Dst text UUid:4d26dba4-4685-4ff4-af5a-e897c2042af4
11-12 22:57:11 com_github_MitjaNemec_ReplicateLayout.replicate_layout 990:Src text UUid:26f5deef-302c-459b-9fc1-9a4618773440
11-12 22:57:11 com_github_MitjaNemec_ReplicateLayout.replicate_layout 991:Dst text UUid:18836559-7314-468d-abc0-c76b85138039
11-12 22:57:11 com_github_MitjaNemec_ReplicateLayout.replicate_layout 990:Src text UUid:a58fc8cd-c2ef-4a2e-8f35-9edf2c2f6adb
11-12 22:57:11 com_github_MitjaNemec_ReplicateLayout.replicate_layout 991:Dst text UUid:3171c9e8-77bb-47b8-b7a7-9b4b9dc723c7
11-12 22:57:11 com_github_MitjaNemec_ReplicateLayout.replicate_layout 888:Replicating footprint: 'R197'
11-12 22:57:11 com_github_MitjaNemec_ReplicateLayout.replicate_layout 835:Src fp.id: '55391442-DACB-4265-94E5-89EFFD14C302'
11-12 22:57:11 com_github_MitjaNemec_ReplicateLayout.replicate_layout 839:Dst fp.id: '55391442-DACB-4265-94E5-89EFFD14C302'
11-12 22:57:11 com_github_MitjaNemec_ReplicateLayout.replicate_layout 895:found match in dst footprint: 'R317'
11-12 22:57:11 com_github_MitjaNemec_ReplicateLayout.replicate_layout 990:Src text UUid:6cd10716-af31-44d4-bad9-a9da97fd4924
11-12 22:57:11 com_github_MitjaNemec_ReplicateLayout.replicate_layout 991:Dst text UUid:887cad67-529f-4480-ab20-b545e7693b6d
11-12 22:57:11 com_github_MitjaNemec_ReplicateLayout.replicate_layout 990:Src text UUid:65380ce8-601c-4762-983f-4bdb6ed67bde
11-12 22:57:11 com_github_MitjaNemec_ReplicateLayout.replicate_layout 991:Dst text UUid:99fb199a-07e7-44e9-b188-611ff63edf91
11-12 22:57:11 com_github_MitjaNemec_ReplicateLayout.replicate_layout 990:Src text UUid:94d012b9-077f-436c-a4d8-e5bb00c165ba
11-12 22:57:11 com_github_MitjaNemec_ReplicateLayout.replicate_layout 991:Dst text UUid:c0451019-82dc-4f3a-987a-19c71de171a1
11-12 22:57:11 com_github_MitjaNemec_ReplicateLayout.replicate_layout 888:Replicating footprint: 'U152'
11-12 22:57:11 com_github_MitjaNemec_ReplicateLayout.replicate_layout 835:Src fp.id: '62B3827C-A320-4AD6-A424-1485EF65900D'
11-12 22:57:11 com_github_MitjaNemec_ReplicateLayout.replicate_layout 839:Dst fp.id: '62B3827C-A320-4AD6-A424-1485EF65900D'
11-12 22:57:11 com_github_MitjaNemec_ReplicateLayout.replicate_layout 895:found match in dst footprint: 'U240'
11-12 22:57:11 com_github_MitjaNemec_ReplicateLayout.replicate_layout 990:Src text UUid:c50c72b1-94e3-4159-a219-37f741e82a7c
11-12 22:57:11 com_github_MitjaNemec_ReplicateLayout.replicate_layout 991:Dst text UUid:521c6cf2-d665-4bda-b11c-8469c1b6d05a
11-12 22:57:11 com_github_MitjaNemec_ReplicateLayout.replicate_layout 990:Src text UUid:292e74a5-6b55-4359-be57-8b0026051126
11-12 22:57:11 com_github_MitjaNemec_ReplicateLayout.replicate_layout 991:Dst text UUid:91c69764-235d-41b3-8edc-9770d80eca6c
11-12 22:57:11 com_github_MitjaNemec_ReplicateLayout.replicate_layout 990:Src text UUid:22c9f63c-bdf9-47e9-ae01-74d81cfbd908
11-12 22:57:11 com_github_MitjaNemec_ReplicateLayout.replicate_layout 991:Dst text UUid:c1864f10-8298-4f8d-92c3-c74e060a50f4
11-12 22:57:11 com_github_MitjaNemec_ReplicateLayout.replicate_layout 888:Replicating footprint: 'R198'
11-12 22:57:11 com_github_MitjaNemec_ReplicateLayout.replicate_layout 835:Src fp.id: '2D77C678-F455-47D6-93BD-3ED95A089C96'
11-12 22:57:11 com_github_MitjaNemec_ReplicateLayout.replicate_layout 839:Dst fp.id: '2D77C678-F455-47D6-93BD-3ED95A089C96'
11-12 22:57:11 com_github_MitjaNemec_ReplicateLayout.replicate_layout 895:found match in dst footprint: 'R318'
11-12 22:57:11 com_github_MitjaNemec_ReplicateLayout.replicate_layout 990:Src text UUid:026024b2-ee3d-495c-b376-571543d60a54
11-12 22:57:11 com_github_MitjaNemec_ReplicateLayout.replicate_layout 991:Dst text UUid:72678570-d9a2-4c88-84dd-648b851160aa
11-12 22:57:11 com_github_MitjaNemec_ReplicateLayout.replicate_layout 990:Src text UUid:23dd6946-9981-4c83-9d25-050d5e9bece6
11-12 22:57:11 com_github_MitjaNemec_ReplicateLayout.replicate_layout 991:Dst text UUid:f788d53b-20ee-42ac-b8c8-f12b01566028
11-12 22:57:11 com_github_MitjaNemec_ReplicateLayout.replicate_layout 990:Src text UUid:8cb67b8b-8668-4222-8264-d0248233162e
11-12 22:57:11 com_github_MitjaNemec_ReplicateLayout.replicate_layout 991:Dst text UUid:34f8ab1b-2202-4b4c-8aae-86cb3729826e
11-12 22:57:11 com_github_MitjaNemec_ReplicateLayout.replicate_layout 888:Replicating footprint: 'LED143'
11-12 22:57:11 com_github_MitjaNemec_ReplicateLayout.replicate_layout 835:Src fp.id: '2ABC1D4C-0E8C-4F90-9BF0-DF151C3D99F0'
11-12 22:57:11 com_github_MitjaNemec_ReplicateLayout.replicate_layout 839:Dst fp.id: '2ABC1D4C-0E8C-4F90-9BF0-DF151C3D99F0'
11-12 22:57:11 com_github_MitjaNemec_ReplicateLayout.replicate_layout 895:found match in dst footprint: 'LED263'
11-12 22:57:11 com_github_MitjaNemec_ReplicateLayout.replicate_layout 990:Src text UUid:cb110f2a-a8eb-4aca-b5bc-ff7ccb902aef
11-12 22:57:11 com_github_MitjaNemec_ReplicateLayout.replicate_layout 991:Dst text UUid:811e0e8f-e57e-4745-a039-254813971056
11-12 22:57:11 com_github_MitjaNemec_ReplicateLayout.replicate_layout 990:Src text UUid:cbc54092-ef49-4a91-b324-f6377248bdf9
11-12 22:57:11 com_github_MitjaNemec_ReplicateLayout.replicate_layout 991:Dst text UUid:8f44931d-f1fa-49d6-8fd0-c960704643b5
11-12 22:57:11 com_github_MitjaNemec_ReplicateLayout.replicate_layout 990:Src text UUid:a432e7aa-3bd5-4cba-b765-9f5f9481582e
11-12 22:57:11 com_github_MitjaNemec_ReplicateLayout.replicate_layout 991:Dst text UUid:2b155183-718c-4853-b1b1-375b33f015e9
11-12 22:57:11 com_github_MitjaNemec_ReplicateLayout.replicate_layout 888:Replicating footprint: 'LED142'
11-12 22:57:11 com_github_MitjaNemec_ReplicateLayout.replicate_layout 835:Src fp.id: '0C09B42A-D4DF-4F87-AFF4-5296AF118FDF'
11-12 22:57:11 com_github_MitjaNemec_ReplicateLayout.replicate_layout 839:Dst fp.id: '0C09B42A-D4DF-4F87-AFF4-5296AF118FDF'
11-12 22:57:11 com_github_MitjaNemec_ReplicateLayout.replicate_layout 895:found match in dst footprint: 'LED262'
11-12 22:57:11 com_github_MitjaNemec_ReplicateLayout.replicate_layout 990:Src text UUid:9463e9d6-02d6-4857-9f39-9338e5245ef5
11-12 22:57:11 com_github_MitjaNemec_ReplicateLayout.replicate_layout 991:Dst text UUid:2502b246-1cd1-4d60-a3eb-eaef166d19af
11-12 22:57:11 com_github_MitjaNemec_ReplicateLayout.replicate_layout 990:Src text UUid:0739365c-df74-44fd-a386-04c3841e72b1
11-12 22:57:11 com_github_MitjaNemec_ReplicateLayout.replicate_layout 991:Dst text UUid:4113af7b-21f6-4235-a4b8-c55a953f007a
11-12 22:57:11 com_github_MitjaNemec_ReplicateLayout.replicate_layout 990:Src text UUid:5d666820-e369-4ddd-b676-a3f134ad7960
11-12 22:57:11 com_github_MitjaNemec_ReplicateLayout.replicate_layout 991:Dst text UUid:329cf474-d288-4ada-a01c-786c497a2378
11-12 22:57:11 com_github_MitjaNemec_ReplicateLayout.replicate_layout 888:Replicating footprint: 'LED144'
11-12 22:57:11 com_github_MitjaNemec_ReplicateLayout.replicate_layout 835:Src fp.id: '0810E186-22BD-4094-A943-28056DB37E18'
11-12 22:57:11 com_github_MitjaNemec_ReplicateLayout.replicate_layout 839:Dst fp.id: '0810E186-22BD-4094-A943-28056DB37E18'
11-12 22:57:11 com_github_MitjaNemec_ReplicateLayout.replicate_layout 895:found match in dst footprint: 'LED264'
11-12 22:57:11 com_github_MitjaNemec_ReplicateLayout.replicate_layout 990:Src text UUid:d4f51115-0b40-4019-a418-64c3b5390a72
11-12 22:57:11 com_github_MitjaNemec_ReplicateLayout.replicate_layout 991:Dst text UUid:838d44cf-9e95-42ee-ac2b-56de6c6c0cad
11-12 22:57:11 com_github_MitjaNemec_ReplicateLayout.replicate_layout 990:Src text UUid:0ff00c33-2d97-415c-a383-5b222a06a46e
11-12 22:57:11 com_github_MitjaNemec_ReplicateLayout.replicate_layout 991:Dst text UUid:cc7a532f-0257-4527-8a10-81d975e17a91
11-12 22:57:11 com_github_MitjaNemec_ReplicateLayout.replicate_layout 990:Src text UUid:dde8ebf1-c0d6-4c52-86e2-7e3a65d80d5a
11-12 22:57:11 com_github_MitjaNemec_ReplicateLayout.replicate_layout 991:Dst text UUid:91d8cb41-c85b-4cbc-a0f3-0e6eed657b86
11-12 22:57:11 com_github_MitjaNemec_ReplicateLayout.replicate_layout 870:Replicating footprints on sheet ['Bottom', 'LEDs_Bottom', 'LEDS_discreet7', 'LED_single1']
11-12 22:57:11 com_github_MitjaNemec_ReplicateLayout.replicate_layout 835:Src fp.id: '0C09B42A-D4DF-4F87-AFF4-5296AF118FDF'
11-12 22:57:11 com_github_MitjaNemec_ReplicateLayout.replicate_layout 839:Dst fp.id: '0C09B42A-D4DF-4F87-AFF4-5296AF118FDF'
11-12 22:57:11 com_github_MitjaNemec_ReplicateLayout.replicate_layout 888:Replicating footprint: 'U153'
11-12 22:57:11 com_github_MitjaNemec_ReplicateLayout.replicate_layout 835:Src fp.id: 'EB896E0D-DC1C-402A-A83E-7193E291B78E'
11-12 22:57:11 com_github_MitjaNemec_ReplicateLayout.replicate_layout 839:Dst fp.id: 'EB896E0D-DC1C-402A-A83E-7193E291B78E'
11-12 22:57:11 com_github_MitjaNemec_ReplicateLayout.replicate_layout 895:found match in dst footprint: 'U243'
11-12 22:57:11 com_github_MitjaNemec_ReplicateLayout.replicate_layout 990:Src text UUid:110b3224-b357-4118-9c08-b3fded705e4b
11-12 22:57:11 com_github_MitjaNemec_ReplicateLayout.replicate_layout 991:Dst text UUid:c6ec1bb2-56f0-4937-a279-820fb7e1bea0
11-12 22:57:11 com_github_MitjaNemec_ReplicateLayout.replicate_layout 990:Src text UUid:b9e7f770-21cd-4948-9662-6e0ac7df885e
11-12 22:57:11 com_github_MitjaNemec_ReplicateLayout.replicate_layout 991:Dst text UUid:b4c78782-7901-4480-ad94-58170e6cbaba
11-12 22:57:11 com_github_MitjaNemec_ReplicateLayout.replicate_layout 990:Src text UUid:eaba7cf7-101e-4672-ad3c-d50ac347e980
11-12 22:57:11 com_github_MitjaNemec_ReplicateLayout.replicate_layout 991:Dst text UUid:bf201f43-ddca-4255-b9c3-c53ce1053ef0
11-12 22:57:11 com_github_MitjaNemec_ReplicateLayout.replicate_layout 888:Replicating footprint: 'R196'
11-12 22:57:11 com_github_MitjaNemec_ReplicateLayout.replicate_layout 835:Src fp.id: '28A8D9BC-2140-4FD7-9BA9-4E17A2CADB20'
11-12 22:57:11 com_github_MitjaNemec_ReplicateLayout.replicate_layout 839:Dst fp.id: '28A8D9BC-2140-4FD7-9BA9-4E17A2CADB20'
11-12 22:57:11 com_github_MitjaNemec_ReplicateLayout.replicate_layout 895:found match in dst footprint: 'R319'
11-12 22:57:11 com_github_MitjaNemec_ReplicateLayout.replicate_layout 990:Src text UUid:10a75789-866c-466a-b99e-1669393a4dc9
11-12 22:57:11 com_github_MitjaNemec_ReplicateLayout.replicate_layout 991:Dst text UUid:80d3204f-191d-403b-9892-b78b914681bd
11-12 22:57:11 com_github_MitjaNemec_ReplicateLayout.replicate_layout 990:Src text UUid:26f5deef-302c-459b-9fc1-9a4618773440
11-12 22:57:11 com_github_MitjaNemec_ReplicateLayout.replicate_layout 991:Dst text UUid:87ec53f5-5698-47e7-9342-d93e4f492662
11-12 22:57:11 com_github_MitjaNemec_ReplicateLayout.replicate_layout 990:Src text UUid:a58fc8cd-c2ef-4a2e-8f35-9edf2c2f6adb
11-12 22:57:11 com_github_MitjaNemec_ReplicateLayout.replicate_layout 991:Dst text UUid:d07d4ef6-5d8b-4c6e-8a64-afdd93bdeffa
11-12 22:57:11 com_github_MitjaNemec_ReplicateLayout.replicate_layout 888:Replicating footprint: 'R197'
11-12 22:57:11 com_github_MitjaNemec_ReplicateLayout.replicate_layout 835:Src fp.id: '55391442-DACB-4265-94E5-89EFFD14C302'
11-12 22:57:11 com_github_MitjaNemec_ReplicateLayout.replicate_layout 839:Dst fp.id: '55391442-DACB-4265-94E5-89EFFD14C302'
11-12 22:57:11 com_github_MitjaNemec_ReplicateLayout.replicate_layout 895:found match in dst footprint: 'R320'
11-12 22:57:11 com_github_MitjaNemec_ReplicateLayout.replicate_layout 990:Src text UUid:6cd10716-af31-44d4-bad9-a9da97fd4924
11-12 22:57:11 com_github_MitjaNemec_ReplicateLayout.replicate_layout 991:Dst text UUid:460302d1-b6e4-48cb-8b83-86656f3fc115
11-12 22:57:11 com_github_MitjaNemec_ReplicateLayout.replicate_layout 990:Src text UUid:65380ce8-601c-4762-983f-4bdb6ed67bde
11-12 22:57:11 com_github_MitjaNemec_ReplicateLayout.replicate_layout 991:Dst text UUid:958d9940-1d4a-4753-b6e9-7594e18742fd
11-12 22:57:11 com_github_MitjaNemec_ReplicateLayout.replicate_layout 990:Src text UUid:94d012b9-077f-436c-a4d8-e5bb00c165ba
11-12 22:57:11 com_github_MitjaNemec_ReplicateLayout.replicate_layout 991:Dst text UUid:743046cb-fc4c-4ab3-857d-e52fe32e2686
11-12 22:57:11 com_github_MitjaNemec_ReplicateLayout.replicate_layout 888:Replicating footprint: 'U152'
11-12 22:57:11 com_github_MitjaNemec_ReplicateLayout.replicate_layout 835:Src fp.id: '62B3827C-A320-4AD6-A424-1485EF65900D'
11-12 22:57:11 com_github_MitjaNemec_ReplicateLayout.replicate_layout 839:Dst fp.id: '62B3827C-A320-4AD6-A424-1485EF65900D'
11-12 22:57:11 com_github_MitjaNemec_ReplicateLayout.replicate_layout 895:found match in dst footprint: 'U242'
11-12 22:57:11 com_github_MitjaNemec_ReplicateLayout.replicate_layout 990:Src text UUid:c50c72b1-94e3-4159-a219-37f741e82a7c
11-12 22:57:11 com_github_MitjaNemec_ReplicateLayout.replicate_layout 991:Dst text UUid:4576138f-1172-4b29-a8d7-c25643a20da8
11-12 22:57:11 com_github_MitjaNemec_ReplicateLayout.replicate_layout 990:Src text UUid:292e74a5-6b55-4359-be57-8b0026051126
11-12 22:57:11 com_github_MitjaNemec_ReplicateLayout.replicate_layout 991:Dst text UUid:e09dfe12-5f4f-4cf2-993d-41dd2f9c131e
11-12 22:57:11 com_github_MitjaNemec_ReplicateLayout.replicate_layout 990:Src text UUid:22c9f63c-bdf9-47e9-ae01-74d81cfbd908
11-12 22:57:11 com_github_MitjaNemec_ReplicateLayout.replicate_layout 991:Dst text UUid:7f6a9f9a-6bfa-46a7-8f3a-5c6f0f96fc44
11-12 22:57:11 com_github_MitjaNemec_ReplicateLayout.replicate_layout 888:Replicating footprint: 'R198'
11-12 22:57:11 com_github_MitjaNemec_ReplicateLayout.replicate_layout 835:Src fp.id: '2D77C678-F455-47D6-93BD-3ED95A089C96'
11-12 22:57:11 com_github_MitjaNemec_ReplicateLayout.replicate_layout 839:Dst fp.id: '2D77C678-F455-47D6-93BD-3ED95A089C96'
11-12 22:57:11 com_github_MitjaNemec_ReplicateLayout.replicate_layout 895:found match in dst footprint: 'R321'
11-12 22:57:11 com_github_MitjaNemec_ReplicateLayout.replicate_layout 990:Src text UUid:026024b2-ee3d-495c-b376-571543d60a54
11-12 22:57:11 com_github_MitjaNemec_ReplicateLayout.replicate_layout 991:Dst text UUid:ba153627-3d78-446e-8435-57aed6e36fbc
11-12 22:57:11 com_github_MitjaNemec_ReplicateLayout.replicate_layout 990:Src text UUid:23dd6946-9981-4c83-9d25-050d5e9bece6
11-12 22:57:11 com_github_MitjaNemec_ReplicateLayout.replicate_layout 991:Dst text UUid:520f4ecc-cd3f-44f5-b1ab-b569c326bb35
11-12 22:57:11 com_github_MitjaNemec_ReplicateLayout.replicate_layout 990:Src text UUid:8cb67b8b-8668-4222-8264-d0248233162e
11-12 22:57:11 com_github_MitjaNemec_ReplicateLayout.replicate_layout 991:Dst text UUid:379cb26a-fb29-4912-a2f6-08732d6cda09
11-12 22:57:11 com_github_MitjaNemec_ReplicateLayout.replicate_layout 888:Replicating footprint: 'LED143'
11-12 22:57:11 com_github_MitjaNemec_ReplicateLayout.replicate_layout 835:Src fp.id: '2ABC1D4C-0E8C-4F90-9BF0-DF151C3D99F0'
11-12 22:57:11 com_github_MitjaNemec_ReplicateLayout.replicate_layout 839:Dst fp.id: '2ABC1D4C-0E8C-4F90-9BF0-DF151C3D99F0'
11-12 22:57:11 com_github_MitjaNemec_ReplicateLayout.replicate_layout 895:found match in dst footprint: 'LED266'
11-12 22:57:11 com_github_MitjaNemec_ReplicateLayout.replicate_layout 990:Src text UUid:cb110f2a-a8eb-4aca-b5bc-ff7ccb902aef
11-12 22:57:11 com_github_MitjaNemec_ReplicateLayout.replicate_layout 991:Dst text UUid:01844a42-cfad-459d-b38b-72fd415f33c9
11-12 22:57:11 com_github_MitjaNemec_ReplicateLayout.replicate_layout 990:Src text UUid:cbc54092-ef49-4a91-b324-f6377248bdf9
11-12 22:57:11 com_github_MitjaNemec_ReplicateLayout.replicate_layout 991:Dst text UUid:d55dab63-db7f-44e1-ad60-113aaedeeb73
11-12 22:57:11 com_github_MitjaNemec_ReplicateLayout.replicate_layout 990:Src text UUid:a432e7aa-3bd5-4cba-b765-9f5f9481582e
11-12 22:57:11 com_github_MitjaNemec_ReplicateLayout.replicate_layout 991:Dst text UUid:bf4c5d5d-1ffe-4297-a573-47d313e5d922
11-12 22:57:11 com_github_MitjaNemec_ReplicateLayout.replicate_layout 888:Replicating footprint: 'LED142'
11-12 22:57:11 com_github_MitjaNemec_ReplicateLayout.replicate_layout 835:Src fp.id: '0C09B42A-D4DF-4F87-AFF4-5296AF118FDF'
11-12 22:57:11 com_github_MitjaNemec_ReplicateLayout.replicate_layout 839:Dst fp.id: '0C09B42A-D4DF-4F87-AFF4-5296AF118FDF'
11-12 22:57:11 com_github_MitjaNemec_ReplicateLayout.replicate_layout 895:found match in dst footprint: 'LED265'
11-12 22:57:11 com_github_MitjaNemec_ReplicateLayout.replicate_layout 990:Src text UUid:9463e9d6-02d6-4857-9f39-9338e5245ef5
11-12 22:57:11 com_github_MitjaNemec_ReplicateLayout.replicate_layout 991:Dst text UUid:03432227-1ff1-4c84-99b0-a445dbe16fd5
11-12 22:57:11 com_github_MitjaNemec_ReplicateLayout.replicate_layout 990:Src text UUid:0739365c-df74-44fd-a386-04c3841e72b1
11-12 22:57:11 com_github_MitjaNemec_ReplicateLayout.replicate_layout 991:Dst text UUid:3cefdc0c-0935-48b8-a034-0f68700a060c
11-12 22:57:11 com_github_MitjaNemec_ReplicateLayout.replicate_layout 990:Src text UUid:5d666820-e369-4ddd-b676-a3f134ad7960
11-12 22:57:11 com_github_MitjaNemec_ReplicateLayout.replicate_layout 991:Dst text UUid:fa9ee661-7b8f-44ce-bf50-e521cdc25cc9
11-12 22:57:11 com_github_MitjaNemec_ReplicateLayout.replicate_layout 888:Replicating footprint: 'LED144'
11-12 22:57:11 com_github_MitjaNemec_ReplicateLayout.replicate_layout 835:Src fp.id: '0810E186-22BD-4094-A943-28056DB37E18'
11-12 22:57:11 com_github_MitjaNemec_ReplicateLayout.replicate_layout 839:Dst fp.id: '0810E186-22BD-4094-A943-28056DB37E18'
11-12 22:57:11 com_github_MitjaNemec_ReplicateLayout.replicate_layout 895:found match in dst footprint: 'LED267'
11-12 22:57:11 com_github_MitjaNemec_ReplicateLayout.replicate_layout 990:Src text UUid:d4f51115-0b40-4019-a418-64c3b5390a72
11-12 22:57:11 com_github_MitjaNemec_ReplicateLayout.replicate_layout 991:Dst text UUid:afa0ba9b-b4a1-4ff6-b3eb-f400ecf93ff8
11-12 22:57:11 com_github_MitjaNemec_ReplicateLayout.replicate_layout 990:Src text UUid:0ff00c33-2d97-415c-a383-5b222a06a46e
11-12 22:57:11 com_github_MitjaNemec_ReplicateLayout.replicate_layout 991:Dst text UUid:dc350ef0-7869-4c78-a0a8-8416c2dd696b
11-12 22:57:11 com_github_MitjaNemec_ReplicateLayout.replicate_layout 990:Src text UUid:dde8ebf1-c0d6-4c52-86e2-7e3a65d80d5a
11-12 22:57:11 com_github_MitjaNemec_ReplicateLayout.replicate_layout 991:Dst text UUid:7164b992-0d0a-46a9-b0dc-3830ac91c242
11-12 22:57:11 com_github_MitjaNemec_ReplicateLayout.replicate_layout 870:Replicating footprints on sheet ['Bottom', 'LEDs_Bottom', 'LEDS_discreet7', 'LED_single2']
11-12 22:57:11 com_github_MitjaNemec_ReplicateLayout.replicate_layout 835:Src fp.id: '0C09B42A-D4DF-4F87-AFF4-5296AF118FDF'
11-12 22:57:11 com_github_MitjaNemec_ReplicateLayout.replicate_layout 839:Dst fp.id: '0C09B42A-D4DF-4F87-AFF4-5296AF118FDF'
11-12 22:57:11 com_github_MitjaNemec_ReplicateLayout.replicate_layout 888:Replicating footprint: 'U153'
11-12 22:57:11 com_github_MitjaNemec_ReplicateLayout.replicate_layout 835:Src fp.id: 'EB896E0D-DC1C-402A-A83E-7193E291B78E'
11-12 22:57:11 com_github_MitjaNemec_ReplicateLayout.replicate_layout 839:Dst fp.id: 'EB896E0D-DC1C-402A-A83E-7193E291B78E'
11-12 22:57:11 com_github_MitjaNemec_ReplicateLayout.replicate_layout 895:found match in dst footprint: 'U245'
11-12 22:57:11 com_github_MitjaNemec_ReplicateLayout.replicate_layout 990:Src text UUid:110b3224-b357-4118-9c08-b3fded705e4b
11-12 22:57:11 com_github_MitjaNemec_ReplicateLayout.replicate_layout 991:Dst text UUid:8197f779-65d5-4c6b-b9fc-b40f8b8ac601
11-12 22:57:11 com_github_MitjaNemec_ReplicateLayout.replicate_layout 990:Src text UUid:b9e7f770-21cd-4948-9662-6e0ac7df885e
11-12 22:57:11 com_github_MitjaNemec_ReplicateLayout.replicate_layout 991:Dst text UUid:5e50a867-a887-4f04-88b7-20e802bb0052
11-12 22:57:11 com_github_MitjaNemec_ReplicateLayout.replicate_layout 990:Src text UUid:eaba7cf7-101e-4672-ad3c-d50ac347e980
11-12 22:57:11 com_github_MitjaNemec_ReplicateLayout.replicate_layout 991:Dst text UUid:691fb571-d401-4aa8-b08d-52f2b53b1d7d
11-12 22:57:11 com_github_MitjaNemec_ReplicateLayout.replicate_layout 888:Replicating footprint: 'R196'
11-12 22:57:11 root 345:updating GUI with: 41
11-12 22:57:11 com_github_MitjaNemec_ReplicateLayout.replicate_layout 835:Src fp.id: '28A8D9BC-2140-4FD7-9BA9-4E17A2CADB20'
11-12 22:57:11 com_github_MitjaNemec_ReplicateLayout.replicate_layout 839:Dst fp.id: '28A8D9BC-2140-4FD7-9BA9-4E17A2CADB20'
11-12 22:57:11 com_github_MitjaNemec_ReplicateLayout.replicate_layout 895:found match in dst footprint: 'R322'
11-12 22:57:11 com_github_MitjaNemec_ReplicateLayout.replicate_layout 990:Src text UUid:10a75789-866c-466a-b99e-1669393a4dc9
11-12 22:57:11 com_github_MitjaNemec_ReplicateLayout.replicate_layout 991:Dst text UUid:bc8df73e-8aed-413a-873e-1b32141bf98a
11-12 22:57:11 com_github_MitjaNemec_ReplicateLayout.replicate_layout 990:Src text UUid:26f5deef-302c-459b-9fc1-9a4618773440
11-12 22:57:11 com_github_MitjaNemec_ReplicateLayout.replicate_layout 991:Dst text UUid:d767f57d-054c-4c93-a2e0-6bfa26c8c1db
11-12 22:57:11 com_github_MitjaNemec_ReplicateLayout.replicate_layout 990:Src text UUid:a58fc8cd-c2ef-4a2e-8f35-9edf2c2f6adb
11-12 22:57:11 com_github_MitjaNemec_ReplicateLayout.replicate_layout 991:Dst text UUid:dc62c31b-9c60-4751-8aaa-bc1e08bd060c
11-12 22:57:11 com_github_MitjaNemec_ReplicateLayout.replicate_layout 888:Replicating footprint: 'R197'
11-12 22:57:11 com_github_MitjaNemec_ReplicateLayout.replicate_layout 835:Src fp.id: '55391442-DACB-4265-94E5-89EFFD14C302'
11-12 22:57:11 com_github_MitjaNemec_ReplicateLayout.replicate_layout 839:Dst fp.id: '55391442-DACB-4265-94E5-89EFFD14C302'
11-12 22:57:11 com_github_MitjaNemec_ReplicateLayout.replicate_layout 895:found match in dst footprint: 'R323'
11-12 22:57:11 com_github_MitjaNemec_ReplicateLayout.replicate_layout 990:Src text UUid:6cd10716-af31-44d4-bad9-a9da97fd4924
11-12 22:57:11 com_github_MitjaNemec_ReplicateLayout.replicate_layout 991:Dst text UUid:82049acf-75c4-4d3c-916a-c8a964c34310
11-12 22:57:11 com_github_MitjaNemec_ReplicateLayout.replicate_layout 990:Src text UUid:65380ce8-601c-4762-983f-4bdb6ed67bde
11-12 22:57:11 com_github_MitjaNemec_ReplicateLayout.replicate_layout 991:Dst text UUid:a7395367-b37d-42e4-9512-52f7e39d15b2
11-12 22:57:11 com_github_MitjaNemec_ReplicateLayout.replicate_layout 990:Src text UUid:94d012b9-077f-436c-a4d8-e5bb00c165ba
11-12 22:57:11 com_github_MitjaNemec_ReplicateLayout.replicate_layout 991:Dst text UUid:7c4ec0a6-57b7-4f0c-a6d8-72e100d8fd91
11-12 22:57:11 com_github_MitjaNemec_ReplicateLayout.replicate_layout 888:Replicating footprint: 'U152'
11-12 22:57:11 com_github_MitjaNemec_ReplicateLayout.replicate_layout 835:Src fp.id: '62B3827C-A320-4AD6-A424-1485EF65900D'
11-12 22:57:11 com_github_MitjaNemec_ReplicateLayout.replicate_layout 839:Dst fp.id: '62B3827C-A320-4AD6-A424-1485EF65900D'
11-12 22:57:11 com_github_MitjaNemec_ReplicateLayout.replicate_layout 895:found match in dst footprint: 'U244'
11-12 22:57:11 com_github_MitjaNemec_ReplicateLayout.replicate_layout 990:Src text UUid:c50c72b1-94e3-4159-a219-37f741e82a7c
11-12 22:57:11 com_github_MitjaNemec_ReplicateLayout.replicate_layout 991:Dst text UUid:fe86eb0e-f731-46ff-9895-0e3349c75aa1
11-12 22:57:11 com_github_MitjaNemec_ReplicateLayout.replicate_layout 990:Src text UUid:292e74a5-6b55-4359-be57-8b0026051126
11-12 22:57:11 com_github_MitjaNemec_ReplicateLayout.replicate_layout 991:Dst text UUid:91aa075e-93c4-44df-bc77-2b92c445af95
11-12 22:57:11 com_github_MitjaNemec_ReplicateLayout.replicate_layout 990:Src text UUid:22c9f63c-bdf9-47e9-ae01-74d81cfbd908
11-12 22:57:11 com_github_MitjaNemec_ReplicateLayout.replicate_layout 991:Dst text UUid:3b859e45-7bae-4773-a517-d437d054197e
11-12 22:57:11 com_github_MitjaNemec_ReplicateLayout.replicate_layout 888:Replicating footprint: 'R198'
11-12 22:57:11 com_github_MitjaNemec_ReplicateLayout.replicate_layout 835:Src fp.id: '2D77C678-F455-47D6-93BD-3ED95A089C96'
11-12 22:57:11 com_github_MitjaNemec_ReplicateLayout.replicate_layout 839:Dst fp.id: '2D77C678-F455-47D6-93BD-3ED95A089C96'
11-12 22:57:11 com_github_MitjaNemec_ReplicateLayout.replicate_layout 895:found match in dst footprint: 'R324'
11-12 22:57:11 com_github_MitjaNemec_ReplicateLayout.replicate_layout 990:Src text UUid:026024b2-ee3d-495c-b376-571543d60a54
11-12 22:57:11 com_github_MitjaNemec_ReplicateLayout.replicate_layout 991:Dst text UUid:18335a89-2cad-494f-a12e-ff20408580a3
11-12 22:57:11 com_github_MitjaNemec_ReplicateLayout.replicate_layout 990:Src text UUid:23dd6946-9981-4c83-9d25-050d5e9bece6
11-12 22:57:11 com_github_MitjaNemec_ReplicateLayout.replicate_layout 991:Dst text UUid:eb22f794-569d-466c-8eaf-9fb25260bbf8
11-12 22:57:11 com_github_MitjaNemec_ReplicateLayout.replicate_layout 990:Src text UUid:8cb67b8b-8668-4222-8264-d0248233162e
11-12 22:57:11 com_github_MitjaNemec_ReplicateLayout.replicate_layout 991:Dst text UUid:55cc2165-cc03-4511-b0d4-a4eeaf63e639
11-12 22:57:11 com_github_MitjaNemec_ReplicateLayout.replicate_layout 888:Replicating footprint: 'LED143'
11-12 22:57:11 com_github_MitjaNemec_ReplicateLayout.replicate_layout 835:Src fp.id: '2ABC1D4C-0E8C-4F90-9BF0-DF151C3D99F0'
11-12 22:57:11 com_github_MitjaNemec_ReplicateLayout.replicate_layout 839:Dst fp.id: '2ABC1D4C-0E8C-4F90-9BF0-DF151C3D99F0'
11-12 22:57:11 com_github_MitjaNemec_ReplicateLayout.replicate_layout 895:found match in dst footprint: 'LED269'
11-12 22:57:11 com_github_MitjaNemec_ReplicateLayout.replicate_layout 990:Src text UUid:cb110f2a-a8eb-4aca-b5bc-ff7ccb902aef
11-12 22:57:11 com_github_MitjaNemec_ReplicateLayout.replicate_layout 991:Dst text UUid:e77e8e49-143d-4a3f-afb1-6a5cf0577af7
11-12 22:57:11 com_github_MitjaNemec_ReplicateLayout.replicate_layout 990:Src text UUid:cbc54092-ef49-4a91-b324-f6377248bdf9
11-12 22:57:11 com_github_MitjaNemec_ReplicateLayout.replicate_layout 991:Dst text UUid:17d26086-5170-4ea4-9b3b-961684d7560d
11-12 22:57:11 com_github_MitjaNemec_ReplicateLayout.replicate_layout 990:Src text UUid:a432e7aa-3bd5-4cba-b765-9f5f9481582e
11-12 22:57:11 com_github_MitjaNemec_ReplicateLayout.replicate_layout 991:Dst text UUid:57fdc07f-c88e-40ed-adbf-d87c4a9e92ff
11-12 22:57:11 com_github_MitjaNemec_ReplicateLayout.replicate_layout 888:Replicating footprint: 'LED142'
11-12 22:57:11 com_github_MitjaNemec_ReplicateLayout.replicate_layout 835:Src fp.id: '0C09B42A-D4DF-4F87-AFF4-5296AF118FDF'
11-12 22:57:11 com_github_MitjaNemec_ReplicateLayout.replicate_layout 839:Dst fp.id: '0C09B42A-D4DF-4F87-AFF4-5296AF118FDF'
11-12 22:57:11 com_github_MitjaNemec_ReplicateLayout.replicate_layout 895:found match in dst footprint: 'LED268'
11-12 22:57:11 com_github_MitjaNemec_ReplicateLayout.replicate_layout 990:Src text UUid:9463e9d6-02d6-4857-9f39-9338e5245ef5
11-12 22:57:11 com_github_MitjaNemec_ReplicateLayout.replicate_layout 991:Dst text UUid:d9da96ae-275d-4a78-9712-025e73041ca1
11-12 22:57:11 com_github_MitjaNemec_ReplicateLayout.replicate_layout 990:Src text UUid:0739365c-df74-44fd-a386-04c3841e72b1
11-12 22:57:11 com_github_MitjaNemec_ReplicateLayout.replicate_layout 991:Dst text UUid:f2f2f0f4-32c4-40a1-8b93-0f3374e9a4da
11-12 22:57:11 com_github_MitjaNemec_ReplicateLayout.replicate_layout 990:Src text UUid:5d666820-e369-4ddd-b676-a3f134ad7960
11-12 22:57:11 com_github_MitjaNemec_ReplicateLayout.replicate_layout 991:Dst text UUid:15184bd2-962e-49e3-97ee-47ffb9ec4e34
11-12 22:57:11 com_github_MitjaNemec_ReplicateLayout.replicate_layout 888:Replicating footprint: 'LED144'
11-12 22:57:11 com_github_MitjaNemec_ReplicateLayout.replicate_layout 835:Src fp.id: '0810E186-22BD-4094-A943-28056DB37E18'
11-12 22:57:11 com_github_MitjaNemec_ReplicateLayout.replicate_layout 839:Dst fp.id: '0810E186-22BD-4094-A943-28056DB37E18'
11-12 22:57:11 com_github_MitjaNemec_ReplicateLayout.replicate_layout 895:found match in dst footprint: 'LED270'
11-12 22:57:11 com_github_MitjaNemec_ReplicateLayout.replicate_layout 990:Src text UUid:d4f51115-0b40-4019-a418-64c3b5390a72
11-12 22:57:11 com_github_MitjaNemec_ReplicateLayout.replicate_layout 991:Dst text UUid:067286de-0f6c-4a72-9329-137a2b82d2ae
11-12 22:57:11 com_github_MitjaNemec_ReplicateLayout.replicate_layout 990:Src text UUid:0ff00c33-2d97-415c-a383-5b222a06a46e
11-12 22:57:11 com_github_MitjaNemec_ReplicateLayout.replicate_layout 991:Dst text UUid:a0787cf5-b136-4c77-b5e1-f0a69ac93f27
11-12 22:57:11 com_github_MitjaNemec_ReplicateLayout.replicate_layout 990:Src text UUid:dde8ebf1-c0d6-4c52-86e2-7e3a65d80d5a
11-12 22:57:11 com_github_MitjaNemec_ReplicateLayout.replicate_layout 991:Dst text UUid:8255d831-1827-4a60-a795-da6acadb15f9
11-12 22:57:11 com_github_MitjaNemec_ReplicateLayout.replicate_layout 870:Replicating footprints on sheet ['Bottom', 'LEDs_Bottom', 'LEDS_discreet7', 'LED_single3']
11-12 22:57:11 com_github_MitjaNemec_ReplicateLayout.replicate_layout 835:Src fp.id: '0C09B42A-D4DF-4F87-AFF4-5296AF118FDF'
11-12 22:57:11 com_github_MitjaNemec_ReplicateLayout.replicate_layout 839:Dst fp.id: '0C09B42A-D4DF-4F87-AFF4-5296AF118FDF'
11-12 22:57:11 com_github_MitjaNemec_ReplicateLayout.replicate_layout 888:Replicating footprint: 'U153'
11-12 22:57:11 com_github_MitjaNemec_ReplicateLayout.replicate_layout 835:Src fp.id: 'EB896E0D-DC1C-402A-A83E-7193E291B78E'
11-12 22:57:11 com_github_MitjaNemec_ReplicateLayout.replicate_layout 839:Dst fp.id: 'EB896E0D-DC1C-402A-A83E-7193E291B78E'
11-12 22:57:11 com_github_MitjaNemec_ReplicateLayout.replicate_layout 895:found match in dst footprint: 'U247'
11-12 22:57:11 com_github_MitjaNemec_ReplicateLayout.replicate_layout 990:Src text UUid:110b3224-b357-4118-9c08-b3fded705e4b
11-12 22:57:11 com_github_MitjaNemec_ReplicateLayout.replicate_layout 991:Dst text UUid:0b949de2-65da-481a-9bff-39aa00fb687a
11-12 22:57:11 com_github_MitjaNemec_ReplicateLayout.replicate_layout 990:Src text UUid:b9e7f770-21cd-4948-9662-6e0ac7df885e
11-12 22:57:11 com_github_MitjaNemec_ReplicateLayout.replicate_layout 991:Dst text UUid:d0bc170f-f02e-43bf-a797-2c8156da47c1
11-12 22:57:11 com_github_MitjaNemec_ReplicateLayout.replicate_layout 990:Src text UUid:eaba7cf7-101e-4672-ad3c-d50ac347e980
11-12 22:57:11 com_github_MitjaNemec_ReplicateLayout.replicate_layout 991:Dst text UUid:d30e9c61-7aab-4364-8bba-000a1561ff92
11-12 22:57:11 com_github_MitjaNemec_ReplicateLayout.replicate_layout 888:Replicating footprint: 'R196'
11-12 22:57:11 com_github_MitjaNemec_ReplicateLayout.replicate_layout 835:Src fp.id: '28A8D9BC-2140-4FD7-9BA9-4E17A2CADB20'
11-12 22:57:11 com_github_MitjaNemec_ReplicateLayout.replicate_layout 839:Dst fp.id: '28A8D9BC-2140-4FD7-9BA9-4E17A2CADB20'
11-12 22:57:11 com_github_MitjaNemec_ReplicateLayout.replicate_layout 895:found match in dst footprint: 'R325'
11-12 22:57:11 com_github_MitjaNemec_ReplicateLayout.replicate_layout 990:Src text UUid:10a75789-866c-466a-b99e-1669393a4dc9
11-12 22:57:11 com_github_MitjaNemec_ReplicateLayout.replicate_layout 991:Dst text UUid:e2fab961-2117-4595-a96f-e364afdfb1ea
11-12 22:57:11 com_github_MitjaNemec_ReplicateLayout.replicate_layout 990:Src text UUid:26f5deef-302c-459b-9fc1-9a4618773440
11-12 22:57:11 com_github_MitjaNemec_ReplicateLayout.replicate_layout 991:Dst text UUid:bdb9cca9-08c4-4a4a-83c0-697af536136e
11-12 22:57:11 com_github_MitjaNemec_ReplicateLayout.replicate_layout 990:Src text UUid:a58fc8cd-c2ef-4a2e-8f35-9edf2c2f6adb
11-12 22:57:11 com_github_MitjaNemec_ReplicateLayout.replicate_layout 991:Dst text UUid:82258e28-d01c-4e34-9aa0-dff2766948fa
11-12 22:57:11 com_github_MitjaNemec_ReplicateLayout.replicate_layout 888:Replicating footprint: 'R197'
11-12 22:57:11 com_github_MitjaNemec_ReplicateLayout.replicate_layout 835:Src fp.id: '55391442-DACB-4265-94E5-89EFFD14C302'
11-12 22:57:11 com_github_MitjaNemec_ReplicateLayout.replicate_layout 839:Dst fp.id: '55391442-DACB-4265-94E5-89EFFD14C302'
11-12 22:57:11 com_github_MitjaNemec_ReplicateLayout.replicate_layout 895:found match in dst footprint: 'R326'
11-12 22:57:11 com_github_MitjaNemec_ReplicateLayout.replicate_layout 990:Src text UUid:6cd10716-af31-44d4-bad9-a9da97fd4924
11-12 22:57:11 com_github_MitjaNemec_ReplicateLayout.replicate_layout 991:Dst text UUid:eeced7f0-7ca0-43ea-ad3d-d927d3f4496a
11-12 22:57:11 com_github_MitjaNemec_ReplicateLayout.replicate_layout 990:Src text UUid:65380ce8-601c-4762-983f-4bdb6ed67bde
11-12 22:57:11 com_github_MitjaNemec_ReplicateLayout.replicate_layout 991:Dst text UUid:072ab94e-1eff-4665-8354-d5e1b36ef37d
11-12 22:57:11 com_github_MitjaNemec_ReplicateLayout.replicate_layout 990:Src text UUid:94d012b9-077f-436c-a4d8-e5bb00c165ba
11-12 22:57:11 com_github_MitjaNemec_ReplicateLayout.replicate_layout 991:Dst text UUid:2ed63141-2038-428d-a127-16d1e71af499
11-12 22:57:11 com_github_MitjaNemec_ReplicateLayout.replicate_layout 888:Replicating footprint: 'U152'
11-12 22:57:11 com_github_MitjaNemec_ReplicateLayout.replicate_layout 835:Src fp.id: '62B3827C-A320-4AD6-A424-1485EF65900D'
11-12 22:57:11 com_github_MitjaNemec_ReplicateLayout.replicate_layout 839:Dst fp.id: '62B3827C-A320-4AD6-A424-1485EF65900D'
11-12 22:57:11 com_github_MitjaNemec_ReplicateLayout.replicate_layout 895:found match in dst footprint: 'U246'
11-12 22:57:11 com_github_MitjaNemec_ReplicateLayout.replicate_layout 990:Src text UUid:c50c72b1-94e3-4159-a219-37f741e82a7c
11-12 22:57:11 com_github_MitjaNemec_ReplicateLayout.replicate_layout 991:Dst text UUid:db37ce9d-176a-4a2b-a902-ae77a869d0fd
11-12 22:57:11 com_github_MitjaNemec_ReplicateLayout.replicate_layout 990:Src text UUid:292e74a5-6b55-4359-be57-8b0026051126
11-12 22:57:11 com_github_MitjaNemec_ReplicateLayout.replicate_layout 991:Dst text UUid:515cf6a1-b5ce-484a-8480-8cae2549926b
11-12 22:57:11 com_github_MitjaNemec_ReplicateLayout.replicate_layout 990:Src text UUid:22c9f63c-bdf9-47e9-ae01-74d81cfbd908
11-12 22:57:11 com_github_MitjaNemec_ReplicateLayout.replicate_layout 991:Dst text UUid:75b9bfdf-4b84-412c-ba5d-47d8a89a11d1
11-12 22:57:11 com_github_MitjaNemec_ReplicateLayout.replicate_layout 888:Replicating footprint: 'R198'
11-12 22:57:11 com_github_MitjaNemec_ReplicateLayout.replicate_layout 835:Src fp.id: '2D77C678-F455-47D6-93BD-3ED95A089C96'
11-12 22:57:11 com_github_MitjaNemec_ReplicateLayout.replicate_layout 839:Dst fp.id: '2D77C678-F455-47D6-93BD-3ED95A089C96'
11-12 22:57:11 com_github_MitjaNemec_ReplicateLayout.replicate_layout 895:found match in dst footprint: 'R327'
11-12 22:57:11 com_github_MitjaNemec_ReplicateLayout.replicate_layout 990:Src text UUid:026024b2-ee3d-495c-b376-571543d60a54
11-12 22:57:11 com_github_MitjaNemec_ReplicateLayout.replicate_layout 991:Dst text UUid:24740b0b-fb28-4ee2-9ba6-33c3eb6e0c74
11-12 22:57:11 com_github_MitjaNemec_ReplicateLayout.replicate_layout 990:Src text UUid:23dd6946-9981-4c83-9d25-050d5e9bece6
11-12 22:57:11 com_github_MitjaNemec_ReplicateLayout.replicate_layout 991:Dst text UUid:1be5637b-19ec-4060-8427-8793c0054aad
11-12 22:57:11 com_github_MitjaNemec_ReplicateLayout.replicate_layout 990:Src text UUid:8cb67b8b-8668-4222-8264-d0248233162e
11-12 22:57:11 com_github_MitjaNemec_ReplicateLayout.replicate_layout 991:Dst text UUid:b6d1d773-afb0-42f5-b78c-5c8f3d751bf3
11-12 22:57:11 com_github_MitjaNemec_ReplicateLayout.replicate_layout 888:Replicating footprint: 'LED143'
11-12 22:57:11 com_github_MitjaNemec_ReplicateLayout.replicate_layout 835:Src fp.id: '2ABC1D4C-0E8C-4F90-9BF0-DF151C3D99F0'
11-12 22:57:11 com_github_MitjaNemec_ReplicateLayout.replicate_layout 839:Dst fp.id: '2ABC1D4C-0E8C-4F90-9BF0-DF151C3D99F0'
11-12 22:57:11 com_github_MitjaNemec_ReplicateLayout.replicate_layout 895:found match in dst footprint: 'LED272'
11-12 22:57:11 com_github_MitjaNemec_ReplicateLayout.replicate_layout 990:Src text UUid:cb110f2a-a8eb-4aca-b5bc-ff7ccb902aef
11-12 22:57:11 com_github_MitjaNemec_ReplicateLayout.replicate_layout 991:Dst text UUid:ed3446c3-8517-4126-a21a-62d8a0a1cd3d
11-12 22:57:11 com_github_MitjaNemec_ReplicateLayout.replicate_layout 990:Src text UUid:cbc54092-ef49-4a91-b324-f6377248bdf9
11-12 22:57:11 com_github_MitjaNemec_ReplicateLayout.replicate_layout 991:Dst text UUid:4f7ac7dc-f932-466d-8443-bb0ebc604512
11-12 22:57:11 com_github_MitjaNemec_ReplicateLayout.replicate_layout 990:Src text UUid:a432e7aa-3bd5-4cba-b765-9f5f9481582e
11-12 22:57:11 com_github_MitjaNemec_ReplicateLayout.replicate_layout 991:Dst text UUid:c9d08961-74a2-4a8f-ad70-14a197b451d1
11-12 22:57:11 com_github_MitjaNemec_ReplicateLayout.replicate_layout 888:Replicating footprint: 'LED142'
11-12 22:57:11 com_github_MitjaNemec_ReplicateLayout.replicate_layout 835:Src fp.id: '0C09B42A-D4DF-4F87-AFF4-5296AF118FDF'
11-12 22:57:11 com_github_MitjaNemec_ReplicateLayout.replicate_layout 839:Dst fp.id: '0C09B42A-D4DF-4F87-AFF4-5296AF118FDF'
11-12 22:57:11 com_github_MitjaNemec_ReplicateLayout.replicate_layout 895:found match in dst footprint: 'LED271'
11-12 22:57:11 com_github_MitjaNemec_ReplicateLayout.replicate_layout 990:Src text UUid:9463e9d6-02d6-4857-9f39-9338e5245ef5
11-12 22:57:11 com_github_MitjaNemec_ReplicateLayout.replicate_layout 991:Dst text UUid:3bb1925f-bb2e-4cdf-a272-7cb8dfbb5864
11-12 22:57:11 com_github_MitjaNemec_ReplicateLayout.replicate_layout 990:Src text UUid:0739365c-df74-44fd-a386-04c3841e72b1
11-12 22:57:11 com_github_MitjaNemec_ReplicateLayout.replicate_layout 991:Dst text UUid:96239fc5-681e-4f98-9fae-1bd00d8ef824
11-12 22:57:11 com_github_MitjaNemec_ReplicateLayout.replicate_layout 990:Src text UUid:5d666820-e369-4ddd-b676-a3f134ad7960
11-12 22:57:11 com_github_MitjaNemec_ReplicateLayout.replicate_layout 991:Dst text UUid:475ffe17-f888-4636-880d-5be6a9a2b2da
11-12 22:57:11 com_github_MitjaNemec_ReplicateLayout.replicate_layout 888:Replicating footprint: 'LED144'
11-12 22:57:11 com_github_MitjaNemec_ReplicateLayout.replicate_layout 835:Src fp.id: '0810E186-22BD-4094-A943-28056DB37E18'
11-12 22:57:11 com_github_MitjaNemec_ReplicateLayout.replicate_layout 839:Dst fp.id: '0810E186-22BD-4094-A943-28056DB37E18'
11-12 22:57:11 com_github_MitjaNemec_ReplicateLayout.replicate_layout 895:found match in dst footprint: 'LED273'
11-12 22:57:11 com_github_MitjaNemec_ReplicateLayout.replicate_layout 990:Src text UUid:d4f51115-0b40-4019-a418-64c3b5390a72
11-12 22:57:11 com_github_MitjaNemec_ReplicateLayout.replicate_layout 991:Dst text UUid:42b7bdb8-c300-445d-bcc0-c5e920820a69
11-12 22:57:11 com_github_MitjaNemec_ReplicateLayout.replicate_layout 990:Src text UUid:0ff00c33-2d97-415c-a383-5b222a06a46e
11-12 22:57:11 com_github_MitjaNemec_ReplicateLayout.replicate_layout 991:Dst text UUid:4bd74b3e-a5f7-4c83-a397-c3df0103330c
11-12 22:57:11 com_github_MitjaNemec_ReplicateLayout.replicate_layout 990:Src text UUid:dde8ebf1-c0d6-4c52-86e2-7e3a65d80d5a
11-12 22:57:11 com_github_MitjaNemec_ReplicateLayout.replicate_layout 991:Dst text UUid:9fb34ef2-e667-46cd-bc26-80039efedc7d
11-12 22:57:11 com_github_MitjaNemec_ReplicateLayout.replicate_layout 870:Replicating footprints on sheet ['Bottom', 'LEDs_Bottom', 'LEDS_discreet8', 'LED_single']
11-12 22:57:11 com_github_MitjaNemec_ReplicateLayout.replicate_layout 835:Src fp.id: '0C09B42A-D4DF-4F87-AFF4-5296AF118FDF'
11-12 22:57:11 com_github_MitjaNemec_ReplicateLayout.replicate_layout 839:Dst fp.id: '0C09B42A-D4DF-4F87-AFF4-5296AF118FDF'
11-12 22:57:11 com_github_MitjaNemec_ReplicateLayout.replicate_layout 888:Replicating footprint: 'U153'
11-12 22:57:11 com_github_MitjaNemec_ReplicateLayout.replicate_layout 835:Src fp.id: 'EB896E0D-DC1C-402A-A83E-7193E291B78E'
11-12 22:57:11 com_github_MitjaNemec_ReplicateLayout.replicate_layout 839:Dst fp.id: 'EB896E0D-DC1C-402A-A83E-7193E291B78E'
11-12 22:57:11 com_github_MitjaNemec_ReplicateLayout.replicate_layout 895:found match in dst footprint: 'U259'
11-12 22:57:11 com_github_MitjaNemec_ReplicateLayout.replicate_layout 990:Src text UUid:110b3224-b357-4118-9c08-b3fded705e4b
11-12 22:57:11 com_github_MitjaNemec_ReplicateLayout.replicate_layout 991:Dst text UUid:e885dae7-908a-4725-9989-1fc785e1c373
11-12 22:57:11 com_github_MitjaNemec_ReplicateLayout.replicate_layout 990:Src text UUid:b9e7f770-21cd-4948-9662-6e0ac7df885e
11-12 22:57:11 com_github_MitjaNemec_ReplicateLayout.replicate_layout 991:Dst text UUid:47777320-8e7a-4647-9fc9-0f80a79a7be7
11-12 22:57:11 com_github_MitjaNemec_ReplicateLayout.replicate_layout 990:Src text UUid:eaba7cf7-101e-4672-ad3c-d50ac347e980
11-12 22:57:11 com_github_MitjaNemec_ReplicateLayout.replicate_layout 991:Dst text UUid:358e419b-11f8-45ab-b027-511673107597
11-12 22:57:11 com_github_MitjaNemec_ReplicateLayout.replicate_layout 888:Replicating footprint: 'R196'
11-12 22:57:11 root 345:updating GUI with: 44
11-12 22:57:11 com_github_MitjaNemec_ReplicateLayout.replicate_layout 835:Src fp.id: '28A8D9BC-2140-4FD7-9BA9-4E17A2CADB20'
11-12 22:57:11 com_github_MitjaNemec_ReplicateLayout.replicate_layout 839:Dst fp.id: '28A8D9BC-2140-4FD7-9BA9-4E17A2CADB20'
11-12 22:57:11 com_github_MitjaNemec_ReplicateLayout.replicate_layout 895:found match in dst footprint: 'R340'
11-12 22:57:11 com_github_MitjaNemec_ReplicateLayout.replicate_layout 990:Src text UUid:10a75789-866c-466a-b99e-1669393a4dc9
11-12 22:57:11 com_github_MitjaNemec_ReplicateLayout.replicate_layout 991:Dst text UUid:a83e4b4e-76bc-47a4-a969-2781a4e54a78
11-12 22:57:11 com_github_MitjaNemec_ReplicateLayout.replicate_layout 990:Src text UUid:26f5deef-302c-459b-9fc1-9a4618773440
11-12 22:57:11 com_github_MitjaNemec_ReplicateLayout.replicate_layout 991:Dst text UUid:d24fe339-92c7-42b6-9a91-7e23e21d6687
11-12 22:57:11 com_github_MitjaNemec_ReplicateLayout.replicate_layout 990:Src text UUid:a58fc8cd-c2ef-4a2e-8f35-9edf2c2f6adb
11-12 22:57:11 com_github_MitjaNemec_ReplicateLayout.replicate_layout 991:Dst text UUid:68bb2fd7-51d7-444e-a4c5-23d20ff68d8f
11-12 22:57:11 com_github_MitjaNemec_ReplicateLayout.replicate_layout 888:Replicating footprint: 'R197'
11-12 22:57:11 com_github_MitjaNemec_ReplicateLayout.replicate_layout 835:Src fp.id: '55391442-DACB-4265-94E5-89EFFD14C302'
11-12 22:57:11 com_github_MitjaNemec_ReplicateLayout.replicate_layout 839:Dst fp.id: '55391442-DACB-4265-94E5-89EFFD14C302'
11-12 22:57:11 com_github_MitjaNemec_ReplicateLayout.replicate_layout 895:found match in dst footprint: 'R341'
11-12 22:57:11 com_github_MitjaNemec_ReplicateLayout.replicate_layout 990:Src text UUid:6cd10716-af31-44d4-bad9-a9da97fd4924
11-12 22:57:11 com_github_MitjaNemec_ReplicateLayout.replicate_layout 991:Dst text UUid:4342516c-5892-49ce-9be0-c00c5a1a6b09
11-12 22:57:11 com_github_MitjaNemec_ReplicateLayout.replicate_layout 990:Src text UUid:65380ce8-601c-4762-983f-4bdb6ed67bde
11-12 22:57:11 com_github_MitjaNemec_ReplicateLayout.replicate_layout 991:Dst text UUid:0f20f6ce-a93b-4aa1-9e4a-30548019a576
11-12 22:57:11 com_github_MitjaNemec_ReplicateLayout.replicate_layout 990:Src text UUid:94d012b9-077f-436c-a4d8-e5bb00c165ba
11-12 22:57:11 com_github_MitjaNemec_ReplicateLayout.replicate_layout 991:Dst text UUid:b31ed98d-b5fb-41ab-bfac-f51af22c7208
11-12 22:57:11 com_github_MitjaNemec_ReplicateLayout.replicate_layout 888:Replicating footprint: 'U152'
11-12 22:57:11 com_github_MitjaNemec_ReplicateLayout.replicate_layout 835:Src fp.id: '62B3827C-A320-4AD6-A424-1485EF65900D'
11-12 22:57:11 com_github_MitjaNemec_ReplicateLayout.replicate_layout 839:Dst fp.id: '62B3827C-A320-4AD6-A424-1485EF65900D'
11-12 22:57:11 com_github_MitjaNemec_ReplicateLayout.replicate_layout 895:found match in dst footprint: 'U258'
11-12 22:57:11 com_github_MitjaNemec_ReplicateLayout.replicate_layout 990:Src text UUid:c50c72b1-94e3-4159-a219-37f741e82a7c
11-12 22:57:11 com_github_MitjaNemec_ReplicateLayout.replicate_layout 991:Dst text UUid:4b97d126-704e-419f-95a4-2d75b93f87de
11-12 22:57:11 com_github_MitjaNemec_ReplicateLayout.replicate_layout 990:Src text UUid:292e74a5-6b55-4359-be57-8b0026051126
11-12 22:57:11 com_github_MitjaNemec_ReplicateLayout.replicate_layout 991:Dst text UUid:3af0d7bb-2ca8-407c-b23e-e761a838c8eb
11-12 22:57:11 com_github_MitjaNemec_ReplicateLayout.replicate_layout 990:Src text UUid:22c9f63c-bdf9-47e9-ae01-74d81cfbd908
11-12 22:57:11 com_github_MitjaNemec_ReplicateLayout.replicate_layout 991:Dst text UUid:31c221a6-f350-4da7-95cc-35ae9363b332
11-12 22:57:11 com_github_MitjaNemec_ReplicateLayout.replicate_layout 888:Replicating footprint: 'R198'
11-12 22:57:11 com_github_MitjaNemec_ReplicateLayout.replicate_layout 835:Src fp.id: '2D77C678-F455-47D6-93BD-3ED95A089C96'
11-12 22:57:11 com_github_MitjaNemec_ReplicateLayout.replicate_layout 839:Dst fp.id: '2D77C678-F455-47D6-93BD-3ED95A089C96'
11-12 22:57:11 com_github_MitjaNemec_ReplicateLayout.replicate_layout 895:found match in dst footprint: 'R342'
11-12 22:57:11 com_github_MitjaNemec_ReplicateLayout.replicate_layout 990:Src text UUid:026024b2-ee3d-495c-b376-571543d60a54
11-12 22:57:11 com_github_MitjaNemec_ReplicateLayout.replicate_layout 991:Dst text UUid:2f13f59c-8f6d-426e-8362-b94871ce2910
11-12 22:57:11 com_github_MitjaNemec_ReplicateLayout.replicate_layout 990:Src text UUid:23dd6946-9981-4c83-9d25-050d5e9bece6
11-12 22:57:11 com_github_MitjaNemec_ReplicateLayout.replicate_layout 991:Dst text UUid:f4fb062d-6d8c-417b-9fbb-b9d9613bc595
11-12 22:57:11 com_github_MitjaNemec_ReplicateLayout.replicate_layout 990:Src text UUid:8cb67b8b-8668-4222-8264-d0248233162e
11-12 22:57:11 com_github_MitjaNemec_ReplicateLayout.replicate_layout 991:Dst text UUid:288865cc-19f1-4b10-8740-b7ca51a4de53
11-12 22:57:11 com_github_MitjaNemec_ReplicateLayout.replicate_layout 888:Replicating footprint: 'LED143'
11-12 22:57:11 com_github_MitjaNemec_ReplicateLayout.replicate_layout 835:Src fp.id: '2ABC1D4C-0E8C-4F90-9BF0-DF151C3D99F0'
11-12 22:57:11 com_github_MitjaNemec_ReplicateLayout.replicate_layout 839:Dst fp.id: '2ABC1D4C-0E8C-4F90-9BF0-DF151C3D99F0'
11-12 22:57:11 com_github_MitjaNemec_ReplicateLayout.replicate_layout 895:found match in dst footprint: 'LED287'
11-12 22:57:11 com_github_MitjaNemec_ReplicateLayout.replicate_layout 990:Src text UUid:cb110f2a-a8eb-4aca-b5bc-ff7ccb902aef
11-12 22:57:11 com_github_MitjaNemec_ReplicateLayout.replicate_layout 991:Dst text UUid:0ef3208e-403a-4421-a81c-01ef0f33d9c6
11-12 22:57:11 com_github_MitjaNemec_ReplicateLayout.replicate_layout 990:Src text UUid:cbc54092-ef49-4a91-b324-f6377248bdf9
11-12 22:57:11 com_github_MitjaNemec_ReplicateLayout.replicate_layout 991:Dst text UUid:118bda77-ddd9-4937-9380-b8c614f29978
11-12 22:57:11 com_github_MitjaNemec_ReplicateLayout.replicate_layout 990:Src text UUid:a432e7aa-3bd5-4cba-b765-9f5f9481582e
11-12 22:57:11 com_github_MitjaNemec_ReplicateLayout.replicate_layout 991:Dst text UUid:caa87357-6c63-48c6-9050-e1e99dcd5a83
11-12 22:57:11 com_github_MitjaNemec_ReplicateLayout.replicate_layout 888:Replicating footprint: 'LED142'
11-12 22:57:11 com_github_MitjaNemec_ReplicateLayout.replicate_layout 835:Src fp.id: '0C09B42A-D4DF-4F87-AFF4-5296AF118FDF'
11-12 22:57:11 com_github_MitjaNemec_ReplicateLayout.replicate_layout 839:Dst fp.id: '0C09B42A-D4DF-4F87-AFF4-5296AF118FDF'
11-12 22:57:11 com_github_MitjaNemec_ReplicateLayout.replicate_layout 895:found match in dst footprint: 'LED286'
11-12 22:57:11 com_github_MitjaNemec_ReplicateLayout.replicate_layout 990:Src text UUid:9463e9d6-02d6-4857-9f39-9338e5245ef5
11-12 22:57:11 com_github_MitjaNemec_ReplicateLayout.replicate_layout 991:Dst text UUid:4233702a-4879-4d80-9d75-0d287c629947
11-12 22:57:11 com_github_MitjaNemec_ReplicateLayout.replicate_layout 990:Src text UUid:0739365c-df74-44fd-a386-04c3841e72b1
11-12 22:57:11 com_github_MitjaNemec_ReplicateLayout.replicate_layout 991:Dst text UUid:4dcb50aa-2f87-46e5-a99a-600a0adab74f
11-12 22:57:11 com_github_MitjaNemec_ReplicateLayout.replicate_layout 990:Src text UUid:5d666820-e369-4ddd-b676-a3f134ad7960
11-12 22:57:11 com_github_MitjaNemec_ReplicateLayout.replicate_layout 991:Dst text UUid:24ee60e3-8c3b-4ffd-bf30-83a1a946d123
11-12 22:57:11 com_github_MitjaNemec_ReplicateLayout.replicate_layout 888:Replicating footprint: 'LED144'
11-12 22:57:11 com_github_MitjaNemec_ReplicateLayout.replicate_layout 835:Src fp.id: '0810E186-22BD-4094-A943-28056DB37E18'
11-12 22:57:11 com_github_MitjaNemec_ReplicateLayout.replicate_layout 839:Dst fp.id: '0810E186-22BD-4094-A943-28056DB37E18'
11-12 22:57:11 com_github_MitjaNemec_ReplicateLayout.replicate_layout 895:found match in dst footprint: 'LED288'
11-12 22:57:11 com_github_MitjaNemec_ReplicateLayout.replicate_layout 990:Src text UUid:d4f51115-0b40-4019-a418-64c3b5390a72
11-12 22:57:11 com_github_MitjaNemec_ReplicateLayout.replicate_layout 991:Dst text UUid:28b37fe7-c410-4dbb-9818-554a035016c5
11-12 22:57:11 com_github_MitjaNemec_ReplicateLayout.replicate_layout 990:Src text UUid:0ff00c33-2d97-415c-a383-5b222a06a46e
11-12 22:57:11 com_github_MitjaNemec_ReplicateLayout.replicate_layout 991:Dst text UUid:523c422b-0a2d-4b26-91db-93dbd0f34158
11-12 22:57:11 com_github_MitjaNemec_ReplicateLayout.replicate_layout 990:Src text UUid:dde8ebf1-c0d6-4c52-86e2-7e3a65d80d5a
11-12 22:57:11 com_github_MitjaNemec_ReplicateLayout.replicate_layout 991:Dst text UUid:59b4088c-82c2-417a-925d-6f76a8fdbc97
11-12 22:57:11 com_github_MitjaNemec_ReplicateLayout.replicate_layout 870:Replicating footprints on sheet ['Bottom', 'LEDs_Bottom', 'LEDS_discreet8', 'LED_single1']
11-12 22:57:11 com_github_MitjaNemec_ReplicateLayout.replicate_layout 835:Src fp.id: '0C09B42A-D4DF-4F87-AFF4-5296AF118FDF'
11-12 22:57:11 com_github_MitjaNemec_ReplicateLayout.replicate_layout 839:Dst fp.id: '0C09B42A-D4DF-4F87-AFF4-5296AF118FDF'
11-12 22:57:11 com_github_MitjaNemec_ReplicateLayout.replicate_layout 888:Replicating footprint: 'U153'
11-12 22:57:11 com_github_MitjaNemec_ReplicateLayout.replicate_layout 835:Src fp.id: 'EB896E0D-DC1C-402A-A83E-7193E291B78E'
11-12 22:57:11 com_github_MitjaNemec_ReplicateLayout.replicate_layout 839:Dst fp.id: 'EB896E0D-DC1C-402A-A83E-7193E291B78E'
11-12 22:57:11 com_github_MitjaNemec_ReplicateLayout.replicate_layout 895:found match in dst footprint: 'U261'
11-12 22:57:11 com_github_MitjaNemec_ReplicateLayout.replicate_layout 990:Src text UUid:110b3224-b357-4118-9c08-b3fded705e4b
11-12 22:57:11 com_github_MitjaNemec_ReplicateLayout.replicate_layout 991:Dst text UUid:d5b664c7-69fe-4803-b113-a1423e0a17b4
11-12 22:57:11 com_github_MitjaNemec_ReplicateLayout.replicate_layout 990:Src text UUid:b9e7f770-21cd-4948-9662-6e0ac7df885e
11-12 22:57:11 com_github_MitjaNemec_ReplicateLayout.replicate_layout 991:Dst text UUid:06013b29-a123-4c60-b39e-548d37610dc7
11-12 22:57:11 com_github_MitjaNemec_ReplicateLayout.replicate_layout 990:Src text UUid:eaba7cf7-101e-4672-ad3c-d50ac347e980
11-12 22:57:11 com_github_MitjaNemec_ReplicateLayout.replicate_layout 991:Dst text UUid:6f393424-2276-464b-883a-6247675dca0e
11-12 22:57:11 com_github_MitjaNemec_ReplicateLayout.replicate_layout 888:Replicating footprint: 'R196'
11-12 22:57:11 com_github_MitjaNemec_ReplicateLayout.replicate_layout 835:Src fp.id: '28A8D9BC-2140-4FD7-9BA9-4E17A2CADB20'
11-12 22:57:11 com_github_MitjaNemec_ReplicateLayout.replicate_layout 839:Dst fp.id: '28A8D9BC-2140-4FD7-9BA9-4E17A2CADB20'
11-12 22:57:11 com_github_MitjaNemec_ReplicateLayout.replicate_layout 895:found match in dst footprint: 'R343'
11-12 22:57:11 com_github_MitjaNemec_ReplicateLayout.replicate_layout 990:Src text UUid:10a75789-866c-466a-b99e-1669393a4dc9
11-12 22:57:11 com_github_MitjaNemec_ReplicateLayout.replicate_layout 991:Dst text UUid:ab6081f7-05e2-4202-b2cb-2f49ca7f9f89
11-12 22:57:11 com_github_MitjaNemec_ReplicateLayout.replicate_layout 990:Src text UUid:26f5deef-302c-459b-9fc1-9a4618773440
11-12 22:57:11 com_github_MitjaNemec_ReplicateLayout.replicate_layout 991:Dst text UUid:36c7da2c-a6dc-4262-b780-5dd3771a8a82
11-12 22:57:11 com_github_MitjaNemec_ReplicateLayout.replicate_layout 990:Src text UUid:a58fc8cd-c2ef-4a2e-8f35-9edf2c2f6adb
11-12 22:57:11 com_github_MitjaNemec_ReplicateLayout.replicate_layout 991:Dst text UUid:ad1c2431-db80-481b-9d9a-b66ba3576065
11-12 22:57:11 com_github_MitjaNemec_ReplicateLayout.replicate_layout 888:Replicating footprint: 'R197'
11-12 22:57:11 com_github_MitjaNemec_ReplicateLayout.replicate_layout 835:Src fp.id: '55391442-DACB-4265-94E5-89EFFD14C302'
11-12 22:57:11 com_github_MitjaNemec_ReplicateLayout.replicate_layout 839:Dst fp.id: '55391442-DACB-4265-94E5-89EFFD14C302'
11-12 22:57:11 com_github_MitjaNemec_ReplicateLayout.replicate_layout 895:found match in dst footprint: 'R344'
11-12 22:57:11 com_github_MitjaNemec_ReplicateLayout.replicate_layout 990:Src text UUid:6cd10716-af31-44d4-bad9-a9da97fd4924
11-12 22:57:11 com_github_MitjaNemec_ReplicateLayout.replicate_layout 991:Dst text UUid:9e8f4b0b-6911-424d-b96f-291b3c700e8a
11-12 22:57:11 com_github_MitjaNemec_ReplicateLayout.replicate_layout 990:Src text UUid:65380ce8-601c-4762-983f-4bdb6ed67bde
11-12 22:57:11 com_github_MitjaNemec_ReplicateLayout.replicate_layout 991:Dst text UUid:13497797-27b9-4f5e-ad1a-16e00f301b92
11-12 22:57:11 com_github_MitjaNemec_ReplicateLayout.replicate_layout 990:Src text UUid:94d012b9-077f-436c-a4d8-e5bb00c165ba
11-12 22:57:11 com_github_MitjaNemec_ReplicateLayout.replicate_layout 991:Dst text UUid:e83c5858-975f-4b4b-a388-e821b8250d0a
11-12 22:57:11 com_github_MitjaNemec_ReplicateLayout.replicate_layout 888:Replicating footprint: 'U152'
11-12 22:57:11 com_github_MitjaNemec_ReplicateLayout.replicate_layout 835:Src fp.id: '62B3827C-A320-4AD6-A424-1485EF65900D'
11-12 22:57:11 com_github_MitjaNemec_ReplicateLayout.replicate_layout 839:Dst fp.id: '62B3827C-A320-4AD6-A424-1485EF65900D'
11-12 22:57:11 com_github_MitjaNemec_ReplicateLayout.replicate_layout 895:found match in dst footprint: 'U260'
11-12 22:57:11 com_github_MitjaNemec_ReplicateLayout.replicate_layout 990:Src text UUid:c50c72b1-94e3-4159-a219-37f741e82a7c
11-12 22:57:11 com_github_MitjaNemec_ReplicateLayout.replicate_layout 991:Dst text UUid:4f92d2ee-a2cf-4f58-be25-b9a8185108df
11-12 22:57:11 com_github_MitjaNemec_ReplicateLayout.replicate_layout 990:Src text UUid:292e74a5-6b55-4359-be57-8b0026051126
11-12 22:57:11 com_github_MitjaNemec_ReplicateLayout.replicate_layout 991:Dst text UUid:b554dca2-e78a-4112-b323-eea8d7b343a0
11-12 22:57:11 com_github_MitjaNemec_ReplicateLayout.replicate_layout 990:Src text UUid:22c9f63c-bdf9-47e9-ae01-74d81cfbd908
11-12 22:57:11 com_github_MitjaNemec_ReplicateLayout.replicate_layout 991:Dst text UUid:585175f3-6d56-4f69-842d-38009686b071
11-12 22:57:11 com_github_MitjaNemec_ReplicateLayout.replicate_layout 888:Replicating footprint: 'R198'
11-12 22:57:11 com_github_MitjaNemec_ReplicateLayout.replicate_layout 835:Src fp.id: '2D77C678-F455-47D6-93BD-3ED95A089C96'
11-12 22:57:11 com_github_MitjaNemec_ReplicateLayout.replicate_layout 839:Dst fp.id: '2D77C678-F455-47D6-93BD-3ED95A089C96'
11-12 22:57:11 com_github_MitjaNemec_ReplicateLayout.replicate_layout 895:found match in dst footprint: 'R345'
11-12 22:57:11 com_github_MitjaNemec_ReplicateLayout.replicate_layout 990:Src text UUid:026024b2-ee3d-495c-b376-571543d60a54
11-12 22:57:11 com_github_MitjaNemec_ReplicateLayout.replicate_layout 991:Dst text UUid:b839319f-d611-44c0-9eb5-edc471aab0ec
11-12 22:57:11 com_github_MitjaNemec_ReplicateLayout.replicate_layout 990:Src text UUid:23dd6946-9981-4c83-9d25-050d5e9bece6
11-12 22:57:11 com_github_MitjaNemec_ReplicateLayout.replicate_layout 991:Dst text UUid:130c16c6-3a3f-43aa-afe6-2d3337cc69a9
11-12 22:57:11 com_github_MitjaNemec_ReplicateLayout.replicate_layout 990:Src text UUid:8cb67b8b-8668-4222-8264-d0248233162e
11-12 22:57:11 com_github_MitjaNemec_ReplicateLayout.replicate_layout 991:Dst text UUid:5d89d889-b200-4736-a32b-92009d3e54f0
11-12 22:57:11 com_github_MitjaNemec_ReplicateLayout.replicate_layout 888:Replicating footprint: 'LED143'
11-12 22:57:11 com_github_MitjaNemec_ReplicateLayout.replicate_layout 835:Src fp.id: '2ABC1D4C-0E8C-4F90-9BF0-DF151C3D99F0'
11-12 22:57:11 com_github_MitjaNemec_ReplicateLayout.replicate_layout 839:Dst fp.id: '2ABC1D4C-0E8C-4F90-9BF0-DF151C3D99F0'
11-12 22:57:11 com_github_MitjaNemec_ReplicateLayout.replicate_layout 895:found match in dst footprint: 'LED290'
11-12 22:57:11 com_github_MitjaNemec_ReplicateLayout.replicate_layout 990:Src text UUid:cb110f2a-a8eb-4aca-b5bc-ff7ccb902aef
11-12 22:57:11 com_github_MitjaNemec_ReplicateLayout.replicate_layout 991:Dst text UUid:7d2d9276-32c2-43f1-a51c-0b84c10a7937
11-12 22:57:11 com_github_MitjaNemec_ReplicateLayout.replicate_layout 990:Src text UUid:cbc54092-ef49-4a91-b324-f6377248bdf9
11-12 22:57:11 com_github_MitjaNemec_ReplicateLayout.replicate_layout 991:Dst text UUid:a199e89d-40c2-428c-8337-05faf5fa69e5
11-12 22:57:11 com_github_MitjaNemec_ReplicateLayout.replicate_layout 990:Src text UUid:a432e7aa-3bd5-4cba-b765-9f5f9481582e
11-12 22:57:11 com_github_MitjaNemec_ReplicateLayout.replicate_layout 991:Dst text UUid:03777155-a8cb-4b2b-bbbd-81830e88d603
11-12 22:57:11 com_github_MitjaNemec_ReplicateLayout.replicate_layout 888:Replicating footprint: 'LED142'
11-12 22:57:11 com_github_MitjaNemec_ReplicateLayout.replicate_layout 835:Src fp.id: '0C09B42A-D4DF-4F87-AFF4-5296AF118FDF'
11-12 22:57:11 com_github_MitjaNemec_ReplicateLayout.replicate_layout 839:Dst fp.id: '0C09B42A-D4DF-4F87-AFF4-5296AF118FDF'
11-12 22:57:11 com_github_MitjaNemec_ReplicateLayout.replicate_layout 895:found match in dst footprint: 'LED289'
11-12 22:57:11 com_github_MitjaNemec_ReplicateLayout.replicate_layout 990:Src text UUid:9463e9d6-02d6-4857-9f39-9338e5245ef5
11-12 22:57:11 com_github_MitjaNemec_ReplicateLayout.replicate_layout 991:Dst text UUid:dd570e2a-e822-46de-8efb-7fbb48d9d4f9
11-12 22:57:11 com_github_MitjaNemec_ReplicateLayout.replicate_layout 990:Src text UUid:0739365c-df74-44fd-a386-04c3841e72b1
11-12 22:57:11 com_github_MitjaNemec_ReplicateLayout.replicate_layout 991:Dst text UUid:6403b769-281c-4d15-8da3-3c2484fae395
11-12 22:57:11 com_github_MitjaNemec_ReplicateLayout.replicate_layout 990:Src text UUid:5d666820-e369-4ddd-b676-a3f134ad7960
11-12 22:57:11 com_github_MitjaNemec_ReplicateLayout.replicate_layout 991:Dst text UUid:96e7e161-61b4-42ab-a6cf-83de56863e8d
11-12 22:57:11 com_github_MitjaNemec_ReplicateLayout.replicate_layout 888:Replicating footprint: 'LED144'
11-12 22:57:11 com_github_MitjaNemec_ReplicateLayout.replicate_layout 835:Src fp.id: '0810E186-22BD-4094-A943-28056DB37E18'
11-12 22:57:11 com_github_MitjaNemec_ReplicateLayout.replicate_layout 839:Dst fp.id: '0810E186-22BD-4094-A943-28056DB37E18'
11-12 22:57:11 com_github_MitjaNemec_ReplicateLayout.replicate_layout 895:found match in dst footprint: 'LED291'
11-12 22:57:11 com_github_MitjaNemec_ReplicateLayout.replicate_layout 990:Src text UUid:d4f51115-0b40-4019-a418-64c3b5390a72
11-12 22:57:11 com_github_MitjaNemec_ReplicateLayout.replicate_layout 991:Dst text UUid:e28e00e8-0ed1-44c6-8705-f1eaa316d985
11-12 22:57:11 com_github_MitjaNemec_ReplicateLayout.replicate_layout 990:Src text UUid:0ff00c33-2d97-415c-a383-5b222a06a46e
11-12 22:57:11 com_github_MitjaNemec_ReplicateLayout.replicate_layout 991:Dst text UUid:7c870cd9-dcca-4065-8ead-d14a2bff85ba
11-12 22:57:11 com_github_MitjaNemec_ReplicateLayout.replicate_layout 990:Src text UUid:dde8ebf1-c0d6-4c52-86e2-7e3a65d80d5a
11-12 22:57:11 com_github_MitjaNemec_ReplicateLayout.replicate_layout 991:Dst text UUid:fba4d84f-2ef0-42fd-8c59-803860737ea2
11-12 22:57:11 com_github_MitjaNemec_ReplicateLayout.replicate_layout 870:Replicating footprints on sheet ['Bottom', 'LEDs_Bottom', 'LEDS_discreet8', 'LED_single2']
11-12 22:57:11 com_github_MitjaNemec_ReplicateLayout.replicate_layout 835:Src fp.id: '0C09B42A-D4DF-4F87-AFF4-5296AF118FDF'
11-12 22:57:11 com_github_MitjaNemec_ReplicateLayout.replicate_layout 839:Dst fp.id: '0C09B42A-D4DF-4F87-AFF4-5296AF118FDF'
11-12 22:57:11 com_github_MitjaNemec_ReplicateLayout.replicate_layout 888:Replicating footprint: 'U153'
11-12 22:57:11 com_github_MitjaNemec_ReplicateLayout.replicate_layout 835:Src fp.id: 'EB896E0D-DC1C-402A-A83E-7193E291B78E'
11-12 22:57:11 com_github_MitjaNemec_ReplicateLayout.replicate_layout 839:Dst fp.id: 'EB896E0D-DC1C-402A-A83E-7193E291B78E'
11-12 22:57:11 com_github_MitjaNemec_ReplicateLayout.replicate_layout 895:found match in dst footprint: 'U263'
11-12 22:57:11 com_github_MitjaNemec_ReplicateLayout.replicate_layout 990:Src text UUid:110b3224-b357-4118-9c08-b3fded705e4b
11-12 22:57:11 com_github_MitjaNemec_ReplicateLayout.replicate_layout 991:Dst text UUid:6113da12-9da9-467f-a44e-16a19b02027c
11-12 22:57:11 com_github_MitjaNemec_ReplicateLayout.replicate_layout 990:Src text UUid:b9e7f770-21cd-4948-9662-6e0ac7df885e
11-12 22:57:11 com_github_MitjaNemec_ReplicateLayout.replicate_layout 991:Dst text UUid:5099c8c3-d31a-4167-8d15-2c702500bf11
11-12 22:57:11 com_github_MitjaNemec_ReplicateLayout.replicate_layout 990:Src text UUid:eaba7cf7-101e-4672-ad3c-d50ac347e980
11-12 22:57:11 com_github_MitjaNemec_ReplicateLayout.replicate_layout 991:Dst text UUid:79ba8b81-e961-4685-aa12-6148fb6d0c93
11-12 22:57:11 com_github_MitjaNemec_ReplicateLayout.replicate_layout 888:Replicating footprint: 'R196'
11-12 22:57:11 root 345:updating GUI with: 48
11-12 22:57:11 com_github_MitjaNemec_ReplicateLayout.replicate_layout 835:Src fp.id: '28A8D9BC-2140-4FD7-9BA9-4E17A2CADB20'
11-12 22:57:11 com_github_MitjaNemec_ReplicateLayout.replicate_layout 839:Dst fp.id: '28A8D9BC-2140-4FD7-9BA9-4E17A2CADB20'
11-12 22:57:11 com_github_MitjaNemec_ReplicateLayout.replicate_layout 895:found match in dst footprint: 'R346'
11-12 22:57:11 com_github_MitjaNemec_ReplicateLayout.replicate_layout 990:Src text UUid:10a75789-866c-466a-b99e-1669393a4dc9
11-12 22:57:11 com_github_MitjaNemec_ReplicateLayout.replicate_layout 991:Dst text UUid:1013bc7e-18d6-4085-9ef8-97bff84213f2
11-12 22:57:11 com_github_MitjaNemec_ReplicateLayout.replicate_layout 990:Src text UUid:26f5deef-302c-459b-9fc1-9a4618773440
11-12 22:57:11 com_github_MitjaNemec_ReplicateLayout.replicate_layout 991:Dst text UUid:8c47bfd4-9b30-47d7-9101-e07535b9f4c6
11-12 22:57:11 com_github_MitjaNemec_ReplicateLayout.replicate_layout 990:Src text UUid:a58fc8cd-c2ef-4a2e-8f35-9edf2c2f6adb
11-12 22:57:11 com_github_MitjaNemec_ReplicateLayout.replicate_layout 991:Dst text UUid:aed421cd-c089-401b-94c8-0390edc3c599
11-12 22:57:11 com_github_MitjaNemec_ReplicateLayout.replicate_layout 888:Replicating footprint: 'R197'
11-12 22:57:11 com_github_MitjaNemec_ReplicateLayout.replicate_layout 835:Src fp.id: '55391442-DACB-4265-94E5-89EFFD14C302'
11-12 22:57:11 com_github_MitjaNemec_ReplicateLayout.replicate_layout 839:Dst fp.id: '55391442-DACB-4265-94E5-89EFFD14C302'
11-12 22:57:11 com_github_MitjaNemec_ReplicateLayout.replicate_layout 895:found match in dst footprint: 'R347'
11-12 22:57:11 com_github_MitjaNemec_ReplicateLayout.replicate_layout 990:Src text UUid:6cd10716-af31-44d4-bad9-a9da97fd4924
11-12 22:57:11 com_github_MitjaNemec_ReplicateLayout.replicate_layout 991:Dst text UUid:bfac0775-8c20-462a-8dfd-7c972b0e850f
11-12 22:57:11 com_github_MitjaNemec_ReplicateLayout.replicate_layout 990:Src text UUid:65380ce8-601c-4762-983f-4bdb6ed67bde
11-12 22:57:11 com_github_MitjaNemec_ReplicateLayout.replicate_layout 991:Dst text UUid:ff631179-446b-42e0-8a08-c5670ed5597b
11-12 22:57:11 com_github_MitjaNemec_ReplicateLayout.replicate_layout 990:Src text UUid:94d012b9-077f-436c-a4d8-e5bb00c165ba
11-12 22:57:11 com_github_MitjaNemec_ReplicateLayout.replicate_layout 991:Dst text UUid:2425af7c-e80f-403c-8c41-f85807bdc28d
11-12 22:57:11 com_github_MitjaNemec_ReplicateLayout.replicate_layout 888:Replicating footprint: 'U152'
11-12 22:57:11 com_github_MitjaNemec_ReplicateLayout.replicate_layout 835:Src fp.id: '62B3827C-A320-4AD6-A424-1485EF65900D'
11-12 22:57:11 com_github_MitjaNemec_ReplicateLayout.replicate_layout 839:Dst fp.id: '62B3827C-A320-4AD6-A424-1485EF65900D'
11-12 22:57:11 com_github_MitjaNemec_ReplicateLayout.replicate_layout 895:found match in dst footprint: 'U262'
11-12 22:57:11 com_github_MitjaNemec_ReplicateLayout.replicate_layout 990:Src text UUid:c50c72b1-94e3-4159-a219-37f741e82a7c
11-12 22:57:11 com_github_MitjaNemec_ReplicateLayout.replicate_layout 991:Dst text UUid:07119962-3634-4b91-9065-9d8bae4bf9b6
11-12 22:57:11 com_github_MitjaNemec_ReplicateLayout.replicate_layout 990:Src text UUid:292e74a5-6b55-4359-be57-8b0026051126
11-12 22:57:11 com_github_MitjaNemec_ReplicateLayout.replicate_layout 991:Dst text UUid:54711269-7abc-45e9-a811-2b4c601d4799
11-12 22:57:11 com_github_MitjaNemec_ReplicateLayout.replicate_layout 990:Src text UUid:22c9f63c-bdf9-47e9-ae01-74d81cfbd908
11-12 22:57:11 com_github_MitjaNemec_ReplicateLayout.replicate_layout 991:Dst text UUid:dcc2ac4f-e534-45b1-97be-63fcf1d06a08
11-12 22:57:11 com_github_MitjaNemec_ReplicateLayout.replicate_layout 888:Replicating footprint: 'R198'
11-12 22:57:11 com_github_MitjaNemec_ReplicateLayout.replicate_layout 835:Src fp.id: '2D77C678-F455-47D6-93BD-3ED95A089C96'
11-12 22:57:11 com_github_MitjaNemec_ReplicateLayout.replicate_layout 839:Dst fp.id: '2D77C678-F455-47D6-93BD-3ED95A089C96'
11-12 22:57:11 com_github_MitjaNemec_ReplicateLayout.replicate_layout 895:found match in dst footprint: 'R348'
11-12 22:57:11 com_github_MitjaNemec_ReplicateLayout.replicate_layout 990:Src text UUid:026024b2-ee3d-495c-b376-571543d60a54
11-12 22:57:11 com_github_MitjaNemec_ReplicateLayout.replicate_layout 991:Dst text UUid:97358b2f-b123-49cb-bdb7-9491ba23303b
11-12 22:57:11 com_github_MitjaNemec_ReplicateLayout.replicate_layout 990:Src text UUid:23dd6946-9981-4c83-9d25-050d5e9bece6
11-12 22:57:11 com_github_MitjaNemec_ReplicateLayout.replicate_layout 991:Dst text UUid:7452ea26-29a3-43c2-bbb6-491a72f501df
11-12 22:57:11 com_github_MitjaNemec_ReplicateLayout.replicate_layout 990:Src text UUid:8cb67b8b-8668-4222-8264-d0248233162e
11-12 22:57:11 com_github_MitjaNemec_ReplicateLayout.replicate_layout 991:Dst text UUid:1cb68635-1144-435f-911d-2d0beef74412
11-12 22:57:11 com_github_MitjaNemec_ReplicateLayout.replicate_layout 888:Replicating footprint: 'LED143'
11-12 22:57:11 com_github_MitjaNemec_ReplicateLayout.replicate_layout 835:Src fp.id: '2ABC1D4C-0E8C-4F90-9BF0-DF151C3D99F0'
11-12 22:57:11 com_github_MitjaNemec_ReplicateLayout.replicate_layout 839:Dst fp.id: '2ABC1D4C-0E8C-4F90-9BF0-DF151C3D99F0'
11-12 22:57:11 com_github_MitjaNemec_ReplicateLayout.replicate_layout 895:found match in dst footprint: 'LED293'
11-12 22:57:11 com_github_MitjaNemec_ReplicateLayout.replicate_layout 990:Src text UUid:cb110f2a-a8eb-4aca-b5bc-ff7ccb902aef
11-12 22:57:11 com_github_MitjaNemec_ReplicateLayout.replicate_layout 991:Dst text UUid:91365cfb-dd3b-4bbd-9dd6-d7ba928c93dc
11-12 22:57:11 com_github_MitjaNemec_ReplicateLayout.replicate_layout 990:Src text UUid:cbc54092-ef49-4a91-b324-f6377248bdf9
11-12 22:57:11 com_github_MitjaNemec_ReplicateLayout.replicate_layout 991:Dst text UUid:f757c7f6-6cab-4562-a32e-66f62d12ed45
11-12 22:57:11 com_github_MitjaNemec_ReplicateLayout.replicate_layout 990:Src text UUid:a432e7aa-3bd5-4cba-b765-9f5f9481582e
11-12 22:57:11 com_github_MitjaNemec_ReplicateLayout.replicate_layout 991:Dst text UUid:7db8a12d-d6c1-42be-b1c9-9899a350386e
11-12 22:57:11 com_github_MitjaNemec_ReplicateLayout.replicate_layout 888:Replicating footprint: 'LED142'
11-12 22:57:11 com_github_MitjaNemec_ReplicateLayout.replicate_layout 835:Src fp.id: '0C09B42A-D4DF-4F87-AFF4-5296AF118FDF'
11-12 22:57:11 com_github_MitjaNemec_ReplicateLayout.replicate_layout 839:Dst fp.id: '0C09B42A-D4DF-4F87-AFF4-5296AF118FDF'
11-12 22:57:11 com_github_MitjaNemec_ReplicateLayout.replicate_layout 895:found match in dst footprint: 'LED292'
11-12 22:57:11 com_github_MitjaNemec_ReplicateLayout.replicate_layout 990:Src text UUid:9463e9d6-02d6-4857-9f39-9338e5245ef5
11-12 22:57:11 com_github_MitjaNemec_ReplicateLayout.replicate_layout 991:Dst text UUid:7660b1a1-2c6b-4599-8eeb-1ad9b7b0d3e4
11-12 22:57:11 com_github_MitjaNemec_ReplicateLayout.replicate_layout 990:Src text UUid:0739365c-df74-44fd-a386-04c3841e72b1
11-12 22:57:11 com_github_MitjaNemec_ReplicateLayout.replicate_layout 991:Dst text UUid:9d095405-233c-4a26-933b-d0ba0d95ab2b
11-12 22:57:11 com_github_MitjaNemec_ReplicateLayout.replicate_layout 990:Src text UUid:5d666820-e369-4ddd-b676-a3f134ad7960
11-12 22:57:11 com_github_MitjaNemec_ReplicateLayout.replicate_layout 991:Dst text UUid:55291667-8ebc-452c-ac9d-cbef139d041e
11-12 22:57:11 com_github_MitjaNemec_ReplicateLayout.replicate_layout 888:Replicating footprint: 'LED144'
11-12 22:57:11 com_github_MitjaNemec_ReplicateLayout.replicate_layout 835:Src fp.id: '0810E186-22BD-4094-A943-28056DB37E18'
11-12 22:57:11 com_github_MitjaNemec_ReplicateLayout.replicate_layout 839:Dst fp.id: '0810E186-22BD-4094-A943-28056DB37E18'
11-12 22:57:11 com_github_MitjaNemec_ReplicateLayout.replicate_layout 895:found match in dst footprint: 'LED294'
11-12 22:57:11 com_github_MitjaNemec_ReplicateLayout.replicate_layout 990:Src text UUid:d4f51115-0b40-4019-a418-64c3b5390a72
11-12 22:57:11 com_github_MitjaNemec_ReplicateLayout.replicate_layout 991:Dst text UUid:fff85d9c-0304-461f-9103-7feda2a62d5d
11-12 22:57:11 com_github_MitjaNemec_ReplicateLayout.replicate_layout 990:Src text UUid:0ff00c33-2d97-415c-a383-5b222a06a46e
11-12 22:57:11 com_github_MitjaNemec_ReplicateLayout.replicate_layout 991:Dst text UUid:1429edd4-56fd-465d-9fef-3528049d45e7
11-12 22:57:11 com_github_MitjaNemec_ReplicateLayout.replicate_layout 990:Src text UUid:dde8ebf1-c0d6-4c52-86e2-7e3a65d80d5a
11-12 22:57:11 com_github_MitjaNemec_ReplicateLayout.replicate_layout 991:Dst text UUid:e2ccf7f9-9893-42e9-8628-d65da8162d8e
11-12 22:57:11 com_github_MitjaNemec_ReplicateLayout.replicate_layout 870:Replicating footprints on sheet ['Bottom', 'LEDs_Bottom', 'LEDS_discreet8', 'LED_single3']
11-12 22:57:11 com_github_MitjaNemec_ReplicateLayout.replicate_layout 835:Src fp.id: '0C09B42A-D4DF-4F87-AFF4-5296AF118FDF'
11-12 22:57:11 com_github_MitjaNemec_ReplicateLayout.replicate_layout 839:Dst fp.id: '0C09B42A-D4DF-4F87-AFF4-5296AF118FDF'
11-12 22:57:11 com_github_MitjaNemec_ReplicateLayout.replicate_layout 888:Replicating footprint: 'U153'
11-12 22:57:11 com_github_MitjaNemec_ReplicateLayout.replicate_layout 835:Src fp.id: 'EB896E0D-DC1C-402A-A83E-7193E291B78E'
11-12 22:57:11 com_github_MitjaNemec_ReplicateLayout.replicate_layout 839:Dst fp.id: 'EB896E0D-DC1C-402A-A83E-7193E291B78E'
11-12 22:57:11 com_github_MitjaNemec_ReplicateLayout.replicate_layout 895:found match in dst footprint: 'U265'
11-12 22:57:11 com_github_MitjaNemec_ReplicateLayout.replicate_layout 990:Src text UUid:110b3224-b357-4118-9c08-b3fded705e4b
11-12 22:57:11 com_github_MitjaNemec_ReplicateLayout.replicate_layout 991:Dst text UUid:9890a52c-3cbc-4fad-9ced-ac3b4557b711
11-12 22:57:11 com_github_MitjaNemec_ReplicateLayout.replicate_layout 990:Src text UUid:b9e7f770-21cd-4948-9662-6e0ac7df885e
11-12 22:57:11 com_github_MitjaNemec_ReplicateLayout.replicate_layout 991:Dst text UUid:7ffe1574-d661-4c8f-9e3d-c67552cd659a
11-12 22:57:11 com_github_MitjaNemec_ReplicateLayout.replicate_layout 990:Src text UUid:eaba7cf7-101e-4672-ad3c-d50ac347e980
11-12 22:57:11 com_github_MitjaNemec_ReplicateLayout.replicate_layout 991:Dst text UUid:bbf1b78b-d33f-4b10-82e9-f9d67c2f7705
11-12 22:57:11 com_github_MitjaNemec_ReplicateLayout.replicate_layout 888:Replicating footprint: 'R196'
11-12 22:57:11 com_github_MitjaNemec_ReplicateLayout.replicate_layout 835:Src fp.id: '28A8D9BC-2140-4FD7-9BA9-4E17A2CADB20'
11-12 22:57:11 com_github_MitjaNemec_ReplicateLayout.replicate_layout 839:Dst fp.id: '28A8D9BC-2140-4FD7-9BA9-4E17A2CADB20'
11-12 22:57:11 com_github_MitjaNemec_ReplicateLayout.replicate_layout 895:found match in dst footprint: 'R349'
11-12 22:57:11 com_github_MitjaNemec_ReplicateLayout.replicate_layout 990:Src text UUid:10a75789-866c-466a-b99e-1669393a4dc9
11-12 22:57:11 com_github_MitjaNemec_ReplicateLayout.replicate_layout 991:Dst text UUid:e8e82dc2-2b46-43b7-af59-df8fbb5e5804
11-12 22:57:11 com_github_MitjaNemec_ReplicateLayout.replicate_layout 990:Src text UUid:26f5deef-302c-459b-9fc1-9a4618773440
11-12 22:57:11 com_github_MitjaNemec_ReplicateLayout.replicate_layout 991:Dst text UUid:c9cf0310-e913-45cc-82e3-f68264715b58
11-12 22:57:11 com_github_MitjaNemec_ReplicateLayout.replicate_layout 990:Src text UUid:a58fc8cd-c2ef-4a2e-8f35-9edf2c2f6adb
11-12 22:57:11 com_github_MitjaNemec_ReplicateLayout.replicate_layout 991:Dst text UUid:7862fa04-6c3c-44d0-872e-2f625cefbd88
11-12 22:57:11 com_github_MitjaNemec_ReplicateLayout.replicate_layout 888:Replicating footprint: 'R197'
11-12 22:57:11 com_github_MitjaNemec_ReplicateLayout.replicate_layout 835:Src fp.id: '55391442-DACB-4265-94E5-89EFFD14C302'
11-12 22:57:11 com_github_MitjaNemec_ReplicateLayout.replicate_layout 839:Dst fp.id: '55391442-DACB-4265-94E5-89EFFD14C302'
11-12 22:57:11 com_github_MitjaNemec_ReplicateLayout.replicate_layout 895:found match in dst footprint: 'R350'
11-12 22:57:11 com_github_MitjaNemec_ReplicateLayout.replicate_layout 990:Src text UUid:6cd10716-af31-44d4-bad9-a9da97fd4924
11-12 22:57:11 com_github_MitjaNemec_ReplicateLayout.replicate_layout 991:Dst text UUid:54016a23-a970-4e9e-9539-b370db85b2a8
11-12 22:57:11 com_github_MitjaNemec_ReplicateLayout.replicate_layout 990:Src text UUid:65380ce8-601c-4762-983f-4bdb6ed67bde
11-12 22:57:11 com_github_MitjaNemec_ReplicateLayout.replicate_layout 991:Dst text UUid:e0811cbd-fbaa-4e50-936c-4a9f1fa55451
11-12 22:57:11 com_github_MitjaNemec_ReplicateLayout.replicate_layout 990:Src text UUid:94d012b9-077f-436c-a4d8-e5bb00c165ba
11-12 22:57:11 com_github_MitjaNemec_ReplicateLayout.replicate_layout 991:Dst text UUid:40f27774-11f9-40b7-ae77-6cec9a64ece9
11-12 22:57:11 com_github_MitjaNemec_ReplicateLayout.replicate_layout 888:Replicating footprint: 'U152'
11-12 22:57:11 com_github_MitjaNemec_ReplicateLayout.replicate_layout 835:Src fp.id: '62B3827C-A320-4AD6-A424-1485EF65900D'
11-12 22:57:11 com_github_MitjaNemec_ReplicateLayout.replicate_layout 839:Dst fp.id: '62B3827C-A320-4AD6-A424-1485EF65900D'
11-12 22:57:11 com_github_MitjaNemec_ReplicateLayout.replicate_layout 895:found match in dst footprint: 'U264'
11-12 22:57:11 com_github_MitjaNemec_ReplicateLayout.replicate_layout 990:Src text UUid:c50c72b1-94e3-4159-a219-37f741e82a7c
11-12 22:57:11 com_github_MitjaNemec_ReplicateLayout.replicate_layout 991:Dst text UUid:97e3ed9b-910f-426a-8309-804d8d43f437
11-12 22:57:11 com_github_MitjaNemec_ReplicateLayout.replicate_layout 990:Src text UUid:292e74a5-6b55-4359-be57-8b0026051126
11-12 22:57:11 com_github_MitjaNemec_ReplicateLayout.replicate_layout 991:Dst text UUid:c20b9078-a052-440b-82ac-662ef82eb00f
11-12 22:57:11 com_github_MitjaNemec_ReplicateLayout.replicate_layout 990:Src text UUid:22c9f63c-bdf9-47e9-ae01-74d81cfbd908
11-12 22:57:11 com_github_MitjaNemec_ReplicateLayout.replicate_layout 991:Dst text UUid:2792c20d-015c-4b2a-9f43-93eef9852a03
11-12 22:57:11 com_github_MitjaNemec_ReplicateLayout.replicate_layout 888:Replicating footprint: 'R198'
11-12 22:57:11 com_github_MitjaNemec_ReplicateLayout.replicate_layout 835:Src fp.id: '2D77C678-F455-47D6-93BD-3ED95A089C96'
11-12 22:57:11 com_github_MitjaNemec_ReplicateLayout.replicate_layout 839:Dst fp.id: '2D77C678-F455-47D6-93BD-3ED95A089C96'
11-12 22:57:11 com_github_MitjaNemec_ReplicateLayout.replicate_layout 895:found match in dst footprint: 'R351'
11-12 22:57:11 com_github_MitjaNemec_ReplicateLayout.replicate_layout 990:Src text UUid:026024b2-ee3d-495c-b376-571543d60a54
11-12 22:57:11 com_github_MitjaNemec_ReplicateLayout.replicate_layout 991:Dst text UUid:d63cf503-c757-4e9a-9fa5-9b6aa39b8bec
11-12 22:57:11 com_github_MitjaNemec_ReplicateLayout.replicate_layout 990:Src text UUid:23dd6946-9981-4c83-9d25-050d5e9bece6
11-12 22:57:11 com_github_MitjaNemec_ReplicateLayout.replicate_layout 991:Dst text UUid:9ad5d743-876f-41de-972a-f1f2bb977c27
11-12 22:57:11 com_github_MitjaNemec_ReplicateLayout.replicate_layout 990:Src text UUid:8cb67b8b-8668-4222-8264-d0248233162e
11-12 22:57:11 com_github_MitjaNemec_ReplicateLayout.replicate_layout 991:Dst text UUid:3546138a-1375-4182-ac3b-4f01535e42c8
11-12 22:57:11 com_github_MitjaNemec_ReplicateLayout.replicate_layout 888:Replicating footprint: 'LED143'
11-12 22:57:11 com_github_MitjaNemec_ReplicateLayout.replicate_layout 835:Src fp.id: '2ABC1D4C-0E8C-4F90-9BF0-DF151C3D99F0'
11-12 22:57:11 com_github_MitjaNemec_ReplicateLayout.replicate_layout 839:Dst fp.id: '2ABC1D4C-0E8C-4F90-9BF0-DF151C3D99F0'
11-12 22:57:11 com_github_MitjaNemec_ReplicateLayout.replicate_layout 895:found match in dst footprint: 'LED296'
11-12 22:57:11 com_github_MitjaNemec_ReplicateLayout.replicate_layout 990:Src text UUid:cb110f2a-a8eb-4aca-b5bc-ff7ccb902aef
11-12 22:57:11 com_github_MitjaNemec_ReplicateLayout.replicate_layout 991:Dst text UUid:dbfd83ad-0e31-4a75-95bf-1565744b8cd3
11-12 22:57:11 com_github_MitjaNemec_ReplicateLayout.replicate_layout 990:Src text UUid:cbc54092-ef49-4a91-b324-f6377248bdf9
11-12 22:57:11 com_github_MitjaNemec_ReplicateLayout.replicate_layout 991:Dst text UUid:c05c0e5b-7de5-4288-a6ed-7ec698a7a917
11-12 22:57:11 com_github_MitjaNemec_ReplicateLayout.replicate_layout 990:Src text UUid:a432e7aa-3bd5-4cba-b765-9f5f9481582e
11-12 22:57:11 com_github_MitjaNemec_ReplicateLayout.replicate_layout 991:Dst text UUid:775328d8-52a3-4171-8859-0ce236e37219
11-12 22:57:11 com_github_MitjaNemec_ReplicateLayout.replicate_layout 888:Replicating footprint: 'LED142'
11-12 22:57:11 com_github_MitjaNemec_ReplicateLayout.replicate_layout 835:Src fp.id: '0C09B42A-D4DF-4F87-AFF4-5296AF118FDF'
11-12 22:57:11 com_github_MitjaNemec_ReplicateLayout.replicate_layout 839:Dst fp.id: '0C09B42A-D4DF-4F87-AFF4-5296AF118FDF'
11-12 22:57:11 com_github_MitjaNemec_ReplicateLayout.replicate_layout 895:found match in dst footprint: 'LED295'
11-12 22:57:11 com_github_MitjaNemec_ReplicateLayout.replicate_layout 990:Src text UUid:9463e9d6-02d6-4857-9f39-9338e5245ef5
11-12 22:57:11 com_github_MitjaNemec_ReplicateLayout.replicate_layout 991:Dst text UUid:2e212754-34f3-4e05-b313-0841c336e12b
11-12 22:57:11 com_github_MitjaNemec_ReplicateLayout.replicate_layout 990:Src text UUid:0739365c-df74-44fd-a386-04c3841e72b1
11-12 22:57:11 com_github_MitjaNemec_ReplicateLayout.replicate_layout 991:Dst text UUid:cdb17b49-bb57-4821-9a2f-baed56d45259
11-12 22:57:11 com_github_MitjaNemec_ReplicateLayout.replicate_layout 990:Src text UUid:5d666820-e369-4ddd-b676-a3f134ad7960
11-12 22:57:11 com_github_MitjaNemec_ReplicateLayout.replicate_layout 991:Dst text UUid:bbf21de2-4c0a-42f4-914d-f6983a784db3
11-12 22:57:11 com_github_MitjaNemec_ReplicateLayout.replicate_layout 888:Replicating footprint: 'LED144'
11-12 22:57:11 com_github_MitjaNemec_ReplicateLayout.replicate_layout 835:Src fp.id: '0810E186-22BD-4094-A943-28056DB37E18'
11-12 22:57:11 com_github_MitjaNemec_ReplicateLayout.replicate_layout 839:Dst fp.id: '0810E186-22BD-4094-A943-28056DB37E18'
11-12 22:57:11 com_github_MitjaNemec_ReplicateLayout.replicate_layout 895:found match in dst footprint: 'LED297'
11-12 22:57:11 com_github_MitjaNemec_ReplicateLayout.replicate_layout 990:Src text UUid:d4f51115-0b40-4019-a418-64c3b5390a72
11-12 22:57:11 com_github_MitjaNemec_ReplicateLayout.replicate_layout 991:Dst text UUid:68932af0-023e-4e95-b772-e6d360d6fd44
11-12 22:57:11 com_github_MitjaNemec_ReplicateLayout.replicate_layout 990:Src text UUid:0ff00c33-2d97-415c-a383-5b222a06a46e
11-12 22:57:11 com_github_MitjaNemec_ReplicateLayout.replicate_layout 991:Dst text UUid:a1307cd8-8de1-4592-a2e2-7c862a67426a
11-12 22:57:11 com_github_MitjaNemec_ReplicateLayout.replicate_layout 990:Src text UUid:dde8ebf1-c0d6-4c52-86e2-7e3a65d80d5a
11-12 22:57:11 com_github_MitjaNemec_ReplicateLayout.replicate_layout 991:Dst text UUid:6caaa9fe-0096-43f4-90a6-b0bad1f1efe8
11-12 22:57:11 com_github_MitjaNemec_ReplicateLayout.replicate_layout 870:Replicating footprints on sheet ['Top', 'LEDs_Bottom', 'LEDS_discreet', 'LED_single']
11-12 22:57:11 com_github_MitjaNemec_ReplicateLayout.replicate_layout 835:Src fp.id: '0C09B42A-D4DF-4F87-AFF4-5296AF118FDF'
11-12 22:57:11 com_github_MitjaNemec_ReplicateLayout.replicate_layout 839:Dst fp.id: '0C09B42A-D4DF-4F87-AFF4-5296AF118FDF'
11-12 22:57:11 com_github_MitjaNemec_ReplicateLayout.replicate_layout 888:Replicating footprint: 'U153'
11-12 22:57:11 com_github_MitjaNemec_ReplicateLayout.replicate_layout 835:Src fp.id: 'EB896E0D-DC1C-402A-A83E-7193E291B78E'
11-12 22:57:11 com_github_MitjaNemec_ReplicateLayout.replicate_layout 839:Dst fp.id: 'EB896E0D-DC1C-402A-A83E-7193E291B78E'
11-12 22:57:11 com_github_MitjaNemec_ReplicateLayout.replicate_layout 895:found match in dst footprint: 'U195'
11-12 22:57:11 com_github_MitjaNemec_ReplicateLayout.replicate_layout 990:Src text UUid:110b3224-b357-4118-9c08-b3fded705e4b
11-12 22:57:11 com_github_MitjaNemec_ReplicateLayout.replicate_layout 991:Dst text UUid:57aa6fd6-d050-49d7-a706-af9e857c6e10
11-12 22:57:11 com_github_MitjaNemec_ReplicateLayout.replicate_layout 990:Src text UUid:b9e7f770-21cd-4948-9662-6e0ac7df885e
11-12 22:57:11 com_github_MitjaNemec_ReplicateLayout.replicate_layout 991:Dst text UUid:8da5b547-63a6-44df-b82b-591f492288c2
11-12 22:57:11 com_github_MitjaNemec_ReplicateLayout.replicate_layout 990:Src text UUid:eaba7cf7-101e-4672-ad3c-d50ac347e980
11-12 22:57:11 com_github_MitjaNemec_ReplicateLayout.replicate_layout 991:Dst text UUid:7562fcbc-ff7c-47d0-906f-730b49ab848e
11-12 22:57:11 com_github_MitjaNemec_ReplicateLayout.replicate_layout 888:Replicating footprint: 'R196'
11-12 22:57:11 root 345:updating GUI with: 51
11-12 22:57:11 com_github_MitjaNemec_ReplicateLayout.replicate_layout 835:Src fp.id: '28A8D9BC-2140-4FD7-9BA9-4E17A2CADB20'
11-12 22:57:11 com_github_MitjaNemec_ReplicateLayout.replicate_layout 839:Dst fp.id: '28A8D9BC-2140-4FD7-9BA9-4E17A2CADB20'
11-12 22:57:11 com_github_MitjaNemec_ReplicateLayout.replicate_layout 895:found match in dst footprint: 'R253'
11-12 22:57:11 com_github_MitjaNemec_ReplicateLayout.replicate_layout 990:Src text UUid:10a75789-866c-466a-b99e-1669393a4dc9
11-12 22:57:11 com_github_MitjaNemec_ReplicateLayout.replicate_layout 991:Dst text UUid:54440ec1-4bce-41c4-aef6-6206d606f51a
11-12 22:57:11 com_github_MitjaNemec_ReplicateLayout.replicate_layout 990:Src text UUid:26f5deef-302c-459b-9fc1-9a4618773440
11-12 22:57:11 com_github_MitjaNemec_ReplicateLayout.replicate_layout 991:Dst text UUid:84a8ea70-40df-41c4-83cf-3ee45d27c3ae
11-12 22:57:11 com_github_MitjaNemec_ReplicateLayout.replicate_layout 990:Src text UUid:a58fc8cd-c2ef-4a2e-8f35-9edf2c2f6adb
11-12 22:57:11 com_github_MitjaNemec_ReplicateLayout.replicate_layout 991:Dst text UUid:e6b258ba-f3d5-4996-9652-a882f23536d0
11-12 22:57:11 com_github_MitjaNemec_ReplicateLayout.replicate_layout 888:Replicating footprint: 'R197'
11-12 22:57:11 com_github_MitjaNemec_ReplicateLayout.replicate_layout 835:Src fp.id: '55391442-DACB-4265-94E5-89EFFD14C302'
11-12 22:57:11 com_github_MitjaNemec_ReplicateLayout.replicate_layout 839:Dst fp.id: '55391442-DACB-4265-94E5-89EFFD14C302'
11-12 22:57:11 com_github_MitjaNemec_ReplicateLayout.replicate_layout 895:found match in dst footprint: 'R254'
11-12 22:57:11 com_github_MitjaNemec_ReplicateLayout.replicate_layout 990:Src text UUid:6cd10716-af31-44d4-bad9-a9da97fd4924
11-12 22:57:11 com_github_MitjaNemec_ReplicateLayout.replicate_layout 991:Dst text UUid:20139a18-f780-4f44-8be6-b27c9160c1c0
11-12 22:57:11 com_github_MitjaNemec_ReplicateLayout.replicate_layout 990:Src text UUid:65380ce8-601c-4762-983f-4bdb6ed67bde
11-12 22:57:11 com_github_MitjaNemec_ReplicateLayout.replicate_layout 991:Dst text UUid:6778811d-a4df-40fb-a6eb-bf9428d01899
11-12 22:57:11 com_github_MitjaNemec_ReplicateLayout.replicate_layout 990:Src text UUid:94d012b9-077f-436c-a4d8-e5bb00c165ba
11-12 22:57:11 com_github_MitjaNemec_ReplicateLayout.replicate_layout 991:Dst text UUid:881fb166-4066-484d-9851-4f629b0d359b
11-12 22:57:11 com_github_MitjaNemec_ReplicateLayout.replicate_layout 888:Replicating footprint: 'U152'
11-12 22:57:11 com_github_MitjaNemec_ReplicateLayout.replicate_layout 835:Src fp.id: '62B3827C-A320-4AD6-A424-1485EF65900D'
11-12 22:57:11 com_github_MitjaNemec_ReplicateLayout.replicate_layout 839:Dst fp.id: '62B3827C-A320-4AD6-A424-1485EF65900D'
11-12 22:57:11 com_github_MitjaNemec_ReplicateLayout.replicate_layout 895:found match in dst footprint: 'U266'
11-12 22:57:11 com_github_MitjaNemec_ReplicateLayout.replicate_layout 990:Src text UUid:c50c72b1-94e3-4159-a219-37f741e82a7c
11-12 22:57:11 com_github_MitjaNemec_ReplicateLayout.replicate_layout 991:Dst text UUid:e5e69fe8-884c-48b1-98f9-6557b53f3ebe
11-12 22:57:11 com_github_MitjaNemec_ReplicateLayout.replicate_layout 990:Src text UUid:292e74a5-6b55-4359-be57-8b0026051126
11-12 22:57:11 com_github_MitjaNemec_ReplicateLayout.replicate_layout 991:Dst text UUid:d32b8445-932b-46af-b9de-c644e9183c97
11-12 22:57:11 com_github_MitjaNemec_ReplicateLayout.replicate_layout 990:Src text UUid:22c9f63c-bdf9-47e9-ae01-74d81cfbd908
11-12 22:57:11 com_github_MitjaNemec_ReplicateLayout.replicate_layout 991:Dst text UUid:458f1621-36bd-4a16-b284-04e5aa523bfc
11-12 22:57:11 com_github_MitjaNemec_ReplicateLayout.replicate_layout 888:Replicating footprint: 'R198'
11-12 22:57:11 com_github_MitjaNemec_ReplicateLayout.replicate_layout 835:Src fp.id: '2D77C678-F455-47D6-93BD-3ED95A089C96'
11-12 22:57:11 com_github_MitjaNemec_ReplicateLayout.replicate_layout 839:Dst fp.id: '2D77C678-F455-47D6-93BD-3ED95A089C96'
11-12 22:57:11 com_github_MitjaNemec_ReplicateLayout.replicate_layout 895:found match in dst footprint: 'R255'
11-12 22:57:11 com_github_MitjaNemec_ReplicateLayout.replicate_layout 990:Src text UUid:026024b2-ee3d-495c-b376-571543d60a54
11-12 22:57:11 com_github_MitjaNemec_ReplicateLayout.replicate_layout 991:Dst text UUid:98bb5e6b-a0f6-44d4-9d20-dc00dc170bef
11-12 22:57:11 com_github_MitjaNemec_ReplicateLayout.replicate_layout 990:Src text UUid:23dd6946-9981-4c83-9d25-050d5e9bece6
11-12 22:57:11 com_github_MitjaNemec_ReplicateLayout.replicate_layout 991:Dst text UUid:9cdb98d5-f89c-4034-bd76-c13b7b70a029
11-12 22:57:11 com_github_MitjaNemec_ReplicateLayout.replicate_layout 990:Src text UUid:8cb67b8b-8668-4222-8264-d0248233162e
11-12 22:57:11 com_github_MitjaNemec_ReplicateLayout.replicate_layout 991:Dst text UUid:49638807-2871-4a49-8628-47014b7cc1ec
11-12 22:57:11 com_github_MitjaNemec_ReplicateLayout.replicate_layout 888:Replicating footprint: 'LED143'
11-12 22:57:11 com_github_MitjaNemec_ReplicateLayout.replicate_layout 835:Src fp.id: '2ABC1D4C-0E8C-4F90-9BF0-DF151C3D99F0'
11-12 22:57:11 com_github_MitjaNemec_ReplicateLayout.replicate_layout 839:Dst fp.id: '2ABC1D4C-0E8C-4F90-9BF0-DF151C3D99F0'
11-12 22:57:11 com_github_MitjaNemec_ReplicateLayout.replicate_layout 895:found match in dst footprint: 'LED200'
11-12 22:57:11 com_github_MitjaNemec_ReplicateLayout.replicate_layout 990:Src text UUid:cb110f2a-a8eb-4aca-b5bc-ff7ccb902aef
11-12 22:57:11 com_github_MitjaNemec_ReplicateLayout.replicate_layout 991:Dst text UUid:451bc45b-0069-4c03-9f18-5b5c3973ab79
11-12 22:57:11 com_github_MitjaNemec_ReplicateLayout.replicate_layout 990:Src text UUid:cbc54092-ef49-4a91-b324-f6377248bdf9
11-12 22:57:11 com_github_MitjaNemec_ReplicateLayout.replicate_layout 991:Dst text UUid:04639b8a-38af-47e4-ac80-963abf6f3e1c
11-12 22:57:11 com_github_MitjaNemec_ReplicateLayout.replicate_layout 990:Src text UUid:a432e7aa-3bd5-4cba-b765-9f5f9481582e
11-12 22:57:11 com_github_MitjaNemec_ReplicateLayout.replicate_layout 991:Dst text UUid:8c9ca8f3-42c4-4aae-9b8c-25d5ae225cb2
11-12 22:57:11 com_github_MitjaNemec_ReplicateLayout.replicate_layout 888:Replicating footprint: 'LED142'
11-12 22:57:11 com_github_MitjaNemec_ReplicateLayout.replicate_layout 835:Src fp.id: '0C09B42A-D4DF-4F87-AFF4-5296AF118FDF'
11-12 22:57:11 com_github_MitjaNemec_ReplicateLayout.replicate_layout 839:Dst fp.id: '0C09B42A-D4DF-4F87-AFF4-5296AF118FDF'
11-12 22:57:11 com_github_MitjaNemec_ReplicateLayout.replicate_layout 895:found match in dst footprint: 'LED199'
11-12 22:57:11 com_github_MitjaNemec_ReplicateLayout.replicate_layout 990:Src text UUid:9463e9d6-02d6-4857-9f39-9338e5245ef5
11-12 22:57:11 com_github_MitjaNemec_ReplicateLayout.replicate_layout 991:Dst text UUid:f9b20d19-f6f3-4851-888f-1410358df847
11-12 22:57:11 com_github_MitjaNemec_ReplicateLayout.replicate_layout 990:Src text UUid:0739365c-df74-44fd-a386-04c3841e72b1
11-12 22:57:11 com_github_MitjaNemec_ReplicateLayout.replicate_layout 991:Dst text UUid:79a07b05-7b3b-427d-8bfc-91594f57a5da
11-12 22:57:11 com_github_MitjaNemec_ReplicateLayout.replicate_layout 990:Src text UUid:5d666820-e369-4ddd-b676-a3f134ad7960
11-12 22:57:11 com_github_MitjaNemec_ReplicateLayout.replicate_layout 991:Dst text UUid:2f8e8eff-fa9f-4011-b42d-207c9e92ea58
11-12 22:57:11 com_github_MitjaNemec_ReplicateLayout.replicate_layout 888:Replicating footprint: 'LED144'
11-12 22:57:11 com_github_MitjaNemec_ReplicateLayout.replicate_layout 835:Src fp.id: '0810E186-22BD-4094-A943-28056DB37E18'
11-12 22:57:11 com_github_MitjaNemec_ReplicateLayout.replicate_layout 839:Dst fp.id: '0810E186-22BD-4094-A943-28056DB37E18'
11-12 22:57:11 com_github_MitjaNemec_ReplicateLayout.replicate_layout 895:found match in dst footprint: 'LED201'
11-12 22:57:11 com_github_MitjaNemec_ReplicateLayout.replicate_layout 990:Src text UUid:d4f51115-0b40-4019-a418-64c3b5390a72
11-12 22:57:11 com_github_MitjaNemec_ReplicateLayout.replicate_layout 991:Dst text UUid:61c2acc0-a59f-4462-a849-23a78b939d93
11-12 22:57:11 com_github_MitjaNemec_ReplicateLayout.replicate_layout 990:Src text UUid:0ff00c33-2d97-415c-a383-5b222a06a46e
11-12 22:57:11 com_github_MitjaNemec_ReplicateLayout.replicate_layout 991:Dst text UUid:513e6186-c7ba-493b-be39-fb8f7fa72b92
11-12 22:57:11 com_github_MitjaNemec_ReplicateLayout.replicate_layout 990:Src text UUid:dde8ebf1-c0d6-4c52-86e2-7e3a65d80d5a
11-12 22:57:11 com_github_MitjaNemec_ReplicateLayout.replicate_layout 991:Dst text UUid:da12597b-ae2c-4cf7-b9b3-ff943650b51a
11-12 22:57:11 com_github_MitjaNemec_ReplicateLayout.replicate_layout 870:Replicating footprints on sheet ['Top', 'LEDs_Bottom', 'LEDS_discreet', 'LED_single1']
11-12 22:57:11 com_github_MitjaNemec_ReplicateLayout.replicate_layout 835:Src fp.id: '0C09B42A-D4DF-4F87-AFF4-5296AF118FDF'
11-12 22:57:11 com_github_MitjaNemec_ReplicateLayout.replicate_layout 839:Dst fp.id: '0C09B42A-D4DF-4F87-AFF4-5296AF118FDF'
11-12 22:57:11 com_github_MitjaNemec_ReplicateLayout.replicate_layout 888:Replicating footprint: 'U153'
11-12 22:57:11 com_github_MitjaNemec_ReplicateLayout.replicate_layout 835:Src fp.id: 'EB896E0D-DC1C-402A-A83E-7193E291B78E'
11-12 22:57:11 com_github_MitjaNemec_ReplicateLayout.replicate_layout 839:Dst fp.id: 'EB896E0D-DC1C-402A-A83E-7193E291B78E'
11-12 22:57:11 com_github_MitjaNemec_ReplicateLayout.replicate_layout 895:found match in dst footprint: 'U139'
11-12 22:57:11 com_github_MitjaNemec_ReplicateLayout.replicate_layout 990:Src text UUid:110b3224-b357-4118-9c08-b3fded705e4b
11-12 22:57:11 com_github_MitjaNemec_ReplicateLayout.replicate_layout 991:Dst text UUid:e59e2ccd-37d0-448a-873a-513ea6213ab1
11-12 22:57:11 com_github_MitjaNemec_ReplicateLayout.replicate_layout 990:Src text UUid:b9e7f770-21cd-4948-9662-6e0ac7df885e
11-12 22:57:11 com_github_MitjaNemec_ReplicateLayout.replicate_layout 991:Dst text UUid:41e72bd3-5fda-485e-be86-b0aeead636cf
11-12 22:57:11 com_github_MitjaNemec_ReplicateLayout.replicate_layout 990:Src text UUid:eaba7cf7-101e-4672-ad3c-d50ac347e980
11-12 22:57:11 com_github_MitjaNemec_ReplicateLayout.replicate_layout 991:Dst text UUid:04543155-8ad0-46ba-9b00-dc50cfd51404
11-12 22:57:11 com_github_MitjaNemec_ReplicateLayout.replicate_layout 888:Replicating footprint: 'R196'
11-12 22:57:11 com_github_MitjaNemec_ReplicateLayout.replicate_layout 835:Src fp.id: '28A8D9BC-2140-4FD7-9BA9-4E17A2CADB20'
11-12 22:57:11 com_github_MitjaNemec_ReplicateLayout.replicate_layout 839:Dst fp.id: '28A8D9BC-2140-4FD7-9BA9-4E17A2CADB20'
11-12 22:57:11 com_github_MitjaNemec_ReplicateLayout.replicate_layout 895:found match in dst footprint: 'R178'
11-12 22:57:11 com_github_MitjaNemec_ReplicateLayout.replicate_layout 990:Src text UUid:10a75789-866c-466a-b99e-1669393a4dc9
11-12 22:57:11 com_github_MitjaNemec_ReplicateLayout.replicate_layout 991:Dst text UUid:4afaeddb-29d7-4fcc-81f3-4cd0fffdf7ed
11-12 22:57:11 com_github_MitjaNemec_ReplicateLayout.replicate_layout 990:Src text UUid:26f5deef-302c-459b-9fc1-9a4618773440
11-12 22:57:11 com_github_MitjaNemec_ReplicateLayout.replicate_layout 991:Dst text UUid:8307c329-313c-4f64-913e-8097419ec5a6
11-12 22:57:11 com_github_MitjaNemec_ReplicateLayout.replicate_layout 990:Src text UUid:a58fc8cd-c2ef-4a2e-8f35-9edf2c2f6adb
11-12 22:57:11 com_github_MitjaNemec_ReplicateLayout.replicate_layout 991:Dst text UUid:22c2d701-5e43-4e6e-aeed-081809878dff
11-12 22:57:11 com_github_MitjaNemec_ReplicateLayout.replicate_layout 888:Replicating footprint: 'R197'
11-12 22:57:11 com_github_MitjaNemec_ReplicateLayout.replicate_layout 835:Src fp.id: '55391442-DACB-4265-94E5-89EFFD14C302'
11-12 22:57:11 com_github_MitjaNemec_ReplicateLayout.replicate_layout 839:Dst fp.id: '55391442-DACB-4265-94E5-89EFFD14C302'
11-12 22:57:11 com_github_MitjaNemec_ReplicateLayout.replicate_layout 895:found match in dst footprint: 'R179'
11-12 22:57:11 com_github_MitjaNemec_ReplicateLayout.replicate_layout 990:Src text UUid:6cd10716-af31-44d4-bad9-a9da97fd4924
11-12 22:57:11 com_github_MitjaNemec_ReplicateLayout.replicate_layout 991:Dst text UUid:e1e44bd1-3aff-4db2-9560-c3e3efe82de1
11-12 22:57:11 com_github_MitjaNemec_ReplicateLayout.replicate_layout 990:Src text UUid:65380ce8-601c-4762-983f-4bdb6ed67bde
11-12 22:57:11 com_github_MitjaNemec_ReplicateLayout.replicate_layout 991:Dst text UUid:ee9d88a0-4105-4263-934a-7356e71d4969
11-12 22:57:11 com_github_MitjaNemec_ReplicateLayout.replicate_layout 990:Src text UUid:94d012b9-077f-436c-a4d8-e5bb00c165ba
11-12 22:57:11 com_github_MitjaNemec_ReplicateLayout.replicate_layout 991:Dst text UUid:9ef87186-8443-4220-8af2-4e6479022111
11-12 22:57:11 com_github_MitjaNemec_ReplicateLayout.replicate_layout 888:Replicating footprint: 'U152'
11-12 22:57:11 com_github_MitjaNemec_ReplicateLayout.replicate_layout 835:Src fp.id: '62B3827C-A320-4AD6-A424-1485EF65900D'
11-12 22:57:11 com_github_MitjaNemec_ReplicateLayout.replicate_layout 839:Dst fp.id: '62B3827C-A320-4AD6-A424-1485EF65900D'
11-12 22:57:11 com_github_MitjaNemec_ReplicateLayout.replicate_layout 895:found match in dst footprint: 'U138'
11-12 22:57:11 com_github_MitjaNemec_ReplicateLayout.replicate_layout 990:Src text UUid:c50c72b1-94e3-4159-a219-37f741e82a7c
11-12 22:57:11 com_github_MitjaNemec_ReplicateLayout.replicate_layout 991:Dst text UUid:1bc46b7e-32a5-4921-91c2-9a05e0b0bf1e
11-12 22:57:11 com_github_MitjaNemec_ReplicateLayout.replicate_layout 990:Src text UUid:292e74a5-6b55-4359-be57-8b0026051126
11-12 22:57:11 com_github_MitjaNemec_ReplicateLayout.replicate_layout 991:Dst text UUid:d96c533f-08b1-43ac-93e0-229936c97bc9
11-12 22:57:11 com_github_MitjaNemec_ReplicateLayout.replicate_layout 990:Src text UUid:22c9f63c-bdf9-47e9-ae01-74d81cfbd908
11-12 22:57:11 com_github_MitjaNemec_ReplicateLayout.replicate_layout 991:Dst text UUid:384da14a-230d-4037-a9a7-3069237aee7b
11-12 22:57:11 com_github_MitjaNemec_ReplicateLayout.replicate_layout 888:Replicating footprint: 'R198'
11-12 22:57:11 com_github_MitjaNemec_ReplicateLayout.replicate_layout 835:Src fp.id: '2D77C678-F455-47D6-93BD-3ED95A089C96'
11-12 22:57:11 com_github_MitjaNemec_ReplicateLayout.replicate_layout 839:Dst fp.id: '2D77C678-F455-47D6-93BD-3ED95A089C96'
11-12 22:57:11 com_github_MitjaNemec_ReplicateLayout.replicate_layout 895:found match in dst footprint: 'R180'
11-12 22:57:11 com_github_MitjaNemec_ReplicateLayout.replicate_layout 990:Src text UUid:026024b2-ee3d-495c-b376-571543d60a54
11-12 22:57:11 com_github_MitjaNemec_ReplicateLayout.replicate_layout 991:Dst text UUid:256be775-f22a-4bfa-8595-a518479ccbf2
11-12 22:57:11 com_github_MitjaNemec_ReplicateLayout.replicate_layout 990:Src text UUid:23dd6946-9981-4c83-9d25-050d5e9bece6
11-12 22:57:11 com_github_MitjaNemec_ReplicateLayout.replicate_layout 991:Dst text UUid:be3926f0-bcab-4079-bad2-f2b3420c44e9
11-12 22:57:11 com_github_MitjaNemec_ReplicateLayout.replicate_layout 990:Src text UUid:8cb67b8b-8668-4222-8264-d0248233162e
11-12 22:57:11 com_github_MitjaNemec_ReplicateLayout.replicate_layout 991:Dst text UUid:2333251d-601a-4e2a-8655-9c35b18a6d59
11-12 22:57:11 com_github_MitjaNemec_ReplicateLayout.replicate_layout 888:Replicating footprint: 'LED143'
11-12 22:57:11 com_github_MitjaNemec_ReplicateLayout.replicate_layout 835:Src fp.id: '2ABC1D4C-0E8C-4F90-9BF0-DF151C3D99F0'
11-12 22:57:11 com_github_MitjaNemec_ReplicateLayout.replicate_layout 839:Dst fp.id: '2ABC1D4C-0E8C-4F90-9BF0-DF151C3D99F0'
11-12 22:57:11 com_github_MitjaNemec_ReplicateLayout.replicate_layout 895:found match in dst footprint: 'LED125'
11-12 22:57:11 com_github_MitjaNemec_ReplicateLayout.replicate_layout 990:Src text UUid:cb110f2a-a8eb-4aca-b5bc-ff7ccb902aef
11-12 22:57:11 com_github_MitjaNemec_ReplicateLayout.replicate_layout 991:Dst text UUid:d3365335-1462-4f18-ae65-0147458d1f94
11-12 22:57:11 com_github_MitjaNemec_ReplicateLayout.replicate_layout 990:Src text UUid:cbc54092-ef49-4a91-b324-f6377248bdf9
11-12 22:57:11 com_github_MitjaNemec_ReplicateLayout.replicate_layout 991:Dst text UUid:853ffa08-a540-4e82-b752-64904447d741
11-12 22:57:11 com_github_MitjaNemec_ReplicateLayout.replicate_layout 990:Src text UUid:a432e7aa-3bd5-4cba-b765-9f5f9481582e
11-12 22:57:11 com_github_MitjaNemec_ReplicateLayout.replicate_layout 991:Dst text UUid:8b57fddd-9c1e-4d9d-a6b7-c1214533273d
11-12 22:57:11 com_github_MitjaNemec_ReplicateLayout.replicate_layout 888:Replicating footprint: 'LED142'
11-12 22:57:11 com_github_MitjaNemec_ReplicateLayout.replicate_layout 835:Src fp.id: '0C09B42A-D4DF-4F87-AFF4-5296AF118FDF'
11-12 22:57:11 com_github_MitjaNemec_ReplicateLayout.replicate_layout 839:Dst fp.id: '0C09B42A-D4DF-4F87-AFF4-5296AF118FDF'
11-12 22:57:11 com_github_MitjaNemec_ReplicateLayout.replicate_layout 895:found match in dst footprint: 'LED124'
11-12 22:57:11 com_github_MitjaNemec_ReplicateLayout.replicate_layout 990:Src text UUid:9463e9d6-02d6-4857-9f39-9338e5245ef5
11-12 22:57:11 com_github_MitjaNemec_ReplicateLayout.replicate_layout 991:Dst text UUid:250f95e0-3fed-4d15-87c0-10b8701c01bc
11-12 22:57:11 com_github_MitjaNemec_ReplicateLayout.replicate_layout 990:Src text UUid:0739365c-df74-44fd-a386-04c3841e72b1
11-12 22:57:11 com_github_MitjaNemec_ReplicateLayout.replicate_layout 991:Dst text UUid:ed4c1a27-d9cc-4ecd-b29a-33d097eb74d4
11-12 22:57:11 com_github_MitjaNemec_ReplicateLayout.replicate_layout 990:Src text UUid:5d666820-e369-4ddd-b676-a3f134ad7960
11-12 22:57:11 com_github_MitjaNemec_ReplicateLayout.replicate_layout 991:Dst text UUid:a42ecc9b-3c0d-4afb-ad10-158c0903860e
11-12 22:57:11 com_github_MitjaNemec_ReplicateLayout.replicate_layout 888:Replicating footprint: 'LED144'
11-12 22:57:11 com_github_MitjaNemec_ReplicateLayout.replicate_layout 835:Src fp.id: '0810E186-22BD-4094-A943-28056DB37E18'
11-12 22:57:11 com_github_MitjaNemec_ReplicateLayout.replicate_layout 839:Dst fp.id: '0810E186-22BD-4094-A943-28056DB37E18'
11-12 22:57:11 com_github_MitjaNemec_ReplicateLayout.replicate_layout 895:found match in dst footprint: 'LED126'
11-12 22:57:11 com_github_MitjaNemec_ReplicateLayout.replicate_layout 990:Src text UUid:d4f51115-0b40-4019-a418-64c3b5390a72
11-12 22:57:11 com_github_MitjaNemec_ReplicateLayout.replicate_layout 991:Dst text UUid:3cf93631-eae0-4e31-9552-f8e1b899f1f3
11-12 22:57:11 com_github_MitjaNemec_ReplicateLayout.replicate_layout 990:Src text UUid:0ff00c33-2d97-415c-a383-5b222a06a46e
11-12 22:57:11 com_github_MitjaNemec_ReplicateLayout.replicate_layout 991:Dst text UUid:65ab187e-2661-4513-a9b8-4c2bc6339a05
11-12 22:57:11 com_github_MitjaNemec_ReplicateLayout.replicate_layout 990:Src text UUid:dde8ebf1-c0d6-4c52-86e2-7e3a65d80d5a
11-12 22:57:11 com_github_MitjaNemec_ReplicateLayout.replicate_layout 991:Dst text UUid:84cf03a5-be1a-48da-a125-0974312feeff
11-12 22:57:11 com_github_MitjaNemec_ReplicateLayout.replicate_layout 870:Replicating footprints on sheet ['Top', 'LEDs_Bottom', 'LEDS_discreet', 'LED_single2']
11-12 22:57:11 com_github_MitjaNemec_ReplicateLayout.replicate_layout 835:Src fp.id: '0C09B42A-D4DF-4F87-AFF4-5296AF118FDF'
11-12 22:57:11 com_github_MitjaNemec_ReplicateLayout.replicate_layout 839:Dst fp.id: '0C09B42A-D4DF-4F87-AFF4-5296AF118FDF'
11-12 22:57:11 com_github_MitjaNemec_ReplicateLayout.replicate_layout 888:Replicating footprint: 'U153'
11-12 22:57:11 com_github_MitjaNemec_ReplicateLayout.replicate_layout 835:Src fp.id: 'EB896E0D-DC1C-402A-A83E-7193E291B78E'
11-12 22:57:11 com_github_MitjaNemec_ReplicateLayout.replicate_layout 839:Dst fp.id: 'EB896E0D-DC1C-402A-A83E-7193E291B78E'
11-12 22:57:11 com_github_MitjaNemec_ReplicateLayout.replicate_layout 895:found match in dst footprint: 'U161'
11-12 22:57:11 com_github_MitjaNemec_ReplicateLayout.replicate_layout 990:Src text UUid:110b3224-b357-4118-9c08-b3fded705e4b
11-12 22:57:11 com_github_MitjaNemec_ReplicateLayout.replicate_layout 991:Dst text UUid:fcd20870-d26e-4037-ba4a-761890412271
11-12 22:57:11 com_github_MitjaNemec_ReplicateLayout.replicate_layout 990:Src text UUid:b9e7f770-21cd-4948-9662-6e0ac7df885e
11-12 22:57:11 com_github_MitjaNemec_ReplicateLayout.replicate_layout 991:Dst text UUid:57897d2f-561d-4144-9fb6-d6acbb6a1136
11-12 22:57:11 com_github_MitjaNemec_ReplicateLayout.replicate_layout 990:Src text UUid:eaba7cf7-101e-4672-ad3c-d50ac347e980
11-12 22:57:11 com_github_MitjaNemec_ReplicateLayout.replicate_layout 991:Dst text UUid:363cbf00-0345-47f9-bb52-f4101a11a864
11-12 22:57:11 com_github_MitjaNemec_ReplicateLayout.replicate_layout 888:Replicating footprint: 'R196'
11-12 22:57:11 com_github_MitjaNemec_ReplicateLayout.replicate_layout 835:Src fp.id: '28A8D9BC-2140-4FD7-9BA9-4E17A2CADB20'
11-12 22:57:11 com_github_MitjaNemec_ReplicateLayout.replicate_layout 839:Dst fp.id: '28A8D9BC-2140-4FD7-9BA9-4E17A2CADB20'
11-12 22:57:11 com_github_MitjaNemec_ReplicateLayout.replicate_layout 895:found match in dst footprint: 'R208'
11-12 22:57:11 com_github_MitjaNemec_ReplicateLayout.replicate_layout 990:Src text UUid:10a75789-866c-466a-b99e-1669393a4dc9
11-12 22:57:11 com_github_MitjaNemec_ReplicateLayout.replicate_layout 991:Dst text UUid:7df7c244-f312-4b09-97b4-23b01775bba7
11-12 22:57:11 com_github_MitjaNemec_ReplicateLayout.replicate_layout 990:Src text UUid:26f5deef-302c-459b-9fc1-9a4618773440
11-12 22:57:11 com_github_MitjaNemec_ReplicateLayout.replicate_layout 991:Dst text UUid:aafaaa0f-3d14-4541-9979-453bcfa9007b
11-12 22:57:11 com_github_MitjaNemec_ReplicateLayout.replicate_layout 990:Src text UUid:a58fc8cd-c2ef-4a2e-8f35-9edf2c2f6adb
11-12 22:57:11 com_github_MitjaNemec_ReplicateLayout.replicate_layout 991:Dst text UUid:8782362e-70f6-43dd-9cb8-14dfc84de4e6
11-12 22:57:11 com_github_MitjaNemec_ReplicateLayout.replicate_layout 888:Replicating footprint: 'R197'
11-12 22:57:11 root 345:updating GUI with: 54
11-12 22:57:11 com_github_MitjaNemec_ReplicateLayout.replicate_layout 835:Src fp.id: '55391442-DACB-4265-94E5-89EFFD14C302'
11-12 22:57:11 com_github_MitjaNemec_ReplicateLayout.replicate_layout 839:Dst fp.id: '55391442-DACB-4265-94E5-89EFFD14C302'
11-12 22:57:11 com_github_MitjaNemec_ReplicateLayout.replicate_layout 895:found match in dst footprint: 'R209'
11-12 22:57:11 com_github_MitjaNemec_ReplicateLayout.replicate_layout 990:Src text UUid:6cd10716-af31-44d4-bad9-a9da97fd4924
11-12 22:57:11 com_github_MitjaNemec_ReplicateLayout.replicate_layout 991:Dst text UUid:44cd21c7-91ba-4487-a74f-92b94d576c82
11-12 22:57:11 com_github_MitjaNemec_ReplicateLayout.replicate_layout 990:Src text UUid:65380ce8-601c-4762-983f-4bdb6ed67bde
11-12 22:57:11 com_github_MitjaNemec_ReplicateLayout.replicate_layout 991:Dst text UUid:d8a7873b-9ab1-4c20-be27-3868b144557f
11-12 22:57:11 com_github_MitjaNemec_ReplicateLayout.replicate_layout 990:Src text UUid:94d012b9-077f-436c-a4d8-e5bb00c165ba
11-12 22:57:11 com_github_MitjaNemec_ReplicateLayout.replicate_layout 991:Dst text UUid:0a516ef8-3b8c-46e8-934b-245de10518cf
11-12 22:57:11 com_github_MitjaNemec_ReplicateLayout.replicate_layout 888:Replicating footprint: 'U152'
11-12 22:57:11 com_github_MitjaNemec_ReplicateLayout.replicate_layout 835:Src fp.id: '62B3827C-A320-4AD6-A424-1485EF65900D'
11-12 22:57:11 com_github_MitjaNemec_ReplicateLayout.replicate_layout 839:Dst fp.id: '62B3827C-A320-4AD6-A424-1485EF65900D'
11-12 22:57:11 com_github_MitjaNemec_ReplicateLayout.replicate_layout 895:found match in dst footprint: 'U160'
11-12 22:57:11 com_github_MitjaNemec_ReplicateLayout.replicate_layout 990:Src text UUid:c50c72b1-94e3-4159-a219-37f741e82a7c
11-12 22:57:11 com_github_MitjaNemec_ReplicateLayout.replicate_layout 991:Dst text UUid:365d642f-291f-4a5b-b6d3-f1c37251eea6
11-12 22:57:11 com_github_MitjaNemec_ReplicateLayout.replicate_layout 990:Src text UUid:292e74a5-6b55-4359-be57-8b0026051126
11-12 22:57:11 com_github_MitjaNemec_ReplicateLayout.replicate_layout 991:Dst text UUid:0f65464f-d18c-4ea6-86f4-cf85818da9ef
11-12 22:57:11 com_github_MitjaNemec_ReplicateLayout.replicate_layout 990:Src text UUid:22c9f63c-bdf9-47e9-ae01-74d81cfbd908
11-12 22:57:11 com_github_MitjaNemec_ReplicateLayout.replicate_layout 991:Dst text UUid:92428900-d9ff-42aa-b638-5f9c576598ff
11-12 22:57:11 com_github_MitjaNemec_ReplicateLayout.replicate_layout 888:Replicating footprint: 'R198'
11-12 22:57:11 com_github_MitjaNemec_ReplicateLayout.replicate_layout 835:Src fp.id: '2D77C678-F455-47D6-93BD-3ED95A089C96'
11-12 22:57:11 com_github_MitjaNemec_ReplicateLayout.replicate_layout 839:Dst fp.id: '2D77C678-F455-47D6-93BD-3ED95A089C96'
11-12 22:57:11 com_github_MitjaNemec_ReplicateLayout.replicate_layout 895:found match in dst footprint: 'R210'
11-12 22:57:11 com_github_MitjaNemec_ReplicateLayout.replicate_layout 990:Src text UUid:026024b2-ee3d-495c-b376-571543d60a54
11-12 22:57:11 com_github_MitjaNemec_ReplicateLayout.replicate_layout 991:Dst text UUid:dcb6920d-c771-4227-87fb-c255ce4167e1
11-12 22:57:11 com_github_MitjaNemec_ReplicateLayout.replicate_layout 990:Src text UUid:23dd6946-9981-4c83-9d25-050d5e9bece6
11-12 22:57:11 com_github_MitjaNemec_ReplicateLayout.replicate_layout 991:Dst text UUid:d3c4147c-c394-4444-8400-a1503f66ad4e
11-12 22:57:11 com_github_MitjaNemec_ReplicateLayout.replicate_layout 990:Src text UUid:8cb67b8b-8668-4222-8264-d0248233162e
11-12 22:57:11 com_github_MitjaNemec_ReplicateLayout.replicate_layout 991:Dst text UUid:bfb80c49-9ab4-4aec-bb13-60c1d9148acd
11-12 22:57:11 com_github_MitjaNemec_ReplicateLayout.replicate_layout 888:Replicating footprint: 'LED143'
11-12 22:57:11 com_github_MitjaNemec_ReplicateLayout.replicate_layout 835:Src fp.id: '2ABC1D4C-0E8C-4F90-9BF0-DF151C3D99F0'
11-12 22:57:11 com_github_MitjaNemec_ReplicateLayout.replicate_layout 839:Dst fp.id: '2ABC1D4C-0E8C-4F90-9BF0-DF151C3D99F0'
11-12 22:57:11 com_github_MitjaNemec_ReplicateLayout.replicate_layout 895:found match in dst footprint: 'LED155'
11-12 22:57:11 com_github_MitjaNemec_ReplicateLayout.replicate_layout 990:Src text UUid:cb110f2a-a8eb-4aca-b5bc-ff7ccb902aef
11-12 22:57:11 com_github_MitjaNemec_ReplicateLayout.replicate_layout 991:Dst text UUid:2cd96629-af99-4f15-a735-475c227c7feb
11-12 22:57:11 com_github_MitjaNemec_ReplicateLayout.replicate_layout 990:Src text UUid:cbc54092-ef49-4a91-b324-f6377248bdf9
11-12 22:57:11 com_github_MitjaNemec_ReplicateLayout.replicate_layout 991:Dst text UUid:6bf8232a-690b-4b9c-8b1a-66c2a18b35c1
11-12 22:57:11 com_github_MitjaNemec_ReplicateLayout.replicate_layout 990:Src text UUid:a432e7aa-3bd5-4cba-b765-9f5f9481582e
11-12 22:57:11 com_github_MitjaNemec_ReplicateLayout.replicate_layout 991:Dst text UUid:25932cb4-3eb2-4b54-af2f-79bcff3ff88a
11-12 22:57:11 com_github_MitjaNemec_ReplicateLayout.replicate_layout 888:Replicating footprint: 'LED142'
11-12 22:57:11 com_github_MitjaNemec_ReplicateLayout.replicate_layout 835:Src fp.id: '0C09B42A-D4DF-4F87-AFF4-5296AF118FDF'
11-12 22:57:11 com_github_MitjaNemec_ReplicateLayout.replicate_layout 839:Dst fp.id: '0C09B42A-D4DF-4F87-AFF4-5296AF118FDF'
11-12 22:57:11 com_github_MitjaNemec_ReplicateLayout.replicate_layout 895:found match in dst footprint: 'LED154'
11-12 22:57:11 com_github_MitjaNemec_ReplicateLayout.replicate_layout 990:Src text UUid:9463e9d6-02d6-4857-9f39-9338e5245ef5
11-12 22:57:11 com_github_MitjaNemec_ReplicateLayout.replicate_layout 991:Dst text UUid:43bb2922-2215-4554-b116-0042980699c3
11-12 22:57:11 com_github_MitjaNemec_ReplicateLayout.replicate_layout 990:Src text UUid:0739365c-df74-44fd-a386-04c3841e72b1
11-12 22:57:11 com_github_MitjaNemec_ReplicateLayout.replicate_layout 991:Dst text UUid:ca930557-5085-46a5-8985-e32f0276d8fe
11-12 22:57:11 com_github_MitjaNemec_ReplicateLayout.replicate_layout 990:Src text UUid:5d666820-e369-4ddd-b676-a3f134ad7960
11-12 22:57:11 com_github_MitjaNemec_ReplicateLayout.replicate_layout 991:Dst text UUid:3d20ab96-fc6c-4bb9-a350-c1422f9541bf
11-12 22:57:11 com_github_MitjaNemec_ReplicateLayout.replicate_layout 888:Replicating footprint: 'LED144'
11-12 22:57:11 com_github_MitjaNemec_ReplicateLayout.replicate_layout 835:Src fp.id: '0810E186-22BD-4094-A943-28056DB37E18'
11-12 22:57:11 com_github_MitjaNemec_ReplicateLayout.replicate_layout 839:Dst fp.id: '0810E186-22BD-4094-A943-28056DB37E18'
11-12 22:57:11 com_github_MitjaNemec_ReplicateLayout.replicate_layout 895:found match in dst footprint: 'LED156'
11-12 22:57:11 com_github_MitjaNemec_ReplicateLayout.replicate_layout 990:Src text UUid:d4f51115-0b40-4019-a418-64c3b5390a72
11-12 22:57:11 com_github_MitjaNemec_ReplicateLayout.replicate_layout 991:Dst text UUid:29d44171-9a95-4469-a4f2-2b0053a81a88
11-12 22:57:11 com_github_MitjaNemec_ReplicateLayout.replicate_layout 990:Src text UUid:0ff00c33-2d97-415c-a383-5b222a06a46e
11-12 22:57:11 com_github_MitjaNemec_ReplicateLayout.replicate_layout 991:Dst text UUid:6fd930e5-fe9d-4455-8105-a08ef81a21a5
11-12 22:57:11 com_github_MitjaNemec_ReplicateLayout.replicate_layout 990:Src text UUid:dde8ebf1-c0d6-4c52-86e2-7e3a65d80d5a
11-12 22:57:11 com_github_MitjaNemec_ReplicateLayout.replicate_layout 991:Dst text UUid:8522918d-a847-4ecd-9e2c-60fe6950b7d9
11-12 22:57:11 com_github_MitjaNemec_ReplicateLayout.replicate_layout 870:Replicating footprints on sheet ['Top', 'LEDs_Bottom', 'LEDS_discreet', 'LED_single3']
11-12 22:57:11 com_github_MitjaNemec_ReplicateLayout.replicate_layout 835:Src fp.id: '0C09B42A-D4DF-4F87-AFF4-5296AF118FDF'
11-12 22:57:11 com_github_MitjaNemec_ReplicateLayout.replicate_layout 839:Dst fp.id: '0C09B42A-D4DF-4F87-AFF4-5296AF118FDF'
11-12 22:57:11 com_github_MitjaNemec_ReplicateLayout.replicate_layout 888:Replicating footprint: 'U153'
11-12 22:57:11 com_github_MitjaNemec_ReplicateLayout.replicate_layout 835:Src fp.id: 'EB896E0D-DC1C-402A-A83E-7193E291B78E'
11-12 22:57:11 com_github_MitjaNemec_ReplicateLayout.replicate_layout 839:Dst fp.id: 'EB896E0D-DC1C-402A-A83E-7193E291B78E'
11-12 22:57:11 com_github_MitjaNemec_ReplicateLayout.replicate_layout 895:found match in dst footprint: 'U174'
11-12 22:57:11 com_github_MitjaNemec_ReplicateLayout.replicate_layout 990:Src text UUid:110b3224-b357-4118-9c08-b3fded705e4b
11-12 22:57:11 com_github_MitjaNemec_ReplicateLayout.replicate_layout 991:Dst text UUid:947f7ed0-f17b-4c30-8a5e-11cf8cc4b4bb
11-12 22:57:11 com_github_MitjaNemec_ReplicateLayout.replicate_layout 990:Src text UUid:b9e7f770-21cd-4948-9662-6e0ac7df885e
11-12 22:57:11 com_github_MitjaNemec_ReplicateLayout.replicate_layout 991:Dst text UUid:1b57dc0e-293e-427e-8ad4-bb68434451ff
11-12 22:57:11 com_github_MitjaNemec_ReplicateLayout.replicate_layout 990:Src text UUid:eaba7cf7-101e-4672-ad3c-d50ac347e980
11-12 22:57:11 com_github_MitjaNemec_ReplicateLayout.replicate_layout 991:Dst text UUid:f887e59b-fa86-4fcc-b3f1-3b8142301b2c
11-12 22:57:11 com_github_MitjaNemec_ReplicateLayout.replicate_layout 888:Replicating footprint: 'R196'
11-12 22:57:11 com_github_MitjaNemec_ReplicateLayout.replicate_layout 835:Src fp.id: '28A8D9BC-2140-4FD7-9BA9-4E17A2CADB20'
11-12 22:57:11 com_github_MitjaNemec_ReplicateLayout.replicate_layout 839:Dst fp.id: '28A8D9BC-2140-4FD7-9BA9-4E17A2CADB20'
11-12 22:57:11 com_github_MitjaNemec_ReplicateLayout.replicate_layout 895:found match in dst footprint: 'R226'
11-12 22:57:11 com_github_MitjaNemec_ReplicateLayout.replicate_layout 990:Src text UUid:10a75789-866c-466a-b99e-1669393a4dc9
11-12 22:57:11 com_github_MitjaNemec_ReplicateLayout.replicate_layout 991:Dst text UUid:ae39bc27-e353-44ad-a459-f4f4593d3891
11-12 22:57:11 com_github_MitjaNemec_ReplicateLayout.replicate_layout 990:Src text UUid:26f5deef-302c-459b-9fc1-9a4618773440
11-12 22:57:11 com_github_MitjaNemec_ReplicateLayout.replicate_layout 991:Dst text UUid:5beb33c8-c92f-4f6a-834e-41529eeac201
11-12 22:57:11 com_github_MitjaNemec_ReplicateLayout.replicate_layout 990:Src text UUid:a58fc8cd-c2ef-4a2e-8f35-9edf2c2f6adb
11-12 22:57:11 com_github_MitjaNemec_ReplicateLayout.replicate_layout 991:Dst text UUid:bd8a2999-17da-471a-9216-3a04ab00bda9
11-12 22:57:11 com_github_MitjaNemec_ReplicateLayout.replicate_layout 888:Replicating footprint: 'R197'
11-12 22:57:11 com_github_MitjaNemec_ReplicateLayout.replicate_layout 835:Src fp.id: '55391442-DACB-4265-94E5-89EFFD14C302'
11-12 22:57:11 com_github_MitjaNemec_ReplicateLayout.replicate_layout 839:Dst fp.id: '55391442-DACB-4265-94E5-89EFFD14C302'
11-12 22:57:11 com_github_MitjaNemec_ReplicateLayout.replicate_layout 895:found match in dst footprint: 'R227'
11-12 22:57:11 com_github_MitjaNemec_ReplicateLayout.replicate_layout 990:Src text UUid:6cd10716-af31-44d4-bad9-a9da97fd4924
11-12 22:57:11 com_github_MitjaNemec_ReplicateLayout.replicate_layout 991:Dst text UUid:ce9d521c-0e4f-4e06-9afa-5b46e6760a80
11-12 22:57:11 com_github_MitjaNemec_ReplicateLayout.replicate_layout 990:Src text UUid:65380ce8-601c-4762-983f-4bdb6ed67bde
11-12 22:57:11 com_github_MitjaNemec_ReplicateLayout.replicate_layout 991:Dst text UUid:27419ffc-1323-43c5-a20c-241ad3e2b98a
11-12 22:57:11 com_github_MitjaNemec_ReplicateLayout.replicate_layout 990:Src text UUid:94d012b9-077f-436c-a4d8-e5bb00c165ba
11-12 22:57:11 com_github_MitjaNemec_ReplicateLayout.replicate_layout 991:Dst text UUid:9c465549-38d5-433f-ae96-8befa67f5201
11-12 22:57:11 com_github_MitjaNemec_ReplicateLayout.replicate_layout 888:Replicating footprint: 'U152'
11-12 22:57:11 com_github_MitjaNemec_ReplicateLayout.replicate_layout 835:Src fp.id: '62B3827C-A320-4AD6-A424-1485EF65900D'
11-12 22:57:11 com_github_MitjaNemec_ReplicateLayout.replicate_layout 839:Dst fp.id: '62B3827C-A320-4AD6-A424-1485EF65900D'
11-12 22:57:11 com_github_MitjaNemec_ReplicateLayout.replicate_layout 895:found match in dst footprint: 'U173'
11-12 22:57:11 com_github_MitjaNemec_ReplicateLayout.replicate_layout 990:Src text UUid:c50c72b1-94e3-4159-a219-37f741e82a7c
11-12 22:57:11 com_github_MitjaNemec_ReplicateLayout.replicate_layout 991:Dst text UUid:10f2fe28-95b3-4452-94cd-c5e398c5dda9
11-12 22:57:11 com_github_MitjaNemec_ReplicateLayout.replicate_layout 990:Src text UUid:292e74a5-6b55-4359-be57-8b0026051126
11-12 22:57:11 com_github_MitjaNemec_ReplicateLayout.replicate_layout 991:Dst text UUid:d5bf2cb0-dff3-4c03-86fa-cb5521d9c48a
11-12 22:57:11 com_github_MitjaNemec_ReplicateLayout.replicate_layout 990:Src text UUid:22c9f63c-bdf9-47e9-ae01-74d81cfbd908
11-12 22:57:11 com_github_MitjaNemec_ReplicateLayout.replicate_layout 991:Dst text UUid:eca8c05c-520f-4550-8a26-ebd4995a7eef
11-12 22:57:11 com_github_MitjaNemec_ReplicateLayout.replicate_layout 888:Replicating footprint: 'R198'
11-12 22:57:11 com_github_MitjaNemec_ReplicateLayout.replicate_layout 835:Src fp.id: '2D77C678-F455-47D6-93BD-3ED95A089C96'
11-12 22:57:11 com_github_MitjaNemec_ReplicateLayout.replicate_layout 839:Dst fp.id: '2D77C678-F455-47D6-93BD-3ED95A089C96'
11-12 22:57:11 com_github_MitjaNemec_ReplicateLayout.replicate_layout 895:found match in dst footprint: 'R228'
11-12 22:57:11 com_github_MitjaNemec_ReplicateLayout.replicate_layout 990:Src text UUid:026024b2-ee3d-495c-b376-571543d60a54
11-12 22:57:11 com_github_MitjaNemec_ReplicateLayout.replicate_layout 991:Dst text UUid:efffdd04-bedb-4f10-9cad-21197e0c8767
11-12 22:57:11 com_github_MitjaNemec_ReplicateLayout.replicate_layout 990:Src text UUid:23dd6946-9981-4c83-9d25-050d5e9bece6
11-12 22:57:11 com_github_MitjaNemec_ReplicateLayout.replicate_layout 991:Dst text UUid:1048fa7e-5d45-4004-b72f-67f8e80922f8
11-12 22:57:11 com_github_MitjaNemec_ReplicateLayout.replicate_layout 990:Src text UUid:8cb67b8b-8668-4222-8264-d0248233162e
11-12 22:57:11 com_github_MitjaNemec_ReplicateLayout.replicate_layout 991:Dst text UUid:a3946223-02ee-4cdc-a07c-4d5885bce74e
11-12 22:57:11 com_github_MitjaNemec_ReplicateLayout.replicate_layout 888:Replicating footprint: 'LED143'
11-12 22:57:11 com_github_MitjaNemec_ReplicateLayout.replicate_layout 835:Src fp.id: '2ABC1D4C-0E8C-4F90-9BF0-DF151C3D99F0'
11-12 22:57:11 com_github_MitjaNemec_ReplicateLayout.replicate_layout 839:Dst fp.id: '2ABC1D4C-0E8C-4F90-9BF0-DF151C3D99F0'
11-12 22:57:11 com_github_MitjaNemec_ReplicateLayout.replicate_layout 895:found match in dst footprint: 'LED173'
11-12 22:57:11 com_github_MitjaNemec_ReplicateLayout.replicate_layout 990:Src text UUid:cb110f2a-a8eb-4aca-b5bc-ff7ccb902aef
11-12 22:57:11 com_github_MitjaNemec_ReplicateLayout.replicate_layout 991:Dst text UUid:7eb2d246-7010-44f7-809d-fc2ed36a4f54
11-12 22:57:11 com_github_MitjaNemec_ReplicateLayout.replicate_layout 990:Src text UUid:cbc54092-ef49-4a91-b324-f6377248bdf9
11-12 22:57:11 com_github_MitjaNemec_ReplicateLayout.replicate_layout 991:Dst text UUid:7c930573-b7c1-4a42-8397-cbe35718a7f4
11-12 22:57:11 com_github_MitjaNemec_ReplicateLayout.replicate_layout 990:Src text UUid:a432e7aa-3bd5-4cba-b765-9f5f9481582e
11-12 22:57:11 com_github_MitjaNemec_ReplicateLayout.replicate_layout 991:Dst text UUid:4bd10819-169f-41c2-9ca4-dce7a4a335a8
11-12 22:57:11 com_github_MitjaNemec_ReplicateLayout.replicate_layout 888:Replicating footprint: 'LED142'
11-12 22:57:11 com_github_MitjaNemec_ReplicateLayout.replicate_layout 835:Src fp.id: '0C09B42A-D4DF-4F87-AFF4-5296AF118FDF'
11-12 22:57:11 com_github_MitjaNemec_ReplicateLayout.replicate_layout 839:Dst fp.id: '0C09B42A-D4DF-4F87-AFF4-5296AF118FDF'
11-12 22:57:11 com_github_MitjaNemec_ReplicateLayout.replicate_layout 895:found match in dst footprint: 'LED172'
11-12 22:57:11 com_github_MitjaNemec_ReplicateLayout.replicate_layout 990:Src text UUid:9463e9d6-02d6-4857-9f39-9338e5245ef5
11-12 22:57:11 com_github_MitjaNemec_ReplicateLayout.replicate_layout 991:Dst text UUid:dcd1ade7-1759-4c5b-9b48-dc3db1c9bd26
11-12 22:57:11 com_github_MitjaNemec_ReplicateLayout.replicate_layout 990:Src text UUid:0739365c-df74-44fd-a386-04c3841e72b1
11-12 22:57:11 com_github_MitjaNemec_ReplicateLayout.replicate_layout 991:Dst text UUid:d676568d-cb7d-4706-8b7a-071f189b73d9
11-12 22:57:11 com_github_MitjaNemec_ReplicateLayout.replicate_layout 990:Src text UUid:5d666820-e369-4ddd-b676-a3f134ad7960
11-12 22:57:11 com_github_MitjaNemec_ReplicateLayout.replicate_layout 991:Dst text UUid:05a1d2e1-b1ed-44e9-a9c0-cacb3fc8d2e8
11-12 22:57:11 com_github_MitjaNemec_ReplicateLayout.replicate_layout 888:Replicating footprint: 'LED144'
11-12 22:57:11 com_github_MitjaNemec_ReplicateLayout.replicate_layout 835:Src fp.id: '0810E186-22BD-4094-A943-28056DB37E18'
11-12 22:57:11 com_github_MitjaNemec_ReplicateLayout.replicate_layout 839:Dst fp.id: '0810E186-22BD-4094-A943-28056DB37E18'
11-12 22:57:11 com_github_MitjaNemec_ReplicateLayout.replicate_layout 895:found match in dst footprint: 'LED174'
11-12 22:57:11 com_github_MitjaNemec_ReplicateLayout.replicate_layout 990:Src text UUid:d4f51115-0b40-4019-a418-64c3b5390a72
11-12 22:57:11 com_github_MitjaNemec_ReplicateLayout.replicate_layout 991:Dst text UUid:65c1efaf-c93d-42e7-a687-efd4b487d31b
11-12 22:57:11 com_github_MitjaNemec_ReplicateLayout.replicate_layout 990:Src text UUid:0ff00c33-2d97-415c-a383-5b222a06a46e
11-12 22:57:11 com_github_MitjaNemec_ReplicateLayout.replicate_layout 991:Dst text UUid:e9606d25-4828-4256-9a52-73d2dfc70223
11-12 22:57:11 com_github_MitjaNemec_ReplicateLayout.replicate_layout 990:Src text UUid:dde8ebf1-c0d6-4c52-86e2-7e3a65d80d5a
11-12 22:57:11 com_github_MitjaNemec_ReplicateLayout.replicate_layout 991:Dst text UUid:09da36ef-c81d-47c3-add2-59e2c19fb7e4
11-12 22:57:11 com_github_MitjaNemec_ReplicateLayout.replicate_layout 870:Replicating footprints on sheet ['Top', 'LEDs_Bottom', 'LEDS_discreet2', 'LED_single']
11-12 22:57:11 com_github_MitjaNemec_ReplicateLayout.replicate_layout 835:Src fp.id: '0C09B42A-D4DF-4F87-AFF4-5296AF118FDF'
11-12 22:57:11 com_github_MitjaNemec_ReplicateLayout.replicate_layout 839:Dst fp.id: '0C09B42A-D4DF-4F87-AFF4-5296AF118FDF'
11-12 22:57:11 com_github_MitjaNemec_ReplicateLayout.replicate_layout 888:Replicating footprint: 'U153'
11-12 22:57:11 com_github_MitjaNemec_ReplicateLayout.replicate_layout 835:Src fp.id: 'EB896E0D-DC1C-402A-A83E-7193E291B78E'
11-12 22:57:11 com_github_MitjaNemec_ReplicateLayout.replicate_layout 839:Dst fp.id: 'EB896E0D-DC1C-402A-A83E-7193E291B78E'
11-12 22:57:11 com_github_MitjaNemec_ReplicateLayout.replicate_layout 895:found match in dst footprint: 'U177'
11-12 22:57:11 com_github_MitjaNemec_ReplicateLayout.replicate_layout 990:Src text UUid:110b3224-b357-4118-9c08-b3fded705e4b
11-12 22:57:11 com_github_MitjaNemec_ReplicateLayout.replicate_layout 991:Dst text UUid:b6b90e85-4ce5-4366-b6ba-8c2ba54a370d
11-12 22:57:11 com_github_MitjaNemec_ReplicateLayout.replicate_layout 990:Src text UUid:b9e7f770-21cd-4948-9662-6e0ac7df885e
11-12 22:57:11 com_github_MitjaNemec_ReplicateLayout.replicate_layout 991:Dst text UUid:543ec69f-8bd9-43c1-82b1-8d5e0c738703
11-12 22:57:11 com_github_MitjaNemec_ReplicateLayout.replicate_layout 990:Src text UUid:eaba7cf7-101e-4672-ad3c-d50ac347e980
11-12 22:57:11 com_github_MitjaNemec_ReplicateLayout.replicate_layout 991:Dst text UUid:46497fc1-b6da-4bcc-a488-b97aed5790d0
11-12 22:57:11 com_github_MitjaNemec_ReplicateLayout.replicate_layout 888:Replicating footprint: 'R196'
11-12 22:57:11 com_github_MitjaNemec_ReplicateLayout.replicate_layout 835:Src fp.id: '28A8D9BC-2140-4FD7-9BA9-4E17A2CADB20'
11-12 22:57:11 com_github_MitjaNemec_ReplicateLayout.replicate_layout 839:Dst fp.id: '28A8D9BC-2140-4FD7-9BA9-4E17A2CADB20'
11-12 22:57:11 com_github_MitjaNemec_ReplicateLayout.replicate_layout 895:found match in dst footprint: 'R229'
11-12 22:57:11 com_github_MitjaNemec_ReplicateLayout.replicate_layout 990:Src text UUid:10a75789-866c-466a-b99e-1669393a4dc9
11-12 22:57:11 com_github_MitjaNemec_ReplicateLayout.replicate_layout 991:Dst text UUid:2f7d0227-986b-4853-a441-cc23e17c1deb
11-12 22:57:11 com_github_MitjaNemec_ReplicateLayout.replicate_layout 990:Src text UUid:26f5deef-302c-459b-9fc1-9a4618773440
11-12 22:57:11 com_github_MitjaNemec_ReplicateLayout.replicate_layout 991:Dst text UUid:732ce8c1-5c47-403a-ba6e-e0045215c005
11-12 22:57:11 com_github_MitjaNemec_ReplicateLayout.replicate_layout 990:Src text UUid:a58fc8cd-c2ef-4a2e-8f35-9edf2c2f6adb
11-12 22:57:11 com_github_MitjaNemec_ReplicateLayout.replicate_layout 991:Dst text UUid:759010ed-1544-4962-8db6-656712a14f12
11-12 22:57:11 com_github_MitjaNemec_ReplicateLayout.replicate_layout 888:Replicating footprint: 'R197'
11-12 22:57:11 com_github_MitjaNemec_ReplicateLayout.replicate_layout 835:Src fp.id: '55391442-DACB-4265-94E5-89EFFD14C302'
11-12 22:57:11 com_github_MitjaNemec_ReplicateLayout.replicate_layout 839:Dst fp.id: '55391442-DACB-4265-94E5-89EFFD14C302'
11-12 22:57:11 com_github_MitjaNemec_ReplicateLayout.replicate_layout 895:found match in dst footprint: 'R230'
11-12 22:57:11 com_github_MitjaNemec_ReplicateLayout.replicate_layout 990:Src text UUid:6cd10716-af31-44d4-bad9-a9da97fd4924
11-12 22:57:11 com_github_MitjaNemec_ReplicateLayout.replicate_layout 991:Dst text UUid:79f0fdbd-faa6-465b-af7f-8f023c69d12f
11-12 22:57:11 com_github_MitjaNemec_ReplicateLayout.replicate_layout 990:Src text UUid:65380ce8-601c-4762-983f-4bdb6ed67bde
11-12 22:57:11 com_github_MitjaNemec_ReplicateLayout.replicate_layout 991:Dst text UUid:5e4267b4-3598-4dc6-8c40-556e53e4cf4d
11-12 22:57:11 com_github_MitjaNemec_ReplicateLayout.replicate_layout 990:Src text UUid:94d012b9-077f-436c-a4d8-e5bb00c165ba
11-12 22:57:11 com_github_MitjaNemec_ReplicateLayout.replicate_layout 991:Dst text UUid:01edc632-5228-445b-985d-f9f2672b8c70
11-12 22:57:11 com_github_MitjaNemec_ReplicateLayout.replicate_layout 888:Replicating footprint: 'U152'
11-12 22:57:11 root 345:updating GUI with: 57
11-12 22:57:11 com_github_MitjaNemec_ReplicateLayout.replicate_layout 835:Src fp.id: '62B3827C-A320-4AD6-A424-1485EF65900D'
11-12 22:57:11 com_github_MitjaNemec_ReplicateLayout.replicate_layout 839:Dst fp.id: '62B3827C-A320-4AD6-A424-1485EF65900D'
11-12 22:57:11 com_github_MitjaNemec_ReplicateLayout.replicate_layout 895:found match in dst footprint: 'U176'
11-12 22:57:11 com_github_MitjaNemec_ReplicateLayout.replicate_layout 990:Src text UUid:c50c72b1-94e3-4159-a219-37f741e82a7c
11-12 22:57:11 com_github_MitjaNemec_ReplicateLayout.replicate_layout 991:Dst text UUid:2e312861-a154-45f8-b357-85bb6f2ac305
11-12 22:57:11 com_github_MitjaNemec_ReplicateLayout.replicate_layout 990:Src text UUid:292e74a5-6b55-4359-be57-8b0026051126
11-12 22:57:11 com_github_MitjaNemec_ReplicateLayout.replicate_layout 991:Dst text UUid:a3eed7ae-5e4e-451f-bd34-79db860cdc6e
11-12 22:57:11 com_github_MitjaNemec_ReplicateLayout.replicate_layout 990:Src text UUid:22c9f63c-bdf9-47e9-ae01-74d81cfbd908
11-12 22:57:11 com_github_MitjaNemec_ReplicateLayout.replicate_layout 991:Dst text UUid:c9c27f78-dec3-4b4c-bafa-0e97c855a69c
11-12 22:57:11 com_github_MitjaNemec_ReplicateLayout.replicate_layout 888:Replicating footprint: 'R198'
11-12 22:57:11 com_github_MitjaNemec_ReplicateLayout.replicate_layout 835:Src fp.id: '2D77C678-F455-47D6-93BD-3ED95A089C96'
11-12 22:57:11 com_github_MitjaNemec_ReplicateLayout.replicate_layout 839:Dst fp.id: '2D77C678-F455-47D6-93BD-3ED95A089C96'
11-12 22:57:11 com_github_MitjaNemec_ReplicateLayout.replicate_layout 895:found match in dst footprint: 'R231'
11-12 22:57:11 com_github_MitjaNemec_ReplicateLayout.replicate_layout 990:Src text UUid:026024b2-ee3d-495c-b376-571543d60a54
11-12 22:57:11 com_github_MitjaNemec_ReplicateLayout.replicate_layout 991:Dst text UUid:a17ca921-5acd-4292-a928-6c4c47fab2be
11-12 22:57:11 com_github_MitjaNemec_ReplicateLayout.replicate_layout 990:Src text UUid:23dd6946-9981-4c83-9d25-050d5e9bece6
11-12 22:57:11 com_github_MitjaNemec_ReplicateLayout.replicate_layout 991:Dst text UUid:b5f7ee6b-faae-43fc-a596-65225741e866
11-12 22:57:11 com_github_MitjaNemec_ReplicateLayout.replicate_layout 990:Src text UUid:8cb67b8b-8668-4222-8264-d0248233162e
11-12 22:57:11 com_github_MitjaNemec_ReplicateLayout.replicate_layout 991:Dst text UUid:f6169e22-f1d1-4b1c-ab04-b0364801026e
11-12 22:57:11 com_github_MitjaNemec_ReplicateLayout.replicate_layout 888:Replicating footprint: 'LED143'
11-12 22:57:11 com_github_MitjaNemec_ReplicateLayout.replicate_layout 835:Src fp.id: '2ABC1D4C-0E8C-4F90-9BF0-DF151C3D99F0'
11-12 22:57:11 com_github_MitjaNemec_ReplicateLayout.replicate_layout 839:Dst fp.id: '2ABC1D4C-0E8C-4F90-9BF0-DF151C3D99F0'
11-12 22:57:11 com_github_MitjaNemec_ReplicateLayout.replicate_layout 895:found match in dst footprint: 'LED176'
11-12 22:57:11 com_github_MitjaNemec_ReplicateLayout.replicate_layout 990:Src text UUid:cb110f2a-a8eb-4aca-b5bc-ff7ccb902aef
11-12 22:57:11 com_github_MitjaNemec_ReplicateLayout.replicate_layout 991:Dst text UUid:f3f4fdfc-edc5-400d-b4a6-529398b2363a
11-12 22:57:11 com_github_MitjaNemec_ReplicateLayout.replicate_layout 990:Src text UUid:cbc54092-ef49-4a91-b324-f6377248bdf9
11-12 22:57:11 com_github_MitjaNemec_ReplicateLayout.replicate_layout 991:Dst text UUid:1b335c66-ba8c-41e8-9af7-da4f87429fed
11-12 22:57:11 com_github_MitjaNemec_ReplicateLayout.replicate_layout 990:Src text UUid:a432e7aa-3bd5-4cba-b765-9f5f9481582e
11-12 22:57:11 com_github_MitjaNemec_ReplicateLayout.replicate_layout 991:Dst text UUid:7462856b-8e7e-43a9-91b3-4eada8e0dffb
11-12 22:57:11 com_github_MitjaNemec_ReplicateLayout.replicate_layout 888:Replicating footprint: 'LED142'
11-12 22:57:11 com_github_MitjaNemec_ReplicateLayout.replicate_layout 835:Src fp.id: '0C09B42A-D4DF-4F87-AFF4-5296AF118FDF'
11-12 22:57:11 com_github_MitjaNemec_ReplicateLayout.replicate_layout 839:Dst fp.id: '0C09B42A-D4DF-4F87-AFF4-5296AF118FDF'
11-12 22:57:11 com_github_MitjaNemec_ReplicateLayout.replicate_layout 895:found match in dst footprint: 'LED175'
11-12 22:57:11 com_github_MitjaNemec_ReplicateLayout.replicate_layout 990:Src text UUid:9463e9d6-02d6-4857-9f39-9338e5245ef5
11-12 22:57:11 com_github_MitjaNemec_ReplicateLayout.replicate_layout 991:Dst text UUid:898965a7-656a-4056-b725-99f6ac797a73
11-12 22:57:11 com_github_MitjaNemec_ReplicateLayout.replicate_layout 990:Src text UUid:0739365c-df74-44fd-a386-04c3841e72b1
11-12 22:57:11 com_github_MitjaNemec_ReplicateLayout.replicate_layout 991:Dst text UUid:bb96e7af-41bb-4b5f-926d-d3ffe2223d69
11-12 22:57:11 com_github_MitjaNemec_ReplicateLayout.replicate_layout 990:Src text UUid:5d666820-e369-4ddd-b676-a3f134ad7960
11-12 22:57:11 com_github_MitjaNemec_ReplicateLayout.replicate_layout 991:Dst text UUid:b7ef22cf-a92f-4be3-9e3e-1d66dd615162
11-12 22:57:11 com_github_MitjaNemec_ReplicateLayout.replicate_layout 888:Replicating footprint: 'LED144'
11-12 22:57:11 com_github_MitjaNemec_ReplicateLayout.replicate_layout 835:Src fp.id: '0810E186-22BD-4094-A943-28056DB37E18'
11-12 22:57:11 com_github_MitjaNemec_ReplicateLayout.replicate_layout 839:Dst fp.id: '0810E186-22BD-4094-A943-28056DB37E18'
11-12 22:57:11 com_github_MitjaNemec_ReplicateLayout.replicate_layout 895:found match in dst footprint: 'LED177'
11-12 22:57:11 com_github_MitjaNemec_ReplicateLayout.replicate_layout 990:Src text UUid:d4f51115-0b40-4019-a418-64c3b5390a72
11-12 22:57:11 com_github_MitjaNemec_ReplicateLayout.replicate_layout 991:Dst text UUid:37191c50-9e87-403d-9f49-2df55751cc7d
11-12 22:57:11 com_github_MitjaNemec_ReplicateLayout.replicate_layout 990:Src text UUid:0ff00c33-2d97-415c-a383-5b222a06a46e
11-12 22:57:11 com_github_MitjaNemec_ReplicateLayout.replicate_layout 991:Dst text UUid:ba5164a0-65f3-43d0-8a32-75000e55605f
11-12 22:57:11 com_github_MitjaNemec_ReplicateLayout.replicate_layout 990:Src text UUid:dde8ebf1-c0d6-4c52-86e2-7e3a65d80d5a
11-12 22:57:11 com_github_MitjaNemec_ReplicateLayout.replicate_layout 991:Dst text UUid:8f7597ff-9df6-4f2d-9e7c-300e6a5de1d6
11-12 22:57:11 com_github_MitjaNemec_ReplicateLayout.replicate_layout 870:Replicating footprints on sheet ['Top', 'LEDs_Bottom', 'LEDS_discreet2', 'LED_single1']
11-12 22:57:11 com_github_MitjaNemec_ReplicateLayout.replicate_layout 835:Src fp.id: '0C09B42A-D4DF-4F87-AFF4-5296AF118FDF'
11-12 22:57:11 com_github_MitjaNemec_ReplicateLayout.replicate_layout 839:Dst fp.id: '0C09B42A-D4DF-4F87-AFF4-5296AF118FDF'
11-12 22:57:11 com_github_MitjaNemec_ReplicateLayout.replicate_layout 888:Replicating footprint: 'U153'
11-12 22:57:11 com_github_MitjaNemec_ReplicateLayout.replicate_layout 835:Src fp.id: 'EB896E0D-DC1C-402A-A83E-7193E291B78E'
11-12 22:57:11 com_github_MitjaNemec_ReplicateLayout.replicate_layout 839:Dst fp.id: 'EB896E0D-DC1C-402A-A83E-7193E291B78E'
11-12 22:57:11 com_github_MitjaNemec_ReplicateLayout.replicate_layout 895:found match in dst footprint: 'U179'
11-12 22:57:11 com_github_MitjaNemec_ReplicateLayout.replicate_layout 990:Src text UUid:110b3224-b357-4118-9c08-b3fded705e4b
11-12 22:57:11 com_github_MitjaNemec_ReplicateLayout.replicate_layout 991:Dst text UUid:6c974eff-360a-44c4-986a-425a9f8b87d5
11-12 22:57:11 com_github_MitjaNemec_ReplicateLayout.replicate_layout 990:Src text UUid:b9e7f770-21cd-4948-9662-6e0ac7df885e
11-12 22:57:11 com_github_MitjaNemec_ReplicateLayout.replicate_layout 991:Dst text UUid:64cb9998-ec22-438d-a88d-98b5738fdb45
11-12 22:57:11 com_github_MitjaNemec_ReplicateLayout.replicate_layout 990:Src text UUid:eaba7cf7-101e-4672-ad3c-d50ac347e980
11-12 22:57:11 com_github_MitjaNemec_ReplicateLayout.replicate_layout 991:Dst text UUid:de2a24df-094c-4cef-941d-7eebb38e4154
11-12 22:57:11 com_github_MitjaNemec_ReplicateLayout.replicate_layout 888:Replicating footprint: 'R196'
11-12 22:57:11 com_github_MitjaNemec_ReplicateLayout.replicate_layout 835:Src fp.id: '28A8D9BC-2140-4FD7-9BA9-4E17A2CADB20'
11-12 22:57:11 com_github_MitjaNemec_ReplicateLayout.replicate_layout 839:Dst fp.id: '28A8D9BC-2140-4FD7-9BA9-4E17A2CADB20'
11-12 22:57:11 com_github_MitjaNemec_ReplicateLayout.replicate_layout 895:found match in dst footprint: 'R232'
11-12 22:57:11 com_github_MitjaNemec_ReplicateLayout.replicate_layout 990:Src text UUid:10a75789-866c-466a-b99e-1669393a4dc9
11-12 22:57:11 com_github_MitjaNemec_ReplicateLayout.replicate_layout 991:Dst text UUid:3fc555cf-7811-4f34-a942-9946ed71983d
11-12 22:57:11 com_github_MitjaNemec_ReplicateLayout.replicate_layout 990:Src text UUid:26f5deef-302c-459b-9fc1-9a4618773440
11-12 22:57:11 com_github_MitjaNemec_ReplicateLayout.replicate_layout 991:Dst text UUid:b67b6d0d-2c12-4211-ad3e-c801f8b0c8ac
11-12 22:57:11 com_github_MitjaNemec_ReplicateLayout.replicate_layout 990:Src text UUid:a58fc8cd-c2ef-4a2e-8f35-9edf2c2f6adb
11-12 22:57:11 com_github_MitjaNemec_ReplicateLayout.replicate_layout 991:Dst text UUid:079a64b2-53fc-4bd1-91b5-326ec2bd005d
11-12 22:57:11 com_github_MitjaNemec_ReplicateLayout.replicate_layout 888:Replicating footprint: 'R197'
11-12 22:57:11 com_github_MitjaNemec_ReplicateLayout.replicate_layout 835:Src fp.id: '55391442-DACB-4265-94E5-89EFFD14C302'
11-12 22:57:11 com_github_MitjaNemec_ReplicateLayout.replicate_layout 839:Dst fp.id: '55391442-DACB-4265-94E5-89EFFD14C302'
11-12 22:57:11 com_github_MitjaNemec_ReplicateLayout.replicate_layout 895:found match in dst footprint: 'R233'
11-12 22:57:11 com_github_MitjaNemec_ReplicateLayout.replicate_layout 990:Src text UUid:6cd10716-af31-44d4-bad9-a9da97fd4924
11-12 22:57:11 com_github_MitjaNemec_ReplicateLayout.replicate_layout 991:Dst text UUid:298869b6-8523-4a53-9fbf-26a95c1d59c7
11-12 22:57:11 com_github_MitjaNemec_ReplicateLayout.replicate_layout 990:Src text UUid:65380ce8-601c-4762-983f-4bdb6ed67bde
11-12 22:57:11 com_github_MitjaNemec_ReplicateLayout.replicate_layout 991:Dst text UUid:5f26ca6a-6c58-46d9-a062-8820fe28d15f
11-12 22:57:11 com_github_MitjaNemec_ReplicateLayout.replicate_layout 990:Src text UUid:94d012b9-077f-436c-a4d8-e5bb00c165ba
11-12 22:57:11 com_github_MitjaNemec_ReplicateLayout.replicate_layout 991:Dst text UUid:8cf8820f-ba05-4396-8fee-f688cede6599
11-12 22:57:11 com_github_MitjaNemec_ReplicateLayout.replicate_layout 888:Replicating footprint: 'U152'
11-12 22:57:11 com_github_MitjaNemec_ReplicateLayout.replicate_layout 835:Src fp.id: '62B3827C-A320-4AD6-A424-1485EF65900D'
11-12 22:57:11 com_github_MitjaNemec_ReplicateLayout.replicate_layout 839:Dst fp.id: '62B3827C-A320-4AD6-A424-1485EF65900D'
11-12 22:57:11 com_github_MitjaNemec_ReplicateLayout.replicate_layout 895:found match in dst footprint: 'U178'
11-12 22:57:11 com_github_MitjaNemec_ReplicateLayout.replicate_layout 990:Src text UUid:c50c72b1-94e3-4159-a219-37f741e82a7c
11-12 22:57:11 com_github_MitjaNemec_ReplicateLayout.replicate_layout 991:Dst text UUid:816e8841-515b-46c5-af69-4c658dead52c
11-12 22:57:11 com_github_MitjaNemec_ReplicateLayout.replicate_layout 990:Src text UUid:292e74a5-6b55-4359-be57-8b0026051126
11-12 22:57:11 com_github_MitjaNemec_ReplicateLayout.replicate_layout 991:Dst text UUid:d110a261-5fea-471a-9022-4d3e6eb79995
11-12 22:57:11 com_github_MitjaNemec_ReplicateLayout.replicate_layout 990:Src text UUid:22c9f63c-bdf9-47e9-ae01-74d81cfbd908
11-12 22:57:11 com_github_MitjaNemec_ReplicateLayout.replicate_layout 991:Dst text UUid:25c9bd2a-9084-47b2-8c0c-55017f117c49
11-12 22:57:11 com_github_MitjaNemec_ReplicateLayout.replicate_layout 888:Replicating footprint: 'R198'
11-12 22:57:11 com_github_MitjaNemec_ReplicateLayout.replicate_layout 835:Src fp.id: '2D77C678-F455-47D6-93BD-3ED95A089C96'
11-12 22:57:11 com_github_MitjaNemec_ReplicateLayout.replicate_layout 839:Dst fp.id: '2D77C678-F455-47D6-93BD-3ED95A089C96'
11-12 22:57:11 com_github_MitjaNemec_ReplicateLayout.replicate_layout 895:found match in dst footprint: 'R234'
11-12 22:57:11 com_github_MitjaNemec_ReplicateLayout.replicate_layout 990:Src text UUid:026024b2-ee3d-495c-b376-571543d60a54
11-12 22:57:11 com_github_MitjaNemec_ReplicateLayout.replicate_layout 991:Dst text UUid:7b4f2825-0f3c-4204-8c34-c7a48d981dd0
11-12 22:57:11 com_github_MitjaNemec_ReplicateLayout.replicate_layout 990:Src text UUid:23dd6946-9981-4c83-9d25-050d5e9bece6
11-12 22:57:11 com_github_MitjaNemec_ReplicateLayout.replicate_layout 991:Dst text UUid:91b073dd-9587-4df1-bc9e-5ae2bf65b669
11-12 22:57:11 com_github_MitjaNemec_ReplicateLayout.replicate_layout 990:Src text UUid:8cb67b8b-8668-4222-8264-d0248233162e
11-12 22:57:11 com_github_MitjaNemec_ReplicateLayout.replicate_layout 991:Dst text UUid:1f955d8b-5c5c-4797-84d6-bdecca0a33b1
11-12 22:57:11 com_github_MitjaNemec_ReplicateLayout.replicate_layout 888:Replicating footprint: 'LED143'
11-12 22:57:11 com_github_MitjaNemec_ReplicateLayout.replicate_layout 835:Src fp.id: '2ABC1D4C-0E8C-4F90-9BF0-DF151C3D99F0'
11-12 22:57:11 com_github_MitjaNemec_ReplicateLayout.replicate_layout 839:Dst fp.id: '2ABC1D4C-0E8C-4F90-9BF0-DF151C3D99F0'
11-12 22:57:11 com_github_MitjaNemec_ReplicateLayout.replicate_layout 895:found match in dst footprint: 'LED179'
11-12 22:57:11 com_github_MitjaNemec_ReplicateLayout.replicate_layout 990:Src text UUid:cb110f2a-a8eb-4aca-b5bc-ff7ccb902aef
11-12 22:57:11 com_github_MitjaNemec_ReplicateLayout.replicate_layout 991:Dst text UUid:dee7cca5-5b77-46f5-b3b4-d071a57b2b2a
11-12 22:57:11 com_github_MitjaNemec_ReplicateLayout.replicate_layout 990:Src text UUid:cbc54092-ef49-4a91-b324-f6377248bdf9
11-12 22:57:11 com_github_MitjaNemec_ReplicateLayout.replicate_layout 991:Dst text UUid:dd34ca50-e199-4276-b791-f4a8f1f134cb
11-12 22:57:11 com_github_MitjaNemec_ReplicateLayout.replicate_layout 990:Src text UUid:a432e7aa-3bd5-4cba-b765-9f5f9481582e
11-12 22:57:11 com_github_MitjaNemec_ReplicateLayout.replicate_layout 991:Dst text UUid:6f49c4c2-cc47-4797-a9e2-d63b6f64666c
11-12 22:57:11 com_github_MitjaNemec_ReplicateLayout.replicate_layout 888:Replicating footprint: 'LED142'
11-12 22:57:11 com_github_MitjaNemec_ReplicateLayout.replicate_layout 835:Src fp.id: '0C09B42A-D4DF-4F87-AFF4-5296AF118FDF'
11-12 22:57:11 com_github_MitjaNemec_ReplicateLayout.replicate_layout 839:Dst fp.id: '0C09B42A-D4DF-4F87-AFF4-5296AF118FDF'
11-12 22:57:11 com_github_MitjaNemec_ReplicateLayout.replicate_layout 895:found match in dst footprint: 'LED178'
11-12 22:57:11 com_github_MitjaNemec_ReplicateLayout.replicate_layout 990:Src text UUid:9463e9d6-02d6-4857-9f39-9338e5245ef5
11-12 22:57:11 com_github_MitjaNemec_ReplicateLayout.replicate_layout 991:Dst text UUid:75ebcc21-6c28-42b4-a70a-53c893461f85
11-12 22:57:11 com_github_MitjaNemec_ReplicateLayout.replicate_layout 990:Src text UUid:0739365c-df74-44fd-a386-04c3841e72b1
11-12 22:57:11 com_github_MitjaNemec_ReplicateLayout.replicate_layout 991:Dst text UUid:72fb7ece-5de5-44b2-abba-ab28f5de6d34
11-12 22:57:11 com_github_MitjaNemec_ReplicateLayout.replicate_layout 990:Src text UUid:5d666820-e369-4ddd-b676-a3f134ad7960
11-12 22:57:11 com_github_MitjaNemec_ReplicateLayout.replicate_layout 991:Dst text UUid:75c1859a-df3e-4e29-9d7d-835dfb4bab4f
11-12 22:57:11 com_github_MitjaNemec_ReplicateLayout.replicate_layout 888:Replicating footprint: 'LED144'
11-12 22:57:11 com_github_MitjaNemec_ReplicateLayout.replicate_layout 835:Src fp.id: '0810E186-22BD-4094-A943-28056DB37E18'
11-12 22:57:11 com_github_MitjaNemec_ReplicateLayout.replicate_layout 839:Dst fp.id: '0810E186-22BD-4094-A943-28056DB37E18'
11-12 22:57:11 com_github_MitjaNemec_ReplicateLayout.replicate_layout 895:found match in dst footprint: 'LED180'
11-12 22:57:11 com_github_MitjaNemec_ReplicateLayout.replicate_layout 990:Src text UUid:d4f51115-0b40-4019-a418-64c3b5390a72
11-12 22:57:11 com_github_MitjaNemec_ReplicateLayout.replicate_layout 991:Dst text UUid:b8410338-c90c-4f3f-9672-2d1868f8c3e9
11-12 22:57:11 com_github_MitjaNemec_ReplicateLayout.replicate_layout 990:Src text UUid:0ff00c33-2d97-415c-a383-5b222a06a46e
11-12 22:57:11 com_github_MitjaNemec_ReplicateLayout.replicate_layout 991:Dst text UUid:d9632dd4-cb5a-4de3-8dbc-a4815fd7b054
11-12 22:57:11 com_github_MitjaNemec_ReplicateLayout.replicate_layout 990:Src text UUid:dde8ebf1-c0d6-4c52-86e2-7e3a65d80d5a
11-12 22:57:11 com_github_MitjaNemec_ReplicateLayout.replicate_layout 991:Dst text UUid:8f1c8d32-8def-4037-9251-5534d09ff792
11-12 22:57:11 com_github_MitjaNemec_ReplicateLayout.replicate_layout 870:Replicating footprints on sheet ['Top', 'LEDs_Bottom', 'LEDS_discreet2', 'LED_single2']
11-12 22:57:11 com_github_MitjaNemec_ReplicateLayout.replicate_layout 835:Src fp.id: '0C09B42A-D4DF-4F87-AFF4-5296AF118FDF'
11-12 22:57:11 com_github_MitjaNemec_ReplicateLayout.replicate_layout 839:Dst fp.id: '0C09B42A-D4DF-4F87-AFF4-5296AF118FDF'
11-12 22:57:11 com_github_MitjaNemec_ReplicateLayout.replicate_layout 888:Replicating footprint: 'U153'
11-12 22:57:11 com_github_MitjaNemec_ReplicateLayout.replicate_layout 835:Src fp.id: 'EB896E0D-DC1C-402A-A83E-7193E291B78E'
11-12 22:57:11 com_github_MitjaNemec_ReplicateLayout.replicate_layout 839:Dst fp.id: 'EB896E0D-DC1C-402A-A83E-7193E291B78E'
11-12 22:57:11 com_github_MitjaNemec_ReplicateLayout.replicate_layout 895:found match in dst footprint: 'U181'
11-12 22:57:11 com_github_MitjaNemec_ReplicateLayout.replicate_layout 990:Src text UUid:110b3224-b357-4118-9c08-b3fded705e4b
11-12 22:57:11 com_github_MitjaNemec_ReplicateLayout.replicate_layout 991:Dst text UUid:9110c6a7-63d6-4e7d-a82b-08f8d2666256
11-12 22:57:11 com_github_MitjaNemec_ReplicateLayout.replicate_layout 990:Src text UUid:b9e7f770-21cd-4948-9662-6e0ac7df885e
11-12 22:57:11 com_github_MitjaNemec_ReplicateLayout.replicate_layout 991:Dst text UUid:5fa1b43b-c333-497c-a7c1-ac4e98bc92f8
11-12 22:57:11 com_github_MitjaNemec_ReplicateLayout.replicate_layout 990:Src text UUid:eaba7cf7-101e-4672-ad3c-d50ac347e980
11-12 22:57:11 com_github_MitjaNemec_ReplicateLayout.replicate_layout 991:Dst text UUid:3724ee96-7c53-4d53-a0bd-9063ba644a1f
11-12 22:57:11 com_github_MitjaNemec_ReplicateLayout.replicate_layout 888:Replicating footprint: 'R196'
11-12 22:57:11 com_github_MitjaNemec_ReplicateLayout.replicate_layout 835:Src fp.id: '28A8D9BC-2140-4FD7-9BA9-4E17A2CADB20'
11-12 22:57:11 com_github_MitjaNemec_ReplicateLayout.replicate_layout 839:Dst fp.id: '28A8D9BC-2140-4FD7-9BA9-4E17A2CADB20'
11-12 22:57:11 com_github_MitjaNemec_ReplicateLayout.replicate_layout 895:found match in dst footprint: 'R235'
11-12 22:57:11 com_github_MitjaNemec_ReplicateLayout.replicate_layout 990:Src text UUid:10a75789-866c-466a-b99e-1669393a4dc9
11-12 22:57:11 com_github_MitjaNemec_ReplicateLayout.replicate_layout 991:Dst text UUid:1b5fe501-999c-44b5-9f67-b5be5dcb8690
11-12 22:57:11 com_github_MitjaNemec_ReplicateLayout.replicate_layout 990:Src text UUid:26f5deef-302c-459b-9fc1-9a4618773440
11-12 22:57:11 com_github_MitjaNemec_ReplicateLayout.replicate_layout 991:Dst text UUid:db930348-a1dc-444e-94c0-238fe95d4fea
11-12 22:57:11 com_github_MitjaNemec_ReplicateLayout.replicate_layout 990:Src text UUid:a58fc8cd-c2ef-4a2e-8f35-9edf2c2f6adb
11-12 22:57:11 com_github_MitjaNemec_ReplicateLayout.replicate_layout 991:Dst text UUid:95b08a3c-e8e6-44e5-a1ff-fd2e216cb140
11-12 22:57:11 com_github_MitjaNemec_ReplicateLayout.replicate_layout 888:Replicating footprint: 'R197'
11-12 22:57:11 root 345:updating GUI with: 60
11-12 22:57:11 com_github_MitjaNemec_ReplicateLayout.replicate_layout 835:Src fp.id: '55391442-DACB-4265-94E5-89EFFD14C302'
11-12 22:57:11 com_github_MitjaNemec_ReplicateLayout.replicate_layout 839:Dst fp.id: '55391442-DACB-4265-94E5-89EFFD14C302'
11-12 22:57:11 com_github_MitjaNemec_ReplicateLayout.replicate_layout 895:found match in dst footprint: 'R236'
11-12 22:57:11 com_github_MitjaNemec_ReplicateLayout.replicate_layout 990:Src text UUid:6cd10716-af31-44d4-bad9-a9da97fd4924
11-12 22:57:11 com_github_MitjaNemec_ReplicateLayout.replicate_layout 991:Dst text UUid:1cf377ce-6189-41b8-b635-efbb4b29b6f1
11-12 22:57:11 com_github_MitjaNemec_ReplicateLayout.replicate_layout 990:Src text UUid:65380ce8-601c-4762-983f-4bdb6ed67bde
11-12 22:57:11 com_github_MitjaNemec_ReplicateLayout.replicate_layout 991:Dst text UUid:1e25d2d5-18c1-4be0-b485-4777b8e9a62d
11-12 22:57:11 com_github_MitjaNemec_ReplicateLayout.replicate_layout 990:Src text UUid:94d012b9-077f-436c-a4d8-e5bb00c165ba
11-12 22:57:11 com_github_MitjaNemec_ReplicateLayout.replicate_layout 991:Dst text UUid:9562e4fa-1a81-42d8-914b-4ddbc0ab0a01
11-12 22:57:11 com_github_MitjaNemec_ReplicateLayout.replicate_layout 888:Replicating footprint: 'U152'
11-12 22:57:11 com_github_MitjaNemec_ReplicateLayout.replicate_layout 835:Src fp.id: '62B3827C-A320-4AD6-A424-1485EF65900D'
11-12 22:57:11 com_github_MitjaNemec_ReplicateLayout.replicate_layout 839:Dst fp.id: '62B3827C-A320-4AD6-A424-1485EF65900D'
11-12 22:57:11 com_github_MitjaNemec_ReplicateLayout.replicate_layout 895:found match in dst footprint: 'U180'
11-12 22:57:11 com_github_MitjaNemec_ReplicateLayout.replicate_layout 990:Src text UUid:c50c72b1-94e3-4159-a219-37f741e82a7c
11-12 22:57:11 com_github_MitjaNemec_ReplicateLayout.replicate_layout 991:Dst text UUid:6e7f736d-daf1-4e8f-9dd3-39e4af496a52
11-12 22:57:11 com_github_MitjaNemec_ReplicateLayout.replicate_layout 990:Src text UUid:292e74a5-6b55-4359-be57-8b0026051126
11-12 22:57:11 com_github_MitjaNemec_ReplicateLayout.replicate_layout 991:Dst text UUid:fa1f9fb0-a1c0-45cb-b089-8dbf5c911635
11-12 22:57:11 com_github_MitjaNemec_ReplicateLayout.replicate_layout 990:Src text UUid:22c9f63c-bdf9-47e9-ae01-74d81cfbd908
11-12 22:57:11 com_github_MitjaNemec_ReplicateLayout.replicate_layout 991:Dst text UUid:297c5b05-5abb-4c4b-8a3d-0f3b0ca4f583
11-12 22:57:11 com_github_MitjaNemec_ReplicateLayout.replicate_layout 888:Replicating footprint: 'R198'
11-12 22:57:11 com_github_MitjaNemec_ReplicateLayout.replicate_layout 835:Src fp.id: '2D77C678-F455-47D6-93BD-3ED95A089C96'
11-12 22:57:11 com_github_MitjaNemec_ReplicateLayout.replicate_layout 839:Dst fp.id: '2D77C678-F455-47D6-93BD-3ED95A089C96'
11-12 22:57:11 com_github_MitjaNemec_ReplicateLayout.replicate_layout 895:found match in dst footprint: 'R237'
11-12 22:57:11 com_github_MitjaNemec_ReplicateLayout.replicate_layout 990:Src text UUid:026024b2-ee3d-495c-b376-571543d60a54
11-12 22:57:11 com_github_MitjaNemec_ReplicateLayout.replicate_layout 991:Dst text UUid:b6fc6053-24c0-4c20-a14a-8b8ad4f9c431
11-12 22:57:11 com_github_MitjaNemec_ReplicateLayout.replicate_layout 990:Src text UUid:23dd6946-9981-4c83-9d25-050d5e9bece6
11-12 22:57:11 com_github_MitjaNemec_ReplicateLayout.replicate_layout 991:Dst text UUid:e51fceeb-c2d4-4ae8-9abb-6d99e52b0cd7
11-12 22:57:11 com_github_MitjaNemec_ReplicateLayout.replicate_layout 990:Src text UUid:8cb67b8b-8668-4222-8264-d0248233162e
11-12 22:57:11 com_github_MitjaNemec_ReplicateLayout.replicate_layout 991:Dst text UUid:6fe5532d-d192-432a-94f8-4a4b6fa0345b
11-12 22:57:11 com_github_MitjaNemec_ReplicateLayout.replicate_layout 888:Replicating footprint: 'LED143'
11-12 22:57:11 com_github_MitjaNemec_ReplicateLayout.replicate_layout 835:Src fp.id: '2ABC1D4C-0E8C-4F90-9BF0-DF151C3D99F0'
11-12 22:57:11 com_github_MitjaNemec_ReplicateLayout.replicate_layout 839:Dst fp.id: '2ABC1D4C-0E8C-4F90-9BF0-DF151C3D99F0'
11-12 22:57:11 com_github_MitjaNemec_ReplicateLayout.replicate_layout 895:found match in dst footprint: 'LED182'
11-12 22:57:11 com_github_MitjaNemec_ReplicateLayout.replicate_layout 990:Src text UUid:cb110f2a-a8eb-4aca-b5bc-ff7ccb902aef
11-12 22:57:11 com_github_MitjaNemec_ReplicateLayout.replicate_layout 991:Dst text UUid:21f1ada4-a6e4-455c-8140-2aaa583bc7bf
11-12 22:57:11 com_github_MitjaNemec_ReplicateLayout.replicate_layout 990:Src text UUid:cbc54092-ef49-4a91-b324-f6377248bdf9
11-12 22:57:11 com_github_MitjaNemec_ReplicateLayout.replicate_layout 991:Dst text UUid:ae0bd525-f194-4ccf-9a14-8c7f10ff4268
11-12 22:57:11 com_github_MitjaNemec_ReplicateLayout.replicate_layout 990:Src text UUid:a432e7aa-3bd5-4cba-b765-9f5f9481582e
11-12 22:57:11 com_github_MitjaNemec_ReplicateLayout.replicate_layout 991:Dst text UUid:60aa8d74-e5b8-451d-8ef9-9b1cf6e61de3
11-12 22:57:11 com_github_MitjaNemec_ReplicateLayout.replicate_layout 888:Replicating footprint: 'LED142'
11-12 22:57:11 com_github_MitjaNemec_ReplicateLayout.replicate_layout 835:Src fp.id: '0C09B42A-D4DF-4F87-AFF4-5296AF118FDF'
11-12 22:57:11 com_github_MitjaNemec_ReplicateLayout.replicate_layout 839:Dst fp.id: '0C09B42A-D4DF-4F87-AFF4-5296AF118FDF'
11-12 22:57:11 com_github_MitjaNemec_ReplicateLayout.replicate_layout 895:found match in dst footprint: 'LED181'
11-12 22:57:11 com_github_MitjaNemec_ReplicateLayout.replicate_layout 990:Src text UUid:9463e9d6-02d6-4857-9f39-9338e5245ef5
11-12 22:57:11 com_github_MitjaNemec_ReplicateLayout.replicate_layout 991:Dst text UUid:c3e86fad-9851-4995-ae9b-f918a508816d
11-12 22:57:11 com_github_MitjaNemec_ReplicateLayout.replicate_layout 990:Src text UUid:0739365c-df74-44fd-a386-04c3841e72b1
11-12 22:57:11 com_github_MitjaNemec_ReplicateLayout.replicate_layout 991:Dst text UUid:65653478-5210-40d7-a356-8e0094ca4705
11-12 22:57:11 com_github_MitjaNemec_ReplicateLayout.replicate_layout 990:Src text UUid:5d666820-e369-4ddd-b676-a3f134ad7960
11-12 22:57:11 com_github_MitjaNemec_ReplicateLayout.replicate_layout 991:Dst text UUid:b7da4c84-e32c-465c-9e8b-782206d70a72
11-12 22:57:11 com_github_MitjaNemec_ReplicateLayout.replicate_layout 888:Replicating footprint: 'LED144'
11-12 22:57:11 com_github_MitjaNemec_ReplicateLayout.replicate_layout 835:Src fp.id: '0810E186-22BD-4094-A943-28056DB37E18'
11-12 22:57:11 com_github_MitjaNemec_ReplicateLayout.replicate_layout 839:Dst fp.id: '0810E186-22BD-4094-A943-28056DB37E18'
11-12 22:57:11 com_github_MitjaNemec_ReplicateLayout.replicate_layout 895:found match in dst footprint: 'LED183'
11-12 22:57:11 com_github_MitjaNemec_ReplicateLayout.replicate_layout 990:Src text UUid:d4f51115-0b40-4019-a418-64c3b5390a72
11-12 22:57:11 com_github_MitjaNemec_ReplicateLayout.replicate_layout 991:Dst text UUid:4595ec09-345b-4767-96df-3119516dd32d
11-12 22:57:11 com_github_MitjaNemec_ReplicateLayout.replicate_layout 990:Src text UUid:0ff00c33-2d97-415c-a383-5b222a06a46e
11-12 22:57:11 com_github_MitjaNemec_ReplicateLayout.replicate_layout 991:Dst text UUid:4f3fcff7-f386-43fa-8e81-79d8ba7752a3
11-12 22:57:11 com_github_MitjaNemec_ReplicateLayout.replicate_layout 990:Src text UUid:dde8ebf1-c0d6-4c52-86e2-7e3a65d80d5a
11-12 22:57:11 com_github_MitjaNemec_ReplicateLayout.replicate_layout 991:Dst text UUid:7dbeca28-841f-4e68-9210-ca22f7276956
11-12 22:57:11 com_github_MitjaNemec_ReplicateLayout.replicate_layout 870:Replicating footprints on sheet ['Top', 'LEDs_Bottom', 'LEDS_discreet2', 'LED_single3']
11-12 22:57:11 com_github_MitjaNemec_ReplicateLayout.replicate_layout 835:Src fp.id: '0C09B42A-D4DF-4F87-AFF4-5296AF118FDF'
11-12 22:57:11 com_github_MitjaNemec_ReplicateLayout.replicate_layout 839:Dst fp.id: '0C09B42A-D4DF-4F87-AFF4-5296AF118FDF'
11-12 22:57:11 com_github_MitjaNemec_ReplicateLayout.replicate_layout 888:Replicating footprint: 'U153'
11-12 22:57:11 com_github_MitjaNemec_ReplicateLayout.replicate_layout 835:Src fp.id: 'EB896E0D-DC1C-402A-A83E-7193E291B78E'
11-12 22:57:11 com_github_MitjaNemec_ReplicateLayout.replicate_layout 839:Dst fp.id: 'EB896E0D-DC1C-402A-A83E-7193E291B78E'
11-12 22:57:11 com_github_MitjaNemec_ReplicateLayout.replicate_layout 895:found match in dst footprint: 'U183'
11-12 22:57:11 com_github_MitjaNemec_ReplicateLayout.replicate_layout 990:Src text UUid:110b3224-b357-4118-9c08-b3fded705e4b
11-12 22:57:11 com_github_MitjaNemec_ReplicateLayout.replicate_layout 991:Dst text UUid:9a09d617-ea28-46f7-9717-3b72e71fe1fd
11-12 22:57:11 com_github_MitjaNemec_ReplicateLayout.replicate_layout 990:Src text UUid:b9e7f770-21cd-4948-9662-6e0ac7df885e
11-12 22:57:11 com_github_MitjaNemec_ReplicateLayout.replicate_layout 991:Dst text UUid:2653461a-fcbf-4cf9-9f96-3b018fe45d69
11-12 22:57:11 com_github_MitjaNemec_ReplicateLayout.replicate_layout 990:Src text UUid:eaba7cf7-101e-4672-ad3c-d50ac347e980
11-12 22:57:11 com_github_MitjaNemec_ReplicateLayout.replicate_layout 991:Dst text UUid:f7111288-485c-41ec-900b-2f9fa1970879
11-12 22:57:11 com_github_MitjaNemec_ReplicateLayout.replicate_layout 888:Replicating footprint: 'R196'
11-12 22:57:11 com_github_MitjaNemec_ReplicateLayout.replicate_layout 835:Src fp.id: '28A8D9BC-2140-4FD7-9BA9-4E17A2CADB20'
11-12 22:57:11 com_github_MitjaNemec_ReplicateLayout.replicate_layout 839:Dst fp.id: '28A8D9BC-2140-4FD7-9BA9-4E17A2CADB20'
11-12 22:57:11 com_github_MitjaNemec_ReplicateLayout.replicate_layout 895:found match in dst footprint: 'R238'
11-12 22:57:11 com_github_MitjaNemec_ReplicateLayout.replicate_layout 990:Src text UUid:10a75789-866c-466a-b99e-1669393a4dc9
11-12 22:57:11 com_github_MitjaNemec_ReplicateLayout.replicate_layout 991:Dst text UUid:ece135ff-ba72-49e0-8b8c-4c6e2ecbccb2
11-12 22:57:11 com_github_MitjaNemec_ReplicateLayout.replicate_layout 990:Src text UUid:26f5deef-302c-459b-9fc1-9a4618773440
11-12 22:57:11 com_github_MitjaNemec_ReplicateLayout.replicate_layout 991:Dst text UUid:294775ec-ea2d-4b89-995b-2b86908e78a4
11-12 22:57:11 com_github_MitjaNemec_ReplicateLayout.replicate_layout 990:Src text UUid:a58fc8cd-c2ef-4a2e-8f35-9edf2c2f6adb
11-12 22:57:11 com_github_MitjaNemec_ReplicateLayout.replicate_layout 991:Dst text UUid:7425c8fa-bb31-4fae-a991-d08dc3d18b9d
11-12 22:57:11 com_github_MitjaNemec_ReplicateLayout.replicate_layout 888:Replicating footprint: 'R197'
11-12 22:57:11 com_github_MitjaNemec_ReplicateLayout.replicate_layout 835:Src fp.id: '55391442-DACB-4265-94E5-89EFFD14C302'
11-12 22:57:11 com_github_MitjaNemec_ReplicateLayout.replicate_layout 839:Dst fp.id: '55391442-DACB-4265-94E5-89EFFD14C302'
11-12 22:57:11 com_github_MitjaNemec_ReplicateLayout.replicate_layout 895:found match in dst footprint: 'R239'
11-12 22:57:11 com_github_MitjaNemec_ReplicateLayout.replicate_layout 990:Src text UUid:6cd10716-af31-44d4-bad9-a9da97fd4924
11-12 22:57:11 com_github_MitjaNemec_ReplicateLayout.replicate_layout 991:Dst text UUid:aa24aed4-c4dd-42a1-aaa2-76a3966bf601
11-12 22:57:11 com_github_MitjaNemec_ReplicateLayout.replicate_layout 990:Src text UUid:65380ce8-601c-4762-983f-4bdb6ed67bde
11-12 22:57:11 com_github_MitjaNemec_ReplicateLayout.replicate_layout 991:Dst text UUid:128b01ea-03e9-42c7-b10d-89195b16acc7
11-12 22:57:11 com_github_MitjaNemec_ReplicateLayout.replicate_layout 990:Src text UUid:94d012b9-077f-436c-a4d8-e5bb00c165ba
11-12 22:57:11 com_github_MitjaNemec_ReplicateLayout.replicate_layout 991:Dst text UUid:1f7bb7f8-5ea5-4d8c-9532-30c20aaa3284
11-12 22:57:11 com_github_MitjaNemec_ReplicateLayout.replicate_layout 888:Replicating footprint: 'U152'
11-12 22:57:11 com_github_MitjaNemec_ReplicateLayout.replicate_layout 835:Src fp.id: '62B3827C-A320-4AD6-A424-1485EF65900D'
11-12 22:57:11 com_github_MitjaNemec_ReplicateLayout.replicate_layout 839:Dst fp.id: '62B3827C-A320-4AD6-A424-1485EF65900D'
11-12 22:57:11 com_github_MitjaNemec_ReplicateLayout.replicate_layout 895:found match in dst footprint: 'U182'
11-12 22:57:11 com_github_MitjaNemec_ReplicateLayout.replicate_layout 990:Src text UUid:c50c72b1-94e3-4159-a219-37f741e82a7c
11-12 22:57:11 com_github_MitjaNemec_ReplicateLayout.replicate_layout 991:Dst text UUid:0d1dc98d-b3b8-4642-8470-0d8fb86904ba
11-12 22:57:11 com_github_MitjaNemec_ReplicateLayout.replicate_layout 990:Src text UUid:292e74a5-6b55-4359-be57-8b0026051126
11-12 22:57:11 com_github_MitjaNemec_ReplicateLayout.replicate_layout 991:Dst text UUid:4cdc073a-7edf-4195-86dd-817c4162109e
11-12 22:57:11 com_github_MitjaNemec_ReplicateLayout.replicate_layout 990:Src text UUid:22c9f63c-bdf9-47e9-ae01-74d81cfbd908
11-12 22:57:11 com_github_MitjaNemec_ReplicateLayout.replicate_layout 991:Dst text UUid:76306de3-cebc-432e-ace8-25e858f7d2be
11-12 22:57:11 com_github_MitjaNemec_ReplicateLayout.replicate_layout 888:Replicating footprint: 'R198'
11-12 22:57:11 com_github_MitjaNemec_ReplicateLayout.replicate_layout 835:Src fp.id: '2D77C678-F455-47D6-93BD-3ED95A089C96'
11-12 22:57:11 com_github_MitjaNemec_ReplicateLayout.replicate_layout 839:Dst fp.id: '2D77C678-F455-47D6-93BD-3ED95A089C96'
11-12 22:57:11 com_github_MitjaNemec_ReplicateLayout.replicate_layout 895:found match in dst footprint: 'R240'
11-12 22:57:11 com_github_MitjaNemec_ReplicateLayout.replicate_layout 990:Src text UUid:026024b2-ee3d-495c-b376-571543d60a54
11-12 22:57:11 com_github_MitjaNemec_ReplicateLayout.replicate_layout 991:Dst text UUid:c1518959-729c-4e5e-973d-d936d9b47e36
11-12 22:57:11 com_github_MitjaNemec_ReplicateLayout.replicate_layout 990:Src text UUid:23dd6946-9981-4c83-9d25-050d5e9bece6
11-12 22:57:11 com_github_MitjaNemec_ReplicateLayout.replicate_layout 991:Dst text UUid:ca775a1c-0375-4f7f-ae94-f5a90cbed4a8
11-12 22:57:11 com_github_MitjaNemec_ReplicateLayout.replicate_layout 990:Src text UUid:8cb67b8b-8668-4222-8264-d0248233162e
11-12 22:57:11 com_github_MitjaNemec_ReplicateLayout.replicate_layout 991:Dst text UUid:a838ef79-6f2a-449a-8df9-c7b6dfd2ae18
11-12 22:57:11 com_github_MitjaNemec_ReplicateLayout.replicate_layout 888:Replicating footprint: 'LED143'
11-12 22:57:11 com_github_MitjaNemec_ReplicateLayout.replicate_layout 835:Src fp.id: '2ABC1D4C-0E8C-4F90-9BF0-DF151C3D99F0'
11-12 22:57:11 com_github_MitjaNemec_ReplicateLayout.replicate_layout 839:Dst fp.id: '2ABC1D4C-0E8C-4F90-9BF0-DF151C3D99F0'
11-12 22:57:11 com_github_MitjaNemec_ReplicateLayout.replicate_layout 895:found match in dst footprint: 'LED185'
11-12 22:57:11 com_github_MitjaNemec_ReplicateLayout.replicate_layout 990:Src text UUid:cb110f2a-a8eb-4aca-b5bc-ff7ccb902aef
11-12 22:57:11 com_github_MitjaNemec_ReplicateLayout.replicate_layout 991:Dst text UUid:885afdc9-77d9-4d2b-9b83-8a3bfd1b294a
11-12 22:57:11 com_github_MitjaNemec_ReplicateLayout.replicate_layout 990:Src text UUid:cbc54092-ef49-4a91-b324-f6377248bdf9
11-12 22:57:11 com_github_MitjaNemec_ReplicateLayout.replicate_layout 991:Dst text UUid:19a2c9e8-25ab-4a41-a8e3-f614b2bb5903
11-12 22:57:11 com_github_MitjaNemec_ReplicateLayout.replicate_layout 990:Src text UUid:a432e7aa-3bd5-4cba-b765-9f5f9481582e
11-12 22:57:11 com_github_MitjaNemec_ReplicateLayout.replicate_layout 991:Dst text UUid:4aa95120-a12e-4d09-9e11-4a3ef9a1f756
11-12 22:57:11 com_github_MitjaNemec_ReplicateLayout.replicate_layout 888:Replicating footprint: 'LED142'
11-12 22:57:11 com_github_MitjaNemec_ReplicateLayout.replicate_layout 835:Src fp.id: '0C09B42A-D4DF-4F87-AFF4-5296AF118FDF'
11-12 22:57:11 com_github_MitjaNemec_ReplicateLayout.replicate_layout 839:Dst fp.id: '0C09B42A-D4DF-4F87-AFF4-5296AF118FDF'
11-12 22:57:11 com_github_MitjaNemec_ReplicateLayout.replicate_layout 895:found match in dst footprint: 'LED184'
11-12 22:57:11 com_github_MitjaNemec_ReplicateLayout.replicate_layout 990:Src text UUid:9463e9d6-02d6-4857-9f39-9338e5245ef5
11-12 22:57:11 com_github_MitjaNemec_ReplicateLayout.replicate_layout 991:Dst text UUid:a8b78423-9c6a-4a66-a83f-c900d5364c63
11-12 22:57:11 com_github_MitjaNemec_ReplicateLayout.replicate_layout 990:Src text UUid:0739365c-df74-44fd-a386-04c3841e72b1
11-12 22:57:11 com_github_MitjaNemec_ReplicateLayout.replicate_layout 991:Dst text UUid:f2c6a0c8-bc6f-4653-a109-d51ba92850b5
11-12 22:57:11 com_github_MitjaNemec_ReplicateLayout.replicate_layout 990:Src text UUid:5d666820-e369-4ddd-b676-a3f134ad7960
11-12 22:57:11 com_github_MitjaNemec_ReplicateLayout.replicate_layout 991:Dst text UUid:07a440b7-9d45-4f59-92e4-fa8a4cc3b206
11-12 22:57:11 com_github_MitjaNemec_ReplicateLayout.replicate_layout 888:Replicating footprint: 'LED144'
11-12 22:57:11 com_github_MitjaNemec_ReplicateLayout.replicate_layout 835:Src fp.id: '0810E186-22BD-4094-A943-28056DB37E18'
11-12 22:57:11 com_github_MitjaNemec_ReplicateLayout.replicate_layout 839:Dst fp.id: '0810E186-22BD-4094-A943-28056DB37E18'
11-12 22:57:11 com_github_MitjaNemec_ReplicateLayout.replicate_layout 895:found match in dst footprint: 'LED186'
11-12 22:57:11 com_github_MitjaNemec_ReplicateLayout.replicate_layout 990:Src text UUid:d4f51115-0b40-4019-a418-64c3b5390a72
11-12 22:57:11 com_github_MitjaNemec_ReplicateLayout.replicate_layout 991:Dst text UUid:6285f783-5c3f-4f2a-9fbb-370b01d27aa0
11-12 22:57:11 com_github_MitjaNemec_ReplicateLayout.replicate_layout 990:Src text UUid:0ff00c33-2d97-415c-a383-5b222a06a46e
11-12 22:57:11 com_github_MitjaNemec_ReplicateLayout.replicate_layout 991:Dst text UUid:2aa1689d-0d95-4a86-b89e-e8b7bc5f1432
11-12 22:57:11 com_github_MitjaNemec_ReplicateLayout.replicate_layout 990:Src text UUid:dde8ebf1-c0d6-4c52-86e2-7e3a65d80d5a
11-12 22:57:11 com_github_MitjaNemec_ReplicateLayout.replicate_layout 991:Dst text UUid:3e3d41c4-d9a9-436e-ba9e-76e6a8299c61
11-12 22:57:11 com_github_MitjaNemec_ReplicateLayout.replicate_layout 870:Replicating footprints on sheet ['Top', 'LEDs_Bottom', 'LEDS_discreet3', 'LED_single']
11-12 22:57:11 com_github_MitjaNemec_ReplicateLayout.replicate_layout 835:Src fp.id: '0C09B42A-D4DF-4F87-AFF4-5296AF118FDF'
11-12 22:57:11 com_github_MitjaNemec_ReplicateLayout.replicate_layout 839:Dst fp.id: '0C09B42A-D4DF-4F87-AFF4-5296AF118FDF'
11-12 22:57:11 com_github_MitjaNemec_ReplicateLayout.replicate_layout 888:Replicating footprint: 'U153'
11-12 22:57:11 com_github_MitjaNemec_ReplicateLayout.replicate_layout 835:Src fp.id: 'EB896E0D-DC1C-402A-A83E-7193E291B78E'
11-12 22:57:11 com_github_MitjaNemec_ReplicateLayout.replicate_layout 839:Dst fp.id: 'EB896E0D-DC1C-402A-A83E-7193E291B78E'
11-12 22:57:11 com_github_MitjaNemec_ReplicateLayout.replicate_layout 895:found match in dst footprint: 'U131'
11-12 22:57:11 com_github_MitjaNemec_ReplicateLayout.replicate_layout 990:Src text UUid:110b3224-b357-4118-9c08-b3fded705e4b
11-12 22:57:11 com_github_MitjaNemec_ReplicateLayout.replicate_layout 991:Dst text UUid:550adf29-3c0e-4dd0-ae3c-2ed1a16c9719
11-12 22:57:11 com_github_MitjaNemec_ReplicateLayout.replicate_layout 990:Src text UUid:b9e7f770-21cd-4948-9662-6e0ac7df885e
11-12 22:57:11 com_github_MitjaNemec_ReplicateLayout.replicate_layout 991:Dst text UUid:dddb7fdd-cd68-42b7-8088-cb07ea32faf0
11-12 22:57:11 com_github_MitjaNemec_ReplicateLayout.replicate_layout 990:Src text UUid:eaba7cf7-101e-4672-ad3c-d50ac347e980
11-12 22:57:11 com_github_MitjaNemec_ReplicateLayout.replicate_layout 991:Dst text UUid:b5926607-fd31-48d9-ab6c-16366fbd194a
11-12 22:57:11 com_github_MitjaNemec_ReplicateLayout.replicate_layout 888:Replicating footprint: 'R196'
11-12 22:57:11 com_github_MitjaNemec_ReplicateLayout.replicate_layout 835:Src fp.id: '28A8D9BC-2140-4FD7-9BA9-4E17A2CADB20'
11-12 22:57:11 com_github_MitjaNemec_ReplicateLayout.replicate_layout 839:Dst fp.id: '28A8D9BC-2140-4FD7-9BA9-4E17A2CADB20'
11-12 22:57:11 com_github_MitjaNemec_ReplicateLayout.replicate_layout 895:found match in dst footprint: 'R166'
11-12 22:57:11 com_github_MitjaNemec_ReplicateLayout.replicate_layout 990:Src text UUid:10a75789-866c-466a-b99e-1669393a4dc9
11-12 22:57:11 com_github_MitjaNemec_ReplicateLayout.replicate_layout 991:Dst text UUid:6a0a9943-d705-4f8e-83dc-4c68c405dfb0
11-12 22:57:11 com_github_MitjaNemec_ReplicateLayout.replicate_layout 990:Src text UUid:26f5deef-302c-459b-9fc1-9a4618773440
11-12 22:57:11 com_github_MitjaNemec_ReplicateLayout.replicate_layout 991:Dst text UUid:c5ceac28-9eed-4714-8bf1-1ea1e085c3c6
11-12 22:57:11 com_github_MitjaNemec_ReplicateLayout.replicate_layout 990:Src text UUid:a58fc8cd-c2ef-4a2e-8f35-9edf2c2f6adb
11-12 22:57:11 com_github_MitjaNemec_ReplicateLayout.replicate_layout 991:Dst text UUid:b7324ea1-875d-4238-9fdb-60bf9ffec01c
11-12 22:57:11 com_github_MitjaNemec_ReplicateLayout.replicate_layout 888:Replicating footprint: 'R197'
11-12 22:57:11 root 345:updating GUI with: 64
11-12 22:57:11 com_github_MitjaNemec_ReplicateLayout.replicate_layout 835:Src fp.id: '55391442-DACB-4265-94E5-89EFFD14C302'
11-12 22:57:11 com_github_MitjaNemec_ReplicateLayout.replicate_layout 839:Dst fp.id: '55391442-DACB-4265-94E5-89EFFD14C302'
11-12 22:57:11 com_github_MitjaNemec_ReplicateLayout.replicate_layout 895:found match in dst footprint: 'R167'
11-12 22:57:11 com_github_MitjaNemec_ReplicateLayout.replicate_layout 990:Src text UUid:6cd10716-af31-44d4-bad9-a9da97fd4924
11-12 22:57:11 com_github_MitjaNemec_ReplicateLayout.replicate_layout 991:Dst text UUid:863292b1-a98d-45e9-8f36-5895f898b716
11-12 22:57:11 com_github_MitjaNemec_ReplicateLayout.replicate_layout 990:Src text UUid:65380ce8-601c-4762-983f-4bdb6ed67bde
11-12 22:57:11 com_github_MitjaNemec_ReplicateLayout.replicate_layout 991:Dst text UUid:cde59b98-6039-454d-ae5c-5caf84cf2482
11-12 22:57:11 com_github_MitjaNemec_ReplicateLayout.replicate_layout 990:Src text UUid:94d012b9-077f-436c-a4d8-e5bb00c165ba
11-12 22:57:11 com_github_MitjaNemec_ReplicateLayout.replicate_layout 991:Dst text UUid:06bc8786-ff54-48ca-8c28-42f35c6fe4a8
11-12 22:57:11 com_github_MitjaNemec_ReplicateLayout.replicate_layout 888:Replicating footprint: 'U152'
11-12 22:57:11 com_github_MitjaNemec_ReplicateLayout.replicate_layout 835:Src fp.id: '62B3827C-A320-4AD6-A424-1485EF65900D'
11-12 22:57:11 com_github_MitjaNemec_ReplicateLayout.replicate_layout 839:Dst fp.id: '62B3827C-A320-4AD6-A424-1485EF65900D'
11-12 22:57:11 com_github_MitjaNemec_ReplicateLayout.replicate_layout 895:found match in dst footprint: 'U130'
11-12 22:57:11 com_github_MitjaNemec_ReplicateLayout.replicate_layout 990:Src text UUid:c50c72b1-94e3-4159-a219-37f741e82a7c
11-12 22:57:11 com_github_MitjaNemec_ReplicateLayout.replicate_layout 991:Dst text UUid:88358139-ce2f-49af-befa-59f1f26e29cb
11-12 22:57:11 com_github_MitjaNemec_ReplicateLayout.replicate_layout 990:Src text UUid:292e74a5-6b55-4359-be57-8b0026051126
11-12 22:57:11 com_github_MitjaNemec_ReplicateLayout.replicate_layout 991:Dst text UUid:9c027169-6eb4-4fd6-bb7d-bc044c97cea4
11-12 22:57:11 com_github_MitjaNemec_ReplicateLayout.replicate_layout 990:Src text UUid:22c9f63c-bdf9-47e9-ae01-74d81cfbd908
11-12 22:57:11 com_github_MitjaNemec_ReplicateLayout.replicate_layout 991:Dst text UUid:6ecac15c-9ac3-49e9-adce-d3c85b3f1e0d
11-12 22:57:11 com_github_MitjaNemec_ReplicateLayout.replicate_layout 888:Replicating footprint: 'R198'
11-12 22:57:11 com_github_MitjaNemec_ReplicateLayout.replicate_layout 835:Src fp.id: '2D77C678-F455-47D6-93BD-3ED95A089C96'
11-12 22:57:11 com_github_MitjaNemec_ReplicateLayout.replicate_layout 839:Dst fp.id: '2D77C678-F455-47D6-93BD-3ED95A089C96'
11-12 22:57:11 com_github_MitjaNemec_ReplicateLayout.replicate_layout 895:found match in dst footprint: 'R168'
11-12 22:57:11 com_github_MitjaNemec_ReplicateLayout.replicate_layout 990:Src text UUid:026024b2-ee3d-495c-b376-571543d60a54
11-12 22:57:11 com_github_MitjaNemec_ReplicateLayout.replicate_layout 991:Dst text UUid:d1be1a1f-c499-4960-8d81-8c3854f9a72d
11-12 22:57:11 com_github_MitjaNemec_ReplicateLayout.replicate_layout 990:Src text UUid:23dd6946-9981-4c83-9d25-050d5e9bece6
11-12 22:57:11 com_github_MitjaNemec_ReplicateLayout.replicate_layout 991:Dst text UUid:a792614b-18ef-402d-9475-dad38ce435f6
11-12 22:57:11 com_github_MitjaNemec_ReplicateLayout.replicate_layout 990:Src text UUid:8cb67b8b-8668-4222-8264-d0248233162e
11-12 22:57:11 com_github_MitjaNemec_ReplicateLayout.replicate_layout 991:Dst text UUid:aa391ccb-7c5c-4856-8d29-fe1ed35d372a
11-12 22:57:11 com_github_MitjaNemec_ReplicateLayout.replicate_layout 888:Replicating footprint: 'LED143'
11-12 22:57:11 com_github_MitjaNemec_ReplicateLayout.replicate_layout 835:Src fp.id: '2ABC1D4C-0E8C-4F90-9BF0-DF151C3D99F0'
11-12 22:57:11 com_github_MitjaNemec_ReplicateLayout.replicate_layout 839:Dst fp.id: '2ABC1D4C-0E8C-4F90-9BF0-DF151C3D99F0'
11-12 22:57:11 com_github_MitjaNemec_ReplicateLayout.replicate_layout 895:found match in dst footprint: 'LED113'
11-12 22:57:11 com_github_MitjaNemec_ReplicateLayout.replicate_layout 990:Src text UUid:cb110f2a-a8eb-4aca-b5bc-ff7ccb902aef
11-12 22:57:11 com_github_MitjaNemec_ReplicateLayout.replicate_layout 991:Dst text UUid:b759a40b-508d-4dd2-8980-c683c17d59e7
11-12 22:57:11 com_github_MitjaNemec_ReplicateLayout.replicate_layout 990:Src text UUid:cbc54092-ef49-4a91-b324-f6377248bdf9
11-12 22:57:11 com_github_MitjaNemec_ReplicateLayout.replicate_layout 991:Dst text UUid:42ca48ea-499b-423b-8f24-b3002c36b7c0
11-12 22:57:11 com_github_MitjaNemec_ReplicateLayout.replicate_layout 990:Src text UUid:a432e7aa-3bd5-4cba-b765-9f5f9481582e
11-12 22:57:11 com_github_MitjaNemec_ReplicateLayout.replicate_layout 991:Dst text UUid:211cc34d-3783-4552-aef3-99547e800175
11-12 22:57:11 com_github_MitjaNemec_ReplicateLayout.replicate_layout 888:Replicating footprint: 'LED142'
11-12 22:57:11 com_github_MitjaNemec_ReplicateLayout.replicate_layout 835:Src fp.id: '0C09B42A-D4DF-4F87-AFF4-5296AF118FDF'
11-12 22:57:11 com_github_MitjaNemec_ReplicateLayout.replicate_layout 839:Dst fp.id: '0C09B42A-D4DF-4F87-AFF4-5296AF118FDF'
11-12 22:57:11 com_github_MitjaNemec_ReplicateLayout.replicate_layout 895:found match in dst footprint: 'LED112'
11-12 22:57:11 com_github_MitjaNemec_ReplicateLayout.replicate_layout 990:Src text UUid:9463e9d6-02d6-4857-9f39-9338e5245ef5
11-12 22:57:11 com_github_MitjaNemec_ReplicateLayout.replicate_layout 991:Dst text UUid:ccb3120e-c442-4c75-854a-a55460a218bb
11-12 22:57:11 com_github_MitjaNemec_ReplicateLayout.replicate_layout 990:Src text UUid:0739365c-df74-44fd-a386-04c3841e72b1
11-12 22:57:11 com_github_MitjaNemec_ReplicateLayout.replicate_layout 991:Dst text UUid:27350772-2820-42da-bb2e-fa1d003b5305
11-12 22:57:11 com_github_MitjaNemec_ReplicateLayout.replicate_layout 990:Src text UUid:5d666820-e369-4ddd-b676-a3f134ad7960
11-12 22:57:11 com_github_MitjaNemec_ReplicateLayout.replicate_layout 991:Dst text UUid:a45f8797-830a-4d48-a222-0d02e2b5d4d2
11-12 22:57:11 com_github_MitjaNemec_ReplicateLayout.replicate_layout 888:Replicating footprint: 'LED144'
11-12 22:57:11 com_github_MitjaNemec_ReplicateLayout.replicate_layout 835:Src fp.id: '0810E186-22BD-4094-A943-28056DB37E18'
11-12 22:57:11 com_github_MitjaNemec_ReplicateLayout.replicate_layout 839:Dst fp.id: '0810E186-22BD-4094-A943-28056DB37E18'
11-12 22:57:11 com_github_MitjaNemec_ReplicateLayout.replicate_layout 895:found match in dst footprint: 'LED114'
11-12 22:57:11 com_github_MitjaNemec_ReplicateLayout.replicate_layout 990:Src text UUid:d4f51115-0b40-4019-a418-64c3b5390a72
11-12 22:57:11 com_github_MitjaNemec_ReplicateLayout.replicate_layout 991:Dst text UUid:7e26c1a5-27d3-4a46-b9f7-68b413d956c7
11-12 22:57:11 com_github_MitjaNemec_ReplicateLayout.replicate_layout 990:Src text UUid:0ff00c33-2d97-415c-a383-5b222a06a46e
11-12 22:57:11 com_github_MitjaNemec_ReplicateLayout.replicate_layout 991:Dst text UUid:e31afff4-b4f8-4435-89dc-103b62500bae
11-12 22:57:11 com_github_MitjaNemec_ReplicateLayout.replicate_layout 990:Src text UUid:dde8ebf1-c0d6-4c52-86e2-7e3a65d80d5a
11-12 22:57:11 com_github_MitjaNemec_ReplicateLayout.replicate_layout 991:Dst text UUid:d8674719-dafd-42c3-83ba-e81a18c2371e
11-12 22:57:11 com_github_MitjaNemec_ReplicateLayout.replicate_layout 870:Replicating footprints on sheet ['Top', 'LEDs_Bottom', 'LEDS_discreet3', 'LED_single1']
11-12 22:57:11 com_github_MitjaNemec_ReplicateLayout.replicate_layout 835:Src fp.id: '0C09B42A-D4DF-4F87-AFF4-5296AF118FDF'
11-12 22:57:11 com_github_MitjaNemec_ReplicateLayout.replicate_layout 839:Dst fp.id: '0C09B42A-D4DF-4F87-AFF4-5296AF118FDF'
11-12 22:57:11 com_github_MitjaNemec_ReplicateLayout.replicate_layout 888:Replicating footprint: 'U153'
11-12 22:57:11 com_github_MitjaNemec_ReplicateLayout.replicate_layout 835:Src fp.id: 'EB896E0D-DC1C-402A-A83E-7193E291B78E'
11-12 22:57:11 com_github_MitjaNemec_ReplicateLayout.replicate_layout 839:Dst fp.id: 'EB896E0D-DC1C-402A-A83E-7193E291B78E'
11-12 22:57:11 com_github_MitjaNemec_ReplicateLayout.replicate_layout 895:found match in dst footprint: 'U133'
11-12 22:57:11 com_github_MitjaNemec_ReplicateLayout.replicate_layout 990:Src text UUid:110b3224-b357-4118-9c08-b3fded705e4b
11-12 22:57:11 com_github_MitjaNemec_ReplicateLayout.replicate_layout 991:Dst text UUid:95912961-3450-44f5-9b36-f61daf6c776a
11-12 22:57:11 com_github_MitjaNemec_ReplicateLayout.replicate_layout 990:Src text UUid:b9e7f770-21cd-4948-9662-6e0ac7df885e
11-12 22:57:11 com_github_MitjaNemec_ReplicateLayout.replicate_layout 991:Dst text UUid:93df0254-0f9a-421f-b0b8-26b11d579a30
11-12 22:57:11 com_github_MitjaNemec_ReplicateLayout.replicate_layout 990:Src text UUid:eaba7cf7-101e-4672-ad3c-d50ac347e980
11-12 22:57:11 com_github_MitjaNemec_ReplicateLayout.replicate_layout 991:Dst text UUid:7ac9d74e-4f87-4ce4-bf46-375901cb114a
11-12 22:57:11 com_github_MitjaNemec_ReplicateLayout.replicate_layout 888:Replicating footprint: 'R196'
11-12 22:57:11 com_github_MitjaNemec_ReplicateLayout.replicate_layout 835:Src fp.id: '28A8D9BC-2140-4FD7-9BA9-4E17A2CADB20'
11-12 22:57:11 com_github_MitjaNemec_ReplicateLayout.replicate_layout 839:Dst fp.id: '28A8D9BC-2140-4FD7-9BA9-4E17A2CADB20'
11-12 22:57:11 com_github_MitjaNemec_ReplicateLayout.replicate_layout 895:found match in dst footprint: 'R169'
11-12 22:57:11 com_github_MitjaNemec_ReplicateLayout.replicate_layout 990:Src text UUid:10a75789-866c-466a-b99e-1669393a4dc9
11-12 22:57:11 com_github_MitjaNemec_ReplicateLayout.replicate_layout 991:Dst text UUid:1ab6b2b9-32c2-4c77-8e86-3907a1028cc6
11-12 22:57:11 com_github_MitjaNemec_ReplicateLayout.replicate_layout 990:Src text UUid:26f5deef-302c-459b-9fc1-9a4618773440
11-12 22:57:11 com_github_MitjaNemec_ReplicateLayout.replicate_layout 991:Dst text UUid:0a81b8e2-dfcc-411f-b7a9-36ca207014a5
11-12 22:57:11 com_github_MitjaNemec_ReplicateLayout.replicate_layout 990:Src text UUid:a58fc8cd-c2ef-4a2e-8f35-9edf2c2f6adb
11-12 22:57:11 com_github_MitjaNemec_ReplicateLayout.replicate_layout 991:Dst text UUid:63ced865-0dc9-4164-bdfb-721a8215ec7c
11-12 22:57:11 com_github_MitjaNemec_ReplicateLayout.replicate_layout 888:Replicating footprint: 'R197'
11-12 22:57:11 com_github_MitjaNemec_ReplicateLayout.replicate_layout 835:Src fp.id: '55391442-DACB-4265-94E5-89EFFD14C302'
11-12 22:57:11 com_github_MitjaNemec_ReplicateLayout.replicate_layout 839:Dst fp.id: '55391442-DACB-4265-94E5-89EFFD14C302'
11-12 22:57:11 com_github_MitjaNemec_ReplicateLayout.replicate_layout 895:found match in dst footprint: 'R170'
11-12 22:57:11 com_github_MitjaNemec_ReplicateLayout.replicate_layout 990:Src text UUid:6cd10716-af31-44d4-bad9-a9da97fd4924
11-12 22:57:11 com_github_MitjaNemec_ReplicateLayout.replicate_layout 991:Dst text UUid:60069e95-8656-4697-bf69-5d317da55e48
11-12 22:57:11 com_github_MitjaNemec_ReplicateLayout.replicate_layout 990:Src text UUid:65380ce8-601c-4762-983f-4bdb6ed67bde
11-12 22:57:11 com_github_MitjaNemec_ReplicateLayout.replicate_layout 991:Dst text UUid:e4f4a7ac-755e-47ac-a425-8a18f7029022
11-12 22:57:11 com_github_MitjaNemec_ReplicateLayout.replicate_layout 990:Src text UUid:94d012b9-077f-436c-a4d8-e5bb00c165ba
11-12 22:57:11 com_github_MitjaNemec_ReplicateLayout.replicate_layout 991:Dst text UUid:c2c0073f-a6d3-4314-b02c-596b5792896c
11-12 22:57:11 com_github_MitjaNemec_ReplicateLayout.replicate_layout 888:Replicating footprint: 'U152'
11-12 22:57:11 com_github_MitjaNemec_ReplicateLayout.replicate_layout 835:Src fp.id: '62B3827C-A320-4AD6-A424-1485EF65900D'
11-12 22:57:11 com_github_MitjaNemec_ReplicateLayout.replicate_layout 839:Dst fp.id: '62B3827C-A320-4AD6-A424-1485EF65900D'
11-12 22:57:11 com_github_MitjaNemec_ReplicateLayout.replicate_layout 895:found match in dst footprint: 'U132'
11-12 22:57:11 com_github_MitjaNemec_ReplicateLayout.replicate_layout 990:Src text UUid:c50c72b1-94e3-4159-a219-37f741e82a7c
11-12 22:57:11 com_github_MitjaNemec_ReplicateLayout.replicate_layout 991:Dst text UUid:c51d2839-1a61-4ddc-87e9-47bff0306e3b
11-12 22:57:11 com_github_MitjaNemec_ReplicateLayout.replicate_layout 990:Src text UUid:292e74a5-6b55-4359-be57-8b0026051126
11-12 22:57:11 com_github_MitjaNemec_ReplicateLayout.replicate_layout 991:Dst text UUid:c0e77362-fbb5-4f81-8147-d57b620a8716
11-12 22:57:11 com_github_MitjaNemec_ReplicateLayout.replicate_layout 990:Src text UUid:22c9f63c-bdf9-47e9-ae01-74d81cfbd908
11-12 22:57:11 com_github_MitjaNemec_ReplicateLayout.replicate_layout 991:Dst text UUid:ff978cda-f227-4ef2-8ad1-10cbca117f70
11-12 22:57:11 com_github_MitjaNemec_ReplicateLayout.replicate_layout 888:Replicating footprint: 'R198'
11-12 22:57:11 com_github_MitjaNemec_ReplicateLayout.replicate_layout 835:Src fp.id: '2D77C678-F455-47D6-93BD-3ED95A089C96'
11-12 22:57:11 com_github_MitjaNemec_ReplicateLayout.replicate_layout 839:Dst fp.id: '2D77C678-F455-47D6-93BD-3ED95A089C96'
11-12 22:57:11 com_github_MitjaNemec_ReplicateLayout.replicate_layout 895:found match in dst footprint: 'R171'
11-12 22:57:11 com_github_MitjaNemec_ReplicateLayout.replicate_layout 990:Src text UUid:026024b2-ee3d-495c-b376-571543d60a54
11-12 22:57:11 com_github_MitjaNemec_ReplicateLayout.replicate_layout 991:Dst text UUid:b85ebcae-37ae-4300-a4a1-d357555a6dc8
11-12 22:57:11 com_github_MitjaNemec_ReplicateLayout.replicate_layout 990:Src text UUid:23dd6946-9981-4c83-9d25-050d5e9bece6
11-12 22:57:11 com_github_MitjaNemec_ReplicateLayout.replicate_layout 991:Dst text UUid:bd569534-4b35-4e3c-94ba-bbce7f167dae
11-12 22:57:11 com_github_MitjaNemec_ReplicateLayout.replicate_layout 990:Src text UUid:8cb67b8b-8668-4222-8264-d0248233162e
11-12 22:57:11 com_github_MitjaNemec_ReplicateLayout.replicate_layout 991:Dst text UUid:d157b73d-b839-406a-851d-c589953245fb
11-12 22:57:11 com_github_MitjaNemec_ReplicateLayout.replicate_layout 888:Replicating footprint: 'LED143'
11-12 22:57:11 com_github_MitjaNemec_ReplicateLayout.replicate_layout 835:Src fp.id: '2ABC1D4C-0E8C-4F90-9BF0-DF151C3D99F0'
11-12 22:57:11 com_github_MitjaNemec_ReplicateLayout.replicate_layout 839:Dst fp.id: '2ABC1D4C-0E8C-4F90-9BF0-DF151C3D99F0'
11-12 22:57:11 com_github_MitjaNemec_ReplicateLayout.replicate_layout 895:found match in dst footprint: 'LED116'
11-12 22:57:11 com_github_MitjaNemec_ReplicateLayout.replicate_layout 990:Src text UUid:cb110f2a-a8eb-4aca-b5bc-ff7ccb902aef
11-12 22:57:11 com_github_MitjaNemec_ReplicateLayout.replicate_layout 991:Dst text UUid:15e931eb-bcd4-4336-9107-7f483fd84615
11-12 22:57:11 com_github_MitjaNemec_ReplicateLayout.replicate_layout 990:Src text UUid:cbc54092-ef49-4a91-b324-f6377248bdf9
11-12 22:57:11 com_github_MitjaNemec_ReplicateLayout.replicate_layout 991:Dst text UUid:e446e723-e73e-4ce0-8912-4aabfc84891e
11-12 22:57:11 com_github_MitjaNemec_ReplicateLayout.replicate_layout 990:Src text UUid:a432e7aa-3bd5-4cba-b765-9f5f9481582e
11-12 22:57:11 com_github_MitjaNemec_ReplicateLayout.replicate_layout 991:Dst text UUid:30865188-9d6f-411e-9c92-95c202505576
11-12 22:57:11 com_github_MitjaNemec_ReplicateLayout.replicate_layout 888:Replicating footprint: 'LED142'
11-12 22:57:11 com_github_MitjaNemec_ReplicateLayout.replicate_layout 835:Src fp.id: '0C09B42A-D4DF-4F87-AFF4-5296AF118FDF'
11-12 22:57:11 com_github_MitjaNemec_ReplicateLayout.replicate_layout 839:Dst fp.id: '0C09B42A-D4DF-4F87-AFF4-5296AF118FDF'
11-12 22:57:11 com_github_MitjaNemec_ReplicateLayout.replicate_layout 895:found match in dst footprint: 'LED115'
11-12 22:57:11 com_github_MitjaNemec_ReplicateLayout.replicate_layout 990:Src text UUid:9463e9d6-02d6-4857-9f39-9338e5245ef5
11-12 22:57:11 com_github_MitjaNemec_ReplicateLayout.replicate_layout 991:Dst text UUid:72440bd3-b599-4b13-9a78-11bbc63c1e33
11-12 22:57:11 com_github_MitjaNemec_ReplicateLayout.replicate_layout 990:Src text UUid:0739365c-df74-44fd-a386-04c3841e72b1
11-12 22:57:11 com_github_MitjaNemec_ReplicateLayout.replicate_layout 991:Dst text UUid:4e557e2f-fa28-4bb7-b374-aeb640013a9c
11-12 22:57:11 com_github_MitjaNemec_ReplicateLayout.replicate_layout 990:Src text UUid:5d666820-e369-4ddd-b676-a3f134ad7960
11-12 22:57:11 com_github_MitjaNemec_ReplicateLayout.replicate_layout 991:Dst text UUid:385c7e01-8932-427f-ae6f-a9f780852c6b
11-12 22:57:11 com_github_MitjaNemec_ReplicateLayout.replicate_layout 888:Replicating footprint: 'LED144'
11-12 22:57:11 com_github_MitjaNemec_ReplicateLayout.replicate_layout 835:Src fp.id: '0810E186-22BD-4094-A943-28056DB37E18'
11-12 22:57:11 com_github_MitjaNemec_ReplicateLayout.replicate_layout 839:Dst fp.id: '0810E186-22BD-4094-A943-28056DB37E18'
11-12 22:57:11 com_github_MitjaNemec_ReplicateLayout.replicate_layout 895:found match in dst footprint: 'LED117'
11-12 22:57:11 com_github_MitjaNemec_ReplicateLayout.replicate_layout 990:Src text UUid:d4f51115-0b40-4019-a418-64c3b5390a72
11-12 22:57:11 com_github_MitjaNemec_ReplicateLayout.replicate_layout 991:Dst text UUid:4bc8b09b-6feb-4ca1-8e9d-532c3d1a596a
11-12 22:57:11 com_github_MitjaNemec_ReplicateLayout.replicate_layout 990:Src text UUid:0ff00c33-2d97-415c-a383-5b222a06a46e
11-12 22:57:11 com_github_MitjaNemec_ReplicateLayout.replicate_layout 991:Dst text UUid:85af2c76-d46c-4b0d-9105-c5e19257b3ab
11-12 22:57:11 com_github_MitjaNemec_ReplicateLayout.replicate_layout 990:Src text UUid:dde8ebf1-c0d6-4c52-86e2-7e3a65d80d5a
11-12 22:57:11 com_github_MitjaNemec_ReplicateLayout.replicate_layout 991:Dst text UUid:c4431538-5f64-4fc3-91cf-d4979b15c0fd
11-12 22:57:11 com_github_MitjaNemec_ReplicateLayout.replicate_layout 870:Replicating footprints on sheet ['Top', 'LEDs_Bottom', 'LEDS_discreet3', 'LED_single2']
11-12 22:57:11 com_github_MitjaNemec_ReplicateLayout.replicate_layout 835:Src fp.id: '0C09B42A-D4DF-4F87-AFF4-5296AF118FDF'
11-12 22:57:11 com_github_MitjaNemec_ReplicateLayout.replicate_layout 839:Dst fp.id: '0C09B42A-D4DF-4F87-AFF4-5296AF118FDF'
11-12 22:57:11 com_github_MitjaNemec_ReplicateLayout.replicate_layout 888:Replicating footprint: 'U153'
11-12 22:57:11 com_github_MitjaNemec_ReplicateLayout.replicate_layout 835:Src fp.id: 'EB896E0D-DC1C-402A-A83E-7193E291B78E'
11-12 22:57:11 com_github_MitjaNemec_ReplicateLayout.replicate_layout 839:Dst fp.id: 'EB896E0D-DC1C-402A-A83E-7193E291B78E'
11-12 22:57:11 com_github_MitjaNemec_ReplicateLayout.replicate_layout 895:found match in dst footprint: 'U135'
11-12 22:57:11 com_github_MitjaNemec_ReplicateLayout.replicate_layout 990:Src text UUid:110b3224-b357-4118-9c08-b3fded705e4b
11-12 22:57:11 com_github_MitjaNemec_ReplicateLayout.replicate_layout 991:Dst text UUid:de796318-46f9-4378-b5bd-6ef2be8ef9cf
11-12 22:57:11 com_github_MitjaNemec_ReplicateLayout.replicate_layout 990:Src text UUid:b9e7f770-21cd-4948-9662-6e0ac7df885e
11-12 22:57:11 com_github_MitjaNemec_ReplicateLayout.replicate_layout 991:Dst text UUid:5eff11d5-a44a-4728-b8d9-f430b36a64c5
11-12 22:57:11 com_github_MitjaNemec_ReplicateLayout.replicate_layout 990:Src text UUid:eaba7cf7-101e-4672-ad3c-d50ac347e980
11-12 22:57:11 com_github_MitjaNemec_ReplicateLayout.replicate_layout 991:Dst text UUid:58399886-bb7d-4844-a689-c49a17fd6da5
11-12 22:57:11 com_github_MitjaNemec_ReplicateLayout.replicate_layout 888:Replicating footprint: 'R196'
11-12 22:57:11 com_github_MitjaNemec_ReplicateLayout.replicate_layout 835:Src fp.id: '28A8D9BC-2140-4FD7-9BA9-4E17A2CADB20'
11-12 22:57:11 com_github_MitjaNemec_ReplicateLayout.replicate_layout 839:Dst fp.id: '28A8D9BC-2140-4FD7-9BA9-4E17A2CADB20'
11-12 22:57:11 com_github_MitjaNemec_ReplicateLayout.replicate_layout 895:found match in dst footprint: 'R172'
11-12 22:57:11 com_github_MitjaNemec_ReplicateLayout.replicate_layout 990:Src text UUid:10a75789-866c-466a-b99e-1669393a4dc9
11-12 22:57:11 com_github_MitjaNemec_ReplicateLayout.replicate_layout 991:Dst text UUid:218df28e-133d-4fc1-a2ab-fdab230bdb10
11-12 22:57:11 com_github_MitjaNemec_ReplicateLayout.replicate_layout 990:Src text UUid:26f5deef-302c-459b-9fc1-9a4618773440
11-12 22:57:11 com_github_MitjaNemec_ReplicateLayout.replicate_layout 991:Dst text UUid:fdbce333-b569-4316-8279-f381e5b2fbd6
11-12 22:57:11 com_github_MitjaNemec_ReplicateLayout.replicate_layout 990:Src text UUid:a58fc8cd-c2ef-4a2e-8f35-9edf2c2f6adb
11-12 22:57:11 com_github_MitjaNemec_ReplicateLayout.replicate_layout 991:Dst text UUid:0179e51a-cb03-4a6d-b7f2-88727a378dee
11-12 22:57:11 com_github_MitjaNemec_ReplicateLayout.replicate_layout 888:Replicating footprint: 'R197'
11-12 22:57:11 com_github_MitjaNemec_ReplicateLayout.replicate_layout 835:Src fp.id: '55391442-DACB-4265-94E5-89EFFD14C302'
11-12 22:57:11 com_github_MitjaNemec_ReplicateLayout.replicate_layout 839:Dst fp.id: '55391442-DACB-4265-94E5-89EFFD14C302'
11-12 22:57:11 com_github_MitjaNemec_ReplicateLayout.replicate_layout 895:found match in dst footprint: 'R173'
11-12 22:57:11 com_github_MitjaNemec_ReplicateLayout.replicate_layout 990:Src text UUid:6cd10716-af31-44d4-bad9-a9da97fd4924
11-12 22:57:11 com_github_MitjaNemec_ReplicateLayout.replicate_layout 991:Dst text UUid:39043455-b91f-42d7-8c6f-d67db5d1b00c
11-12 22:57:11 com_github_MitjaNemec_ReplicateLayout.replicate_layout 990:Src text UUid:65380ce8-601c-4762-983f-4bdb6ed67bde
11-12 22:57:11 com_github_MitjaNemec_ReplicateLayout.replicate_layout 991:Dst text UUid:5a382992-398f-47a4-9021-cdb32fd66068
11-12 22:57:11 com_github_MitjaNemec_ReplicateLayout.replicate_layout 990:Src text UUid:94d012b9-077f-436c-a4d8-e5bb00c165ba
11-12 22:57:11 com_github_MitjaNemec_ReplicateLayout.replicate_layout 991:Dst text UUid:f0e2f416-fdb4-4e3d-9616-2578d949d0cf
11-12 22:57:11 com_github_MitjaNemec_ReplicateLayout.replicate_layout 888:Replicating footprint: 'U152'
11-12 22:57:11 root 345:updating GUI with: 67
11-12 22:57:11 com_github_MitjaNemec_ReplicateLayout.replicate_layout 835:Src fp.id: '62B3827C-A320-4AD6-A424-1485EF65900D'
11-12 22:57:11 com_github_MitjaNemec_ReplicateLayout.replicate_layout 839:Dst fp.id: '62B3827C-A320-4AD6-A424-1485EF65900D'
11-12 22:57:11 com_github_MitjaNemec_ReplicateLayout.replicate_layout 895:found match in dst footprint: 'U134'
11-12 22:57:11 com_github_MitjaNemec_ReplicateLayout.replicate_layout 990:Src text UUid:c50c72b1-94e3-4159-a219-37f741e82a7c
11-12 22:57:11 com_github_MitjaNemec_ReplicateLayout.replicate_layout 991:Dst text UUid:10637851-b9f3-4300-b8aa-bb1b9a6af938
11-12 22:57:11 com_github_MitjaNemec_ReplicateLayout.replicate_layout 990:Src text UUid:292e74a5-6b55-4359-be57-8b0026051126
11-12 22:57:11 com_github_MitjaNemec_ReplicateLayout.replicate_layout 991:Dst text UUid:673913f5-b5b6-4bb3-b8c0-44ebc1800ba6
11-12 22:57:11 com_github_MitjaNemec_ReplicateLayout.replicate_layout 990:Src text UUid:22c9f63c-bdf9-47e9-ae01-74d81cfbd908
11-12 22:57:11 com_github_MitjaNemec_ReplicateLayout.replicate_layout 991:Dst text UUid:5a5ceeb8-eb24-47a7-aada-d882cf5a47ab
11-12 22:57:11 com_github_MitjaNemec_ReplicateLayout.replicate_layout 888:Replicating footprint: 'R198'
11-12 22:57:11 com_github_MitjaNemec_ReplicateLayout.replicate_layout 835:Src fp.id: '2D77C678-F455-47D6-93BD-3ED95A089C96'
11-12 22:57:11 com_github_MitjaNemec_ReplicateLayout.replicate_layout 839:Dst fp.id: '2D77C678-F455-47D6-93BD-3ED95A089C96'
11-12 22:57:11 com_github_MitjaNemec_ReplicateLayout.replicate_layout 895:found match in dst footprint: 'R174'
11-12 22:57:11 com_github_MitjaNemec_ReplicateLayout.replicate_layout 990:Src text UUid:026024b2-ee3d-495c-b376-571543d60a54
11-12 22:57:11 com_github_MitjaNemec_ReplicateLayout.replicate_layout 991:Dst text UUid:fc9809c8-99de-4dcd-ad48-70c559438ed5
11-12 22:57:11 com_github_MitjaNemec_ReplicateLayout.replicate_layout 990:Src text UUid:23dd6946-9981-4c83-9d25-050d5e9bece6
11-12 22:57:11 com_github_MitjaNemec_ReplicateLayout.replicate_layout 991:Dst text UUid:0372d555-9f95-4b61-b0ff-2982f549600a
11-12 22:57:11 com_github_MitjaNemec_ReplicateLayout.replicate_layout 990:Src text UUid:8cb67b8b-8668-4222-8264-d0248233162e
11-12 22:57:11 com_github_MitjaNemec_ReplicateLayout.replicate_layout 991:Dst text UUid:172f1844-e574-471a-9bef-537549f02159
11-12 22:57:11 com_github_MitjaNemec_ReplicateLayout.replicate_layout 888:Replicating footprint: 'LED143'
11-12 22:57:11 com_github_MitjaNemec_ReplicateLayout.replicate_layout 835:Src fp.id: '2ABC1D4C-0E8C-4F90-9BF0-DF151C3D99F0'
11-12 22:57:11 com_github_MitjaNemec_ReplicateLayout.replicate_layout 839:Dst fp.id: '2ABC1D4C-0E8C-4F90-9BF0-DF151C3D99F0'
11-12 22:57:11 com_github_MitjaNemec_ReplicateLayout.replicate_layout 895:found match in dst footprint: 'LED119'
11-12 22:57:11 com_github_MitjaNemec_ReplicateLayout.replicate_layout 990:Src text UUid:cb110f2a-a8eb-4aca-b5bc-ff7ccb902aef
11-12 22:57:11 com_github_MitjaNemec_ReplicateLayout.replicate_layout 991:Dst text UUid:7f0b15f7-9537-4720-9391-1e351470dbd3
11-12 22:57:11 com_github_MitjaNemec_ReplicateLayout.replicate_layout 990:Src text UUid:cbc54092-ef49-4a91-b324-f6377248bdf9
11-12 22:57:11 com_github_MitjaNemec_ReplicateLayout.replicate_layout 991:Dst text UUid:af99626a-af90-4a18-8b49-63b4e90a7d40
11-12 22:57:11 com_github_MitjaNemec_ReplicateLayout.replicate_layout 990:Src text UUid:a432e7aa-3bd5-4cba-b765-9f5f9481582e
11-12 22:57:11 com_github_MitjaNemec_ReplicateLayout.replicate_layout 991:Dst text UUid:9b3c666a-5a78-4088-beb5-414ded5b4a26
11-12 22:57:11 com_github_MitjaNemec_ReplicateLayout.replicate_layout 888:Replicating footprint: 'LED142'
11-12 22:57:11 com_github_MitjaNemec_ReplicateLayout.replicate_layout 835:Src fp.id: '0C09B42A-D4DF-4F87-AFF4-5296AF118FDF'
11-12 22:57:11 com_github_MitjaNemec_ReplicateLayout.replicate_layout 839:Dst fp.id: '0C09B42A-D4DF-4F87-AFF4-5296AF118FDF'
11-12 22:57:11 com_github_MitjaNemec_ReplicateLayout.replicate_layout 895:found match in dst footprint: 'LED118'
11-12 22:57:11 com_github_MitjaNemec_ReplicateLayout.replicate_layout 990:Src text UUid:9463e9d6-02d6-4857-9f39-9338e5245ef5
11-12 22:57:11 com_github_MitjaNemec_ReplicateLayout.replicate_layout 991:Dst text UUid:f0cf5255-3a3c-4d33-b361-cbdee7957998
11-12 22:57:11 com_github_MitjaNemec_ReplicateLayout.replicate_layout 990:Src text UUid:0739365c-df74-44fd-a386-04c3841e72b1
11-12 22:57:11 com_github_MitjaNemec_ReplicateLayout.replicate_layout 991:Dst text UUid:d3e3f80c-1173-4a36-bec3-eb82d820f9e1
11-12 22:57:11 com_github_MitjaNemec_ReplicateLayout.replicate_layout 990:Src text UUid:5d666820-e369-4ddd-b676-a3f134ad7960
11-12 22:57:11 com_github_MitjaNemec_ReplicateLayout.replicate_layout 991:Dst text UUid:a292b4d4-51b6-405b-96bf-43359ed1eb46
11-12 22:57:11 com_github_MitjaNemec_ReplicateLayout.replicate_layout 888:Replicating footprint: 'LED144'
11-12 22:57:11 com_github_MitjaNemec_ReplicateLayout.replicate_layout 835:Src fp.id: '0810E186-22BD-4094-A943-28056DB37E18'
11-12 22:57:11 com_github_MitjaNemec_ReplicateLayout.replicate_layout 839:Dst fp.id: '0810E186-22BD-4094-A943-28056DB37E18'
11-12 22:57:11 com_github_MitjaNemec_ReplicateLayout.replicate_layout 895:found match in dst footprint: 'LED120'
11-12 22:57:11 com_github_MitjaNemec_ReplicateLayout.replicate_layout 990:Src text UUid:d4f51115-0b40-4019-a418-64c3b5390a72
11-12 22:57:11 com_github_MitjaNemec_ReplicateLayout.replicate_layout 991:Dst text UUid:5aeac9f9-7e19-4f3f-9c41-d838b73f0fc8
11-12 22:57:11 com_github_MitjaNemec_ReplicateLayout.replicate_layout 990:Src text UUid:0ff00c33-2d97-415c-a383-5b222a06a46e
11-12 22:57:11 com_github_MitjaNemec_ReplicateLayout.replicate_layout 991:Dst text UUid:72159345-825a-43d5-8683-59e1f56abef0
11-12 22:57:11 com_github_MitjaNemec_ReplicateLayout.replicate_layout 990:Src text UUid:dde8ebf1-c0d6-4c52-86e2-7e3a65d80d5a
11-12 22:57:11 com_github_MitjaNemec_ReplicateLayout.replicate_layout 991:Dst text UUid:baa5fff3-17e4-43a7-8725-ba7f732210dd
11-12 22:57:11 com_github_MitjaNemec_ReplicateLayout.replicate_layout 870:Replicating footprints on sheet ['Top', 'LEDs_Bottom', 'LEDS_discreet3', 'LED_single3']
11-12 22:57:11 com_github_MitjaNemec_ReplicateLayout.replicate_layout 835:Src fp.id: '0C09B42A-D4DF-4F87-AFF4-5296AF118FDF'
11-12 22:57:11 com_github_MitjaNemec_ReplicateLayout.replicate_layout 839:Dst fp.id: '0C09B42A-D4DF-4F87-AFF4-5296AF118FDF'
11-12 22:57:11 com_github_MitjaNemec_ReplicateLayout.replicate_layout 888:Replicating footprint: 'U153'
11-12 22:57:11 com_github_MitjaNemec_ReplicateLayout.replicate_layout 835:Src fp.id: 'EB896E0D-DC1C-402A-A83E-7193E291B78E'
11-12 22:57:11 com_github_MitjaNemec_ReplicateLayout.replicate_layout 839:Dst fp.id: 'EB896E0D-DC1C-402A-A83E-7193E291B78E'
11-12 22:57:11 com_github_MitjaNemec_ReplicateLayout.replicate_layout 895:found match in dst footprint: 'U137'
11-12 22:57:11 com_github_MitjaNemec_ReplicateLayout.replicate_layout 990:Src text UUid:110b3224-b357-4118-9c08-b3fded705e4b
11-12 22:57:11 com_github_MitjaNemec_ReplicateLayout.replicate_layout 991:Dst text UUid:85284a39-fda2-498f-9157-39e0e6d42a68
11-12 22:57:11 com_github_MitjaNemec_ReplicateLayout.replicate_layout 990:Src text UUid:b9e7f770-21cd-4948-9662-6e0ac7df885e
11-12 22:57:11 com_github_MitjaNemec_ReplicateLayout.replicate_layout 991:Dst text UUid:f33ae6ae-ba2b-45ee-9d8c-99c75c2d5d04
11-12 22:57:11 com_github_MitjaNemec_ReplicateLayout.replicate_layout 990:Src text UUid:eaba7cf7-101e-4672-ad3c-d50ac347e980
11-12 22:57:11 com_github_MitjaNemec_ReplicateLayout.replicate_layout 991:Dst text UUid:c1f5bcb8-0bd9-4156-9fa9-ac218ca77ebf
11-12 22:57:11 com_github_MitjaNemec_ReplicateLayout.replicate_layout 888:Replicating footprint: 'R196'
11-12 22:57:11 com_github_MitjaNemec_ReplicateLayout.replicate_layout 835:Src fp.id: '28A8D9BC-2140-4FD7-9BA9-4E17A2CADB20'
11-12 22:57:11 com_github_MitjaNemec_ReplicateLayout.replicate_layout 839:Dst fp.id: '28A8D9BC-2140-4FD7-9BA9-4E17A2CADB20'
11-12 22:57:11 com_github_MitjaNemec_ReplicateLayout.replicate_layout 895:found match in dst footprint: 'R175'
11-12 22:57:11 com_github_MitjaNemec_ReplicateLayout.replicate_layout 990:Src text UUid:10a75789-866c-466a-b99e-1669393a4dc9
11-12 22:57:11 com_github_MitjaNemec_ReplicateLayout.replicate_layout 991:Dst text UUid:375efe37-9f82-41fe-ad0c-08e88646b05c
11-12 22:57:11 com_github_MitjaNemec_ReplicateLayout.replicate_layout 990:Src text UUid:26f5deef-302c-459b-9fc1-9a4618773440
11-12 22:57:11 com_github_MitjaNemec_ReplicateLayout.replicate_layout 991:Dst text UUid:e7dafa02-0d5f-4385-9c7b-7631bb3d82d2
11-12 22:57:11 com_github_MitjaNemec_ReplicateLayout.replicate_layout 990:Src text UUid:a58fc8cd-c2ef-4a2e-8f35-9edf2c2f6adb
11-12 22:57:11 com_github_MitjaNemec_ReplicateLayout.replicate_layout 991:Dst text UUid:20319552-ff6c-4ed3-bcf9-b7852b054e4c
11-12 22:57:11 com_github_MitjaNemec_ReplicateLayout.replicate_layout 888:Replicating footprint: 'R197'
11-12 22:57:11 com_github_MitjaNemec_ReplicateLayout.replicate_layout 835:Src fp.id: '55391442-DACB-4265-94E5-89EFFD14C302'
11-12 22:57:11 com_github_MitjaNemec_ReplicateLayout.replicate_layout 839:Dst fp.id: '55391442-DACB-4265-94E5-89EFFD14C302'
11-12 22:57:11 com_github_MitjaNemec_ReplicateLayout.replicate_layout 895:found match in dst footprint: 'R176'
11-12 22:57:11 com_github_MitjaNemec_ReplicateLayout.replicate_layout 990:Src text UUid:6cd10716-af31-44d4-bad9-a9da97fd4924
11-12 22:57:11 com_github_MitjaNemec_ReplicateLayout.replicate_layout 991:Dst text UUid:534cce8f-448a-4032-9db0-2d667737273e
11-12 22:57:11 com_github_MitjaNemec_ReplicateLayout.replicate_layout 990:Src text UUid:65380ce8-601c-4762-983f-4bdb6ed67bde
11-12 22:57:11 com_github_MitjaNemec_ReplicateLayout.replicate_layout 991:Dst text UUid:f42f3e5b-1988-43d4-a602-c5b3590cfea5
11-12 22:57:11 com_github_MitjaNemec_ReplicateLayout.replicate_layout 990:Src text UUid:94d012b9-077f-436c-a4d8-e5bb00c165ba
11-12 22:57:11 com_github_MitjaNemec_ReplicateLayout.replicate_layout 991:Dst text UUid:15c8eebb-185b-4808-b563-fb6d5448bdac
11-12 22:57:11 com_github_MitjaNemec_ReplicateLayout.replicate_layout 888:Replicating footprint: 'U152'
11-12 22:57:11 com_github_MitjaNemec_ReplicateLayout.replicate_layout 835:Src fp.id: '62B3827C-A320-4AD6-A424-1485EF65900D'
11-12 22:57:11 com_github_MitjaNemec_ReplicateLayout.replicate_layout 839:Dst fp.id: '62B3827C-A320-4AD6-A424-1485EF65900D'
11-12 22:57:11 com_github_MitjaNemec_ReplicateLayout.replicate_layout 895:found match in dst footprint: 'U136'
11-12 22:57:11 com_github_MitjaNemec_ReplicateLayout.replicate_layout 990:Src text UUid:c50c72b1-94e3-4159-a219-37f741e82a7c
11-12 22:57:11 com_github_MitjaNemec_ReplicateLayout.replicate_layout 991:Dst text UUid:5b8381ea-685c-41e4-9e5a-4e41d4f57ca1
11-12 22:57:11 com_github_MitjaNemec_ReplicateLayout.replicate_layout 990:Src text UUid:292e74a5-6b55-4359-be57-8b0026051126
11-12 22:57:11 com_github_MitjaNemec_ReplicateLayout.replicate_layout 991:Dst text UUid:3fa12938-0c45-4a41-baa4-ceabf8181533
11-12 22:57:11 com_github_MitjaNemec_ReplicateLayout.replicate_layout 990:Src text UUid:22c9f63c-bdf9-47e9-ae01-74d81cfbd908
11-12 22:57:11 com_github_MitjaNemec_ReplicateLayout.replicate_layout 991:Dst text UUid:b61f46cc-40b7-4803-8021-80d21db237d5
11-12 22:57:11 com_github_MitjaNemec_ReplicateLayout.replicate_layout 888:Replicating footprint: 'R198'
11-12 22:57:11 com_github_MitjaNemec_ReplicateLayout.replicate_layout 835:Src fp.id: '2D77C678-F455-47D6-93BD-3ED95A089C96'
11-12 22:57:11 com_github_MitjaNemec_ReplicateLayout.replicate_layout 839:Dst fp.id: '2D77C678-F455-47D6-93BD-3ED95A089C96'
11-12 22:57:11 com_github_MitjaNemec_ReplicateLayout.replicate_layout 895:found match in dst footprint: 'R177'
11-12 22:57:11 com_github_MitjaNemec_ReplicateLayout.replicate_layout 990:Src text UUid:026024b2-ee3d-495c-b376-571543d60a54
11-12 22:57:11 com_github_MitjaNemec_ReplicateLayout.replicate_layout 991:Dst text UUid:56e3698f-3bd4-4446-86e6-a63d59a6befb
11-12 22:57:11 com_github_MitjaNemec_ReplicateLayout.replicate_layout 990:Src text UUid:23dd6946-9981-4c83-9d25-050d5e9bece6
11-12 22:57:11 com_github_MitjaNemec_ReplicateLayout.replicate_layout 991:Dst text UUid:c5188d39-dc71-42c6-9973-73987f4cdfef
11-12 22:57:11 com_github_MitjaNemec_ReplicateLayout.replicate_layout 990:Src text UUid:8cb67b8b-8668-4222-8264-d0248233162e
11-12 22:57:11 com_github_MitjaNemec_ReplicateLayout.replicate_layout 991:Dst text UUid:415381b5-e12b-4ec8-af0a-011064c4b58c
11-12 22:57:11 com_github_MitjaNemec_ReplicateLayout.replicate_layout 888:Replicating footprint: 'LED143'
11-12 22:57:11 com_github_MitjaNemec_ReplicateLayout.replicate_layout 835:Src fp.id: '2ABC1D4C-0E8C-4F90-9BF0-DF151C3D99F0'
11-12 22:57:11 com_github_MitjaNemec_ReplicateLayout.replicate_layout 839:Dst fp.id: '2ABC1D4C-0E8C-4F90-9BF0-DF151C3D99F0'
11-12 22:57:11 com_github_MitjaNemec_ReplicateLayout.replicate_layout 895:found match in dst footprint: 'LED122'
11-12 22:57:11 com_github_MitjaNemec_ReplicateLayout.replicate_layout 990:Src text UUid:cb110f2a-a8eb-4aca-b5bc-ff7ccb902aef
11-12 22:57:11 com_github_MitjaNemec_ReplicateLayout.replicate_layout 991:Dst text UUid:25340aef-38fe-4eef-9163-6316f6099b96
11-12 22:57:11 com_github_MitjaNemec_ReplicateLayout.replicate_layout 990:Src text UUid:cbc54092-ef49-4a91-b324-f6377248bdf9
11-12 22:57:11 com_github_MitjaNemec_ReplicateLayout.replicate_layout 991:Dst text UUid:e9f87c09-5348-431e-9463-16e1aa347872
11-12 22:57:11 com_github_MitjaNemec_ReplicateLayout.replicate_layout 990:Src text UUid:a432e7aa-3bd5-4cba-b765-9f5f9481582e
11-12 22:57:11 com_github_MitjaNemec_ReplicateLayout.replicate_layout 991:Dst text UUid:2e623118-d1c4-491b-8960-105a219c4e5c
11-12 22:57:11 com_github_MitjaNemec_ReplicateLayout.replicate_layout 888:Replicating footprint: 'LED142'
11-12 22:57:11 root 345:updating GUI with: 69
11-12 22:57:11 com_github_MitjaNemec_ReplicateLayout.replicate_layout 835:Src fp.id: '0C09B42A-D4DF-4F87-AFF4-5296AF118FDF'
11-12 22:57:11 com_github_MitjaNemec_ReplicateLayout.replicate_layout 839:Dst fp.id: '0C09B42A-D4DF-4F87-AFF4-5296AF118FDF'
11-12 22:57:11 com_github_MitjaNemec_ReplicateLayout.replicate_layout 895:found match in dst footprint: 'LED121'
11-12 22:57:11 com_github_MitjaNemec_ReplicateLayout.replicate_layout 990:Src text UUid:9463e9d6-02d6-4857-9f39-9338e5245ef5
11-12 22:57:11 com_github_MitjaNemec_ReplicateLayout.replicate_layout 991:Dst text UUid:7fba3402-dc5e-4c9a-818b-81c328d1a734
11-12 22:57:11 com_github_MitjaNemec_ReplicateLayout.replicate_layout 990:Src text UUid:0739365c-df74-44fd-a386-04c3841e72b1
11-12 22:57:11 com_github_MitjaNemec_ReplicateLayout.replicate_layout 991:Dst text UUid:02cfbb0e-63d9-4191-9d3f-31a282ce5a61
11-12 22:57:11 com_github_MitjaNemec_ReplicateLayout.replicate_layout 990:Src text UUid:5d666820-e369-4ddd-b676-a3f134ad7960
11-12 22:57:11 com_github_MitjaNemec_ReplicateLayout.replicate_layout 991:Dst text UUid:3c4cca78-ddd1-4a02-9827-7180499a300e
11-12 22:57:11 com_github_MitjaNemec_ReplicateLayout.replicate_layout 888:Replicating footprint: 'LED144'
11-12 22:57:11 com_github_MitjaNemec_ReplicateLayout.replicate_layout 835:Src fp.id: '0810E186-22BD-4094-A943-28056DB37E18'
11-12 22:57:11 com_github_MitjaNemec_ReplicateLayout.replicate_layout 839:Dst fp.id: '0810E186-22BD-4094-A943-28056DB37E18'
11-12 22:57:11 com_github_MitjaNemec_ReplicateLayout.replicate_layout 895:found match in dst footprint: 'LED123'
11-12 22:57:11 com_github_MitjaNemec_ReplicateLayout.replicate_layout 990:Src text UUid:d4f51115-0b40-4019-a418-64c3b5390a72
11-12 22:57:11 com_github_MitjaNemec_ReplicateLayout.replicate_layout 991:Dst text UUid:cbe11c18-0baf-4276-bae7-8a59292ae89b
11-12 22:57:11 com_github_MitjaNemec_ReplicateLayout.replicate_layout 990:Src text UUid:0ff00c33-2d97-415c-a383-5b222a06a46e
11-12 22:57:11 com_github_MitjaNemec_ReplicateLayout.replicate_layout 991:Dst text UUid:1090c357-9240-439a-9a4f-a9abe5281972
11-12 22:57:11 com_github_MitjaNemec_ReplicateLayout.replicate_layout 990:Src text UUid:dde8ebf1-c0d6-4c52-86e2-7e3a65d80d5a
11-12 22:57:11 com_github_MitjaNemec_ReplicateLayout.replicate_layout 991:Dst text UUid:2e60bc7c-e710-4985-8f64-8e6165b90a57
11-12 22:57:11 com_github_MitjaNemec_ReplicateLayout.replicate_layout 870:Replicating footprints on sheet ['Top', 'LEDs_Bottom', 'LEDS_discreet4', 'LED_single1']
11-12 22:57:11 com_github_MitjaNemec_ReplicateLayout.replicate_layout 835:Src fp.id: '0C09B42A-D4DF-4F87-AFF4-5296AF118FDF'
11-12 22:57:11 com_github_MitjaNemec_ReplicateLayout.replicate_layout 839:Dst fp.id: '0C09B42A-D4DF-4F87-AFF4-5296AF118FDF'
11-12 22:57:11 com_github_MitjaNemec_ReplicateLayout.replicate_layout 888:Replicating footprint: 'U153'
11-12 22:57:11 com_github_MitjaNemec_ReplicateLayout.replicate_layout 835:Src fp.id: 'EB896E0D-DC1C-402A-A83E-7193E291B78E'
11-12 22:57:11 com_github_MitjaNemec_ReplicateLayout.replicate_layout 839:Dst fp.id: 'EB896E0D-DC1C-402A-A83E-7193E291B78E'
11-12 22:57:11 com_github_MitjaNemec_ReplicateLayout.replicate_layout 895:found match in dst footprint: 'U155'
11-12 22:57:11 com_github_MitjaNemec_ReplicateLayout.replicate_layout 990:Src text UUid:110b3224-b357-4118-9c08-b3fded705e4b
11-12 22:57:11 com_github_MitjaNemec_ReplicateLayout.replicate_layout 991:Dst text UUid:6e9bf094-228a-4a4e-9575-dadcedb60163
11-12 22:57:11 com_github_MitjaNemec_ReplicateLayout.replicate_layout 990:Src text UUid:b9e7f770-21cd-4948-9662-6e0ac7df885e
11-12 22:57:11 com_github_MitjaNemec_ReplicateLayout.replicate_layout 991:Dst text UUid:c87759da-64af-45f1-9f0e-9e0866fc3f29
11-12 22:57:11 com_github_MitjaNemec_ReplicateLayout.replicate_layout 990:Src text UUid:eaba7cf7-101e-4672-ad3c-d50ac347e980
11-12 22:57:11 com_github_MitjaNemec_ReplicateLayout.replicate_layout 991:Dst text UUid:5d6365aa-5b2e-49cb-a426-f573cd30a068
11-12 22:57:11 com_github_MitjaNemec_ReplicateLayout.replicate_layout 888:Replicating footprint: 'R196'
11-12 22:57:11 com_github_MitjaNemec_ReplicateLayout.replicate_layout 835:Src fp.id: '28A8D9BC-2140-4FD7-9BA9-4E17A2CADB20'
11-12 22:57:11 com_github_MitjaNemec_ReplicateLayout.replicate_layout 839:Dst fp.id: '28A8D9BC-2140-4FD7-9BA9-4E17A2CADB20'
11-12 22:57:11 com_github_MitjaNemec_ReplicateLayout.replicate_layout 895:found match in dst footprint: 'R199'
11-12 22:57:11 com_github_MitjaNemec_ReplicateLayout.replicate_layout 990:Src text UUid:10a75789-866c-466a-b99e-1669393a4dc9
11-12 22:57:11 com_github_MitjaNemec_ReplicateLayout.replicate_layout 991:Dst text UUid:6bb8a42b-122e-4536-8880-994ff1887904
11-12 22:57:11 com_github_MitjaNemec_ReplicateLayout.replicate_layout 990:Src text UUid:26f5deef-302c-459b-9fc1-9a4618773440
11-12 22:57:11 com_github_MitjaNemec_ReplicateLayout.replicate_layout 991:Dst text UUid:920b1f45-4825-4f84-b738-b7bcae133d5a
11-12 22:57:11 com_github_MitjaNemec_ReplicateLayout.replicate_layout 990:Src text UUid:a58fc8cd-c2ef-4a2e-8f35-9edf2c2f6adb
11-12 22:57:11 com_github_MitjaNemec_ReplicateLayout.replicate_layout 991:Dst text UUid:c54d33f8-4ea5-47af-8ab7-d66888f6403b
11-12 22:57:11 com_github_MitjaNemec_ReplicateLayout.replicate_layout 888:Replicating footprint: 'R197'
11-12 22:57:11 com_github_MitjaNemec_ReplicateLayout.replicate_layout 835:Src fp.id: '55391442-DACB-4265-94E5-89EFFD14C302'
11-12 22:57:11 com_github_MitjaNemec_ReplicateLayout.replicate_layout 839:Dst fp.id: '55391442-DACB-4265-94E5-89EFFD14C302'
11-12 22:57:11 com_github_MitjaNemec_ReplicateLayout.replicate_layout 895:found match in dst footprint: 'R200'
11-12 22:57:11 com_github_MitjaNemec_ReplicateLayout.replicate_layout 990:Src text UUid:6cd10716-af31-44d4-bad9-a9da97fd4924
11-12 22:57:11 com_github_MitjaNemec_ReplicateLayout.replicate_layout 991:Dst text UUid:d8473f12-17d7-4d91-8ca2-3953a8f3ff7c
11-12 22:57:11 com_github_MitjaNemec_ReplicateLayout.replicate_layout 990:Src text UUid:65380ce8-601c-4762-983f-4bdb6ed67bde
11-12 22:57:11 com_github_MitjaNemec_ReplicateLayout.replicate_layout 991:Dst text UUid:18883547-5461-467b-9a74-a4bc20fdd9a9
11-12 22:57:11 com_github_MitjaNemec_ReplicateLayout.replicate_layout 990:Src text UUid:94d012b9-077f-436c-a4d8-e5bb00c165ba
11-12 22:57:11 com_github_MitjaNemec_ReplicateLayout.replicate_layout 991:Dst text UUid:318b0125-0cb1-44fc-92b3-35e951ae216b
11-12 22:57:11 com_github_MitjaNemec_ReplicateLayout.replicate_layout 888:Replicating footprint: 'U152'
11-12 22:57:11 com_github_MitjaNemec_ReplicateLayout.replicate_layout 835:Src fp.id: '62B3827C-A320-4AD6-A424-1485EF65900D'
11-12 22:57:11 com_github_MitjaNemec_ReplicateLayout.replicate_layout 839:Dst fp.id: '62B3827C-A320-4AD6-A424-1485EF65900D'
11-12 22:57:11 com_github_MitjaNemec_ReplicateLayout.replicate_layout 895:found match in dst footprint: 'U154'
11-12 22:57:11 com_github_MitjaNemec_ReplicateLayout.replicate_layout 990:Src text UUid:c50c72b1-94e3-4159-a219-37f741e82a7c
11-12 22:57:11 com_github_MitjaNemec_ReplicateLayout.replicate_layout 991:Dst text UUid:a77307e1-5c0b-41db-85fb-d6949b00dce3
11-12 22:57:11 com_github_MitjaNemec_ReplicateLayout.replicate_layout 990:Src text UUid:292e74a5-6b55-4359-be57-8b0026051126
11-12 22:57:11 com_github_MitjaNemec_ReplicateLayout.replicate_layout 991:Dst text UUid:caa00fd6-0386-4e32-bc44-a2f027038757
11-12 22:57:11 com_github_MitjaNemec_ReplicateLayout.replicate_layout 990:Src text UUid:22c9f63c-bdf9-47e9-ae01-74d81cfbd908
11-12 22:57:11 com_github_MitjaNemec_ReplicateLayout.replicate_layout 991:Dst text UUid:6150917b-4acb-4264-9a48-4a2cb717af73
11-12 22:57:11 com_github_MitjaNemec_ReplicateLayout.replicate_layout 888:Replicating footprint: 'R198'
11-12 22:57:11 com_github_MitjaNemec_ReplicateLayout.replicate_layout 835:Src fp.id: '2D77C678-F455-47D6-93BD-3ED95A089C96'
11-12 22:57:11 com_github_MitjaNemec_ReplicateLayout.replicate_layout 839:Dst fp.id: '2D77C678-F455-47D6-93BD-3ED95A089C96'
11-12 22:57:11 com_github_MitjaNemec_ReplicateLayout.replicate_layout 895:found match in dst footprint: 'R201'
11-12 22:57:11 com_github_MitjaNemec_ReplicateLayout.replicate_layout 990:Src text UUid:026024b2-ee3d-495c-b376-571543d60a54
11-12 22:57:11 com_github_MitjaNemec_ReplicateLayout.replicate_layout 991:Dst text UUid:b4eb0f70-e0e2-42bf-930a-25d5aaf31a9a
11-12 22:57:11 com_github_MitjaNemec_ReplicateLayout.replicate_layout 990:Src text UUid:23dd6946-9981-4c83-9d25-050d5e9bece6
11-12 22:57:11 com_github_MitjaNemec_ReplicateLayout.replicate_layout 991:Dst text UUid:2b004a2d-ca2f-4674-a300-2f65d18dce1a
11-12 22:57:11 com_github_MitjaNemec_ReplicateLayout.replicate_layout 990:Src text UUid:8cb67b8b-8668-4222-8264-d0248233162e
11-12 22:57:11 com_github_MitjaNemec_ReplicateLayout.replicate_layout 991:Dst text UUid:7d357632-4201-42de-8875-0942b987a63f
11-12 22:57:11 com_github_MitjaNemec_ReplicateLayout.replicate_layout 888:Replicating footprint: 'LED143'
11-12 22:57:11 com_github_MitjaNemec_ReplicateLayout.replicate_layout 835:Src fp.id: '2ABC1D4C-0E8C-4F90-9BF0-DF151C3D99F0'
11-12 22:57:11 com_github_MitjaNemec_ReplicateLayout.replicate_layout 839:Dst fp.id: '2ABC1D4C-0E8C-4F90-9BF0-DF151C3D99F0'
11-12 22:57:11 com_github_MitjaNemec_ReplicateLayout.replicate_layout 895:found match in dst footprint: 'LED146'
11-12 22:57:11 com_github_MitjaNemec_ReplicateLayout.replicate_layout 990:Src text UUid:cb110f2a-a8eb-4aca-b5bc-ff7ccb902aef
11-12 22:57:11 com_github_MitjaNemec_ReplicateLayout.replicate_layout 991:Dst text UUid:4ea8907a-d834-4af2-8c54-666ed0cf2f88
11-12 22:57:11 com_github_MitjaNemec_ReplicateLayout.replicate_layout 990:Src text UUid:cbc54092-ef49-4a91-b324-f6377248bdf9
11-12 22:57:11 com_github_MitjaNemec_ReplicateLayout.replicate_layout 991:Dst text UUid:a677084b-6c3a-4be1-bc4a-d46f783a190d
11-12 22:57:11 com_github_MitjaNemec_ReplicateLayout.replicate_layout 990:Src text UUid:a432e7aa-3bd5-4cba-b765-9f5f9481582e
11-12 22:57:11 com_github_MitjaNemec_ReplicateLayout.replicate_layout 991:Dst text UUid:45e03271-4dcc-4959-8aed-6501f64bb249
11-12 22:57:11 com_github_MitjaNemec_ReplicateLayout.replicate_layout 888:Replicating footprint: 'LED142'
11-12 22:57:11 com_github_MitjaNemec_ReplicateLayout.replicate_layout 835:Src fp.id: '0C09B42A-D4DF-4F87-AFF4-5296AF118FDF'
11-12 22:57:11 com_github_MitjaNemec_ReplicateLayout.replicate_layout 839:Dst fp.id: '0C09B42A-D4DF-4F87-AFF4-5296AF118FDF'
11-12 22:57:11 com_github_MitjaNemec_ReplicateLayout.replicate_layout 895:found match in dst footprint: 'LED145'
11-12 22:57:11 com_github_MitjaNemec_ReplicateLayout.replicate_layout 990:Src text UUid:9463e9d6-02d6-4857-9f39-9338e5245ef5
11-12 22:57:11 com_github_MitjaNemec_ReplicateLayout.replicate_layout 991:Dst text UUid:2562420d-1da8-4b93-bb97-4627640970fc
11-12 22:57:11 com_github_MitjaNemec_ReplicateLayout.replicate_layout 990:Src text UUid:0739365c-df74-44fd-a386-04c3841e72b1
11-12 22:57:11 com_github_MitjaNemec_ReplicateLayout.replicate_layout 991:Dst text UUid:6577a772-7042-431b-a884-95171c506648
11-12 22:57:11 com_github_MitjaNemec_ReplicateLayout.replicate_layout 990:Src text UUid:5d666820-e369-4ddd-b676-a3f134ad7960
11-12 22:57:11 com_github_MitjaNemec_ReplicateLayout.replicate_layout 991:Dst text UUid:9a99d0bb-7c9c-43cb-8855-94b919bf3be5
11-12 22:57:11 com_github_MitjaNemec_ReplicateLayout.replicate_layout 888:Replicating footprint: 'LED144'
11-12 22:57:11 com_github_MitjaNemec_ReplicateLayout.replicate_layout 835:Src fp.id: '0810E186-22BD-4094-A943-28056DB37E18'
11-12 22:57:11 com_github_MitjaNemec_ReplicateLayout.replicate_layout 839:Dst fp.id: '0810E186-22BD-4094-A943-28056DB37E18'
11-12 22:57:11 com_github_MitjaNemec_ReplicateLayout.replicate_layout 895:found match in dst footprint: 'LED147'
11-12 22:57:11 com_github_MitjaNemec_ReplicateLayout.replicate_layout 990:Src text UUid:d4f51115-0b40-4019-a418-64c3b5390a72
11-12 22:57:11 com_github_MitjaNemec_ReplicateLayout.replicate_layout 991:Dst text UUid:bc2b5d6d-ce88-4216-8985-ec5640adb8ad
11-12 22:57:11 com_github_MitjaNemec_ReplicateLayout.replicate_layout 990:Src text UUid:0ff00c33-2d97-415c-a383-5b222a06a46e
11-12 22:57:11 com_github_MitjaNemec_ReplicateLayout.replicate_layout 991:Dst text UUid:700b49ef-a0a8-42a7-aa36-60b3cab42840
11-12 22:57:11 com_github_MitjaNemec_ReplicateLayout.replicate_layout 990:Src text UUid:dde8ebf1-c0d6-4c52-86e2-7e3a65d80d5a
11-12 22:57:11 com_github_MitjaNemec_ReplicateLayout.replicate_layout 991:Dst text UUid:6e3141ac-f028-47d3-943c-152a34f88bc5
11-12 22:57:11 com_github_MitjaNemec_ReplicateLayout.replicate_layout 870:Replicating footprints on sheet ['Top', 'LEDs_Bottom', 'LEDS_discreet4', 'LED_single2']
11-12 22:57:11 com_github_MitjaNemec_ReplicateLayout.replicate_layout 835:Src fp.id: '0C09B42A-D4DF-4F87-AFF4-5296AF118FDF'
11-12 22:57:11 com_github_MitjaNemec_ReplicateLayout.replicate_layout 839:Dst fp.id: '0C09B42A-D4DF-4F87-AFF4-5296AF118FDF'
11-12 22:57:11 com_github_MitjaNemec_ReplicateLayout.replicate_layout 888:Replicating footprint: 'U153'
11-12 22:57:11 com_github_MitjaNemec_ReplicateLayout.replicate_layout 835:Src fp.id: 'EB896E0D-DC1C-402A-A83E-7193E291B78E'
11-12 22:57:11 com_github_MitjaNemec_ReplicateLayout.replicate_layout 839:Dst fp.id: 'EB896E0D-DC1C-402A-A83E-7193E291B78E'
11-12 22:57:11 com_github_MitjaNemec_ReplicateLayout.replicate_layout 895:found match in dst footprint: 'U157'
11-12 22:57:11 com_github_MitjaNemec_ReplicateLayout.replicate_layout 990:Src text UUid:110b3224-b357-4118-9c08-b3fded705e4b
11-12 22:57:11 com_github_MitjaNemec_ReplicateLayout.replicate_layout 991:Dst text UUid:9c59b680-0a2b-46ce-a49b-18832a7bb3ec
11-12 22:57:11 com_github_MitjaNemec_ReplicateLayout.replicate_layout 990:Src text UUid:b9e7f770-21cd-4948-9662-6e0ac7df885e
11-12 22:57:11 com_github_MitjaNemec_ReplicateLayout.replicate_layout 991:Dst text UUid:41e8d98a-791d-4310-9c35-adf140f38128
11-12 22:57:11 com_github_MitjaNemec_ReplicateLayout.replicate_layout 990:Src text UUid:eaba7cf7-101e-4672-ad3c-d50ac347e980
11-12 22:57:11 com_github_MitjaNemec_ReplicateLayout.replicate_layout 991:Dst text UUid:5682dc5a-e082-42fe-8d55-fd17533f6dd5
11-12 22:57:11 com_github_MitjaNemec_ReplicateLayout.replicate_layout 888:Replicating footprint: 'R196'
11-12 22:57:11 com_github_MitjaNemec_ReplicateLayout.replicate_layout 835:Src fp.id: '28A8D9BC-2140-4FD7-9BA9-4E17A2CADB20'
11-12 22:57:11 com_github_MitjaNemec_ReplicateLayout.replicate_layout 839:Dst fp.id: '28A8D9BC-2140-4FD7-9BA9-4E17A2CADB20'
11-12 22:57:11 com_github_MitjaNemec_ReplicateLayout.replicate_layout 895:found match in dst footprint: 'R202'
11-12 22:57:11 com_github_MitjaNemec_ReplicateLayout.replicate_layout 990:Src text UUid:10a75789-866c-466a-b99e-1669393a4dc9
11-12 22:57:11 com_github_MitjaNemec_ReplicateLayout.replicate_layout 991:Dst text UUid:92f575ce-d4cc-4174-9664-4346d08ba21b
11-12 22:57:11 com_github_MitjaNemec_ReplicateLayout.replicate_layout 990:Src text UUid:26f5deef-302c-459b-9fc1-9a4618773440
11-12 22:57:11 com_github_MitjaNemec_ReplicateLayout.replicate_layout 991:Dst text UUid:457d5d76-0d33-4dcf-b5ea-512e7d0b5832
11-12 22:57:11 com_github_MitjaNemec_ReplicateLayout.replicate_layout 990:Src text UUid:a58fc8cd-c2ef-4a2e-8f35-9edf2c2f6adb
11-12 22:57:11 com_github_MitjaNemec_ReplicateLayout.replicate_layout 991:Dst text UUid:b9814468-c448-411e-921a-70b3fbe6581b
11-12 22:57:11 com_github_MitjaNemec_ReplicateLayout.replicate_layout 888:Replicating footprint: 'R197'
11-12 22:57:11 com_github_MitjaNemec_ReplicateLayout.replicate_layout 835:Src fp.id: '55391442-DACB-4265-94E5-89EFFD14C302'
11-12 22:57:11 com_github_MitjaNemec_ReplicateLayout.replicate_layout 839:Dst fp.id: '55391442-DACB-4265-94E5-89EFFD14C302'
11-12 22:57:11 com_github_MitjaNemec_ReplicateLayout.replicate_layout 895:found match in dst footprint: 'R203'
11-12 22:57:11 com_github_MitjaNemec_ReplicateLayout.replicate_layout 990:Src text UUid:6cd10716-af31-44d4-bad9-a9da97fd4924
11-12 22:57:11 com_github_MitjaNemec_ReplicateLayout.replicate_layout 991:Dst text UUid:ea4368d1-f418-4f8c-8785-c536d515dbb9
11-12 22:57:11 com_github_MitjaNemec_ReplicateLayout.replicate_layout 990:Src text UUid:65380ce8-601c-4762-983f-4bdb6ed67bde
11-12 22:57:11 com_github_MitjaNemec_ReplicateLayout.replicate_layout 991:Dst text UUid:ef3be8eb-a97a-4ff2-abec-2cad3790dc07
11-12 22:57:11 com_github_MitjaNemec_ReplicateLayout.replicate_layout 990:Src text UUid:94d012b9-077f-436c-a4d8-e5bb00c165ba
11-12 22:57:11 com_github_MitjaNemec_ReplicateLayout.replicate_layout 991:Dst text UUid:9b1351e8-6d10-4f1c-a78e-7da07c6ecb99
11-12 22:57:11 com_github_MitjaNemec_ReplicateLayout.replicate_layout 888:Replicating footprint: 'U152'
11-12 22:57:11 com_github_MitjaNemec_ReplicateLayout.replicate_layout 835:Src fp.id: '62B3827C-A320-4AD6-A424-1485EF65900D'
11-12 22:57:11 com_github_MitjaNemec_ReplicateLayout.replicate_layout 839:Dst fp.id: '62B3827C-A320-4AD6-A424-1485EF65900D'
11-12 22:57:11 com_github_MitjaNemec_ReplicateLayout.replicate_layout 895:found match in dst footprint: 'U156'
11-12 22:57:11 com_github_MitjaNemec_ReplicateLayout.replicate_layout 990:Src text UUid:c50c72b1-94e3-4159-a219-37f741e82a7c
11-12 22:57:11 com_github_MitjaNemec_ReplicateLayout.replicate_layout 991:Dst text UUid:f0269b75-94f1-43e9-a6d1-03612b92e191
11-12 22:57:11 com_github_MitjaNemec_ReplicateLayout.replicate_layout 990:Src text UUid:292e74a5-6b55-4359-be57-8b0026051126
11-12 22:57:11 com_github_MitjaNemec_ReplicateLayout.replicate_layout 991:Dst text UUid:a1035cde-bfea-4193-a470-24c7fc60979d
11-12 22:57:11 com_github_MitjaNemec_ReplicateLayout.replicate_layout 990:Src text UUid:22c9f63c-bdf9-47e9-ae01-74d81cfbd908
11-12 22:57:11 com_github_MitjaNemec_ReplicateLayout.replicate_layout 991:Dst text UUid:2f36586a-374a-46d1-af18-e69fd906cce4
11-12 22:57:11 com_github_MitjaNemec_ReplicateLayout.replicate_layout 888:Replicating footprint: 'R198'
11-12 22:57:11 com_github_MitjaNemec_ReplicateLayout.replicate_layout 835:Src fp.id: '2D77C678-F455-47D6-93BD-3ED95A089C96'
11-12 22:57:11 com_github_MitjaNemec_ReplicateLayout.replicate_layout 839:Dst fp.id: '2D77C678-F455-47D6-93BD-3ED95A089C96'
11-12 22:57:11 com_github_MitjaNemec_ReplicateLayout.replicate_layout 895:found match in dst footprint: 'R204'
11-12 22:57:11 com_github_MitjaNemec_ReplicateLayout.replicate_layout 990:Src text UUid:026024b2-ee3d-495c-b376-571543d60a54
11-12 22:57:11 com_github_MitjaNemec_ReplicateLayout.replicate_layout 991:Dst text UUid:13363cb4-b74a-40de-b061-bb6b9ea9c14d
11-12 22:57:11 com_github_MitjaNemec_ReplicateLayout.replicate_layout 990:Src text UUid:23dd6946-9981-4c83-9d25-050d5e9bece6
11-12 22:57:11 com_github_MitjaNemec_ReplicateLayout.replicate_layout 991:Dst text UUid:1dff94e7-f399-4ca9-ab0e-a17a997564a8
11-12 22:57:11 com_github_MitjaNemec_ReplicateLayout.replicate_layout 990:Src text UUid:8cb67b8b-8668-4222-8264-d0248233162e
11-12 22:57:11 com_github_MitjaNemec_ReplicateLayout.replicate_layout 991:Dst text UUid:b760fa18-c6fe-4ab8-90e1-be62e828d362
11-12 22:57:11 com_github_MitjaNemec_ReplicateLayout.replicate_layout 888:Replicating footprint: 'LED143'
11-12 22:57:11 com_github_MitjaNemec_ReplicateLayout.replicate_layout 835:Src fp.id: '2ABC1D4C-0E8C-4F90-9BF0-DF151C3D99F0'
11-12 22:57:11 com_github_MitjaNemec_ReplicateLayout.replicate_layout 839:Dst fp.id: '2ABC1D4C-0E8C-4F90-9BF0-DF151C3D99F0'
11-12 22:57:11 com_github_MitjaNemec_ReplicateLayout.replicate_layout 895:found match in dst footprint: 'LED149'
11-12 22:57:11 com_github_MitjaNemec_ReplicateLayout.replicate_layout 990:Src text UUid:cb110f2a-a8eb-4aca-b5bc-ff7ccb902aef
11-12 22:57:11 com_github_MitjaNemec_ReplicateLayout.replicate_layout 991:Dst text UUid:55600a98-24b1-49fe-9157-b0982797026e
11-12 22:57:11 com_github_MitjaNemec_ReplicateLayout.replicate_layout 990:Src text UUid:cbc54092-ef49-4a91-b324-f6377248bdf9
11-12 22:57:11 com_github_MitjaNemec_ReplicateLayout.replicate_layout 991:Dst text UUid:e1fb6e0b-36f6-4c73-bbd3-74258ecde9e5
11-12 22:57:11 com_github_MitjaNemec_ReplicateLayout.replicate_layout 990:Src text UUid:a432e7aa-3bd5-4cba-b765-9f5f9481582e
11-12 22:57:11 com_github_MitjaNemec_ReplicateLayout.replicate_layout 991:Dst text UUid:ccb8b7af-93c2-441b-84fa-5efc5a964fa5
11-12 22:57:11 com_github_MitjaNemec_ReplicateLayout.replicate_layout 888:Replicating footprint: 'LED142'
11-12 22:57:11 root 345:updating GUI with: 72
11-12 22:57:11 com_github_MitjaNemec_ReplicateLayout.replicate_layout 835:Src fp.id: '0C09B42A-D4DF-4F87-AFF4-5296AF118FDF'
11-12 22:57:11 com_github_MitjaNemec_ReplicateLayout.replicate_layout 839:Dst fp.id: '0C09B42A-D4DF-4F87-AFF4-5296AF118FDF'
11-12 22:57:11 com_github_MitjaNemec_ReplicateLayout.replicate_layout 895:found match in dst footprint: 'LED148'
11-12 22:57:11 com_github_MitjaNemec_ReplicateLayout.replicate_layout 990:Src text UUid:9463e9d6-02d6-4857-9f39-9338e5245ef5
11-12 22:57:11 com_github_MitjaNemec_ReplicateLayout.replicate_layout 991:Dst text UUid:586367df-6eb8-4d3b-a7be-2bd06c953d56
11-12 22:57:11 com_github_MitjaNemec_ReplicateLayout.replicate_layout 990:Src text UUid:0739365c-df74-44fd-a386-04c3841e72b1
11-12 22:57:11 com_github_MitjaNemec_ReplicateLayout.replicate_layout 991:Dst text UUid:687344e5-0556-46d4-99af-7de566ca506a
11-12 22:57:11 com_github_MitjaNemec_ReplicateLayout.replicate_layout 990:Src text UUid:5d666820-e369-4ddd-b676-a3f134ad7960
11-12 22:57:11 com_github_MitjaNemec_ReplicateLayout.replicate_layout 991:Dst text UUid:0e312d8b-e5b2-467c-9090-6c0f06c428bb
11-12 22:57:11 com_github_MitjaNemec_ReplicateLayout.replicate_layout 888:Replicating footprint: 'LED144'
11-12 22:57:11 com_github_MitjaNemec_ReplicateLayout.replicate_layout 835:Src fp.id: '0810E186-22BD-4094-A943-28056DB37E18'
11-12 22:57:11 com_github_MitjaNemec_ReplicateLayout.replicate_layout 839:Dst fp.id: '0810E186-22BD-4094-A943-28056DB37E18'
11-12 22:57:11 com_github_MitjaNemec_ReplicateLayout.replicate_layout 895:found match in dst footprint: 'LED150'
11-12 22:57:11 com_github_MitjaNemec_ReplicateLayout.replicate_layout 990:Src text UUid:d4f51115-0b40-4019-a418-64c3b5390a72
11-12 22:57:11 com_github_MitjaNemec_ReplicateLayout.replicate_layout 991:Dst text UUid:11096d09-216d-48f0-a7a8-afa45fa62b7f
11-12 22:57:11 com_github_MitjaNemec_ReplicateLayout.replicate_layout 990:Src text UUid:0ff00c33-2d97-415c-a383-5b222a06a46e
11-12 22:57:11 com_github_MitjaNemec_ReplicateLayout.replicate_layout 991:Dst text UUid:086d2c40-f499-4ba0-b64d-3cef736607f2
11-12 22:57:11 com_github_MitjaNemec_ReplicateLayout.replicate_layout 990:Src text UUid:dde8ebf1-c0d6-4c52-86e2-7e3a65d80d5a
11-12 22:57:11 com_github_MitjaNemec_ReplicateLayout.replicate_layout 991:Dst text UUid:72659700-b0ba-4831-b946-ec42cf564cf4
11-12 22:57:11 com_github_MitjaNemec_ReplicateLayout.replicate_layout 870:Replicating footprints on sheet ['Top', 'LEDs_Bottom', 'LEDS_discreet4', 'LED_single3']
11-12 22:57:11 com_github_MitjaNemec_ReplicateLayout.replicate_layout 835:Src fp.id: '0C09B42A-D4DF-4F87-AFF4-5296AF118FDF'
11-12 22:57:11 com_github_MitjaNemec_ReplicateLayout.replicate_layout 839:Dst fp.id: '0C09B42A-D4DF-4F87-AFF4-5296AF118FDF'
11-12 22:57:11 com_github_MitjaNemec_ReplicateLayout.replicate_layout 888:Replicating footprint: 'U153'
11-12 22:57:11 com_github_MitjaNemec_ReplicateLayout.replicate_layout 835:Src fp.id: 'EB896E0D-DC1C-402A-A83E-7193E291B78E'
11-12 22:57:11 com_github_MitjaNemec_ReplicateLayout.replicate_layout 839:Dst fp.id: 'EB896E0D-DC1C-402A-A83E-7193E291B78E'
11-12 22:57:11 com_github_MitjaNemec_ReplicateLayout.replicate_layout 895:found match in dst footprint: 'U159'
11-12 22:57:11 com_github_MitjaNemec_ReplicateLayout.replicate_layout 990:Src text UUid:110b3224-b357-4118-9c08-b3fded705e4b
11-12 22:57:11 com_github_MitjaNemec_ReplicateLayout.replicate_layout 991:Dst text UUid:58d0ccdf-9e70-475c-a686-b6264328c65b
11-12 22:57:11 com_github_MitjaNemec_ReplicateLayout.replicate_layout 990:Src text UUid:b9e7f770-21cd-4948-9662-6e0ac7df885e
11-12 22:57:11 com_github_MitjaNemec_ReplicateLayout.replicate_layout 991:Dst text UUid:a31b752d-5a99-4da3-84e3-9f5e15731176
11-12 22:57:11 com_github_MitjaNemec_ReplicateLayout.replicate_layout 990:Src text UUid:eaba7cf7-101e-4672-ad3c-d50ac347e980
11-12 22:57:11 com_github_MitjaNemec_ReplicateLayout.replicate_layout 991:Dst text UUid:ccb5286c-7470-498b-9f5d-0c919394a8bf
11-12 22:57:11 com_github_MitjaNemec_ReplicateLayout.replicate_layout 888:Replicating footprint: 'R196'
11-12 22:57:11 com_github_MitjaNemec_ReplicateLayout.replicate_layout 835:Src fp.id: '28A8D9BC-2140-4FD7-9BA9-4E17A2CADB20'
11-12 22:57:11 com_github_MitjaNemec_ReplicateLayout.replicate_layout 839:Dst fp.id: '28A8D9BC-2140-4FD7-9BA9-4E17A2CADB20'
11-12 22:57:11 com_github_MitjaNemec_ReplicateLayout.replicate_layout 895:found match in dst footprint: 'R205'
11-12 22:57:11 com_github_MitjaNemec_ReplicateLayout.replicate_layout 990:Src text UUid:10a75789-866c-466a-b99e-1669393a4dc9
11-12 22:57:11 com_github_MitjaNemec_ReplicateLayout.replicate_layout 991:Dst text UUid:75dd5dff-3dcf-499c-8d4f-593f02eadc7f
11-12 22:57:11 com_github_MitjaNemec_ReplicateLayout.replicate_layout 990:Src text UUid:26f5deef-302c-459b-9fc1-9a4618773440
11-12 22:57:11 com_github_MitjaNemec_ReplicateLayout.replicate_layout 991:Dst text UUid:829d86ec-538c-4834-a3b6-920c66598bd3
11-12 22:57:11 com_github_MitjaNemec_ReplicateLayout.replicate_layout 990:Src text UUid:a58fc8cd-c2ef-4a2e-8f35-9edf2c2f6adb
11-12 22:57:11 com_github_MitjaNemec_ReplicateLayout.replicate_layout 991:Dst text UUid:d36ac54e-c79e-434b-a058-7a2f7378ec86
11-12 22:57:11 com_github_MitjaNemec_ReplicateLayout.replicate_layout 888:Replicating footprint: 'R197'
11-12 22:57:11 com_github_MitjaNemec_ReplicateLayout.replicate_layout 835:Src fp.id: '55391442-DACB-4265-94E5-89EFFD14C302'
11-12 22:57:11 com_github_MitjaNemec_ReplicateLayout.replicate_layout 839:Dst fp.id: '55391442-DACB-4265-94E5-89EFFD14C302'
11-12 22:57:11 com_github_MitjaNemec_ReplicateLayout.replicate_layout 895:found match in dst footprint: 'R206'
11-12 22:57:11 com_github_MitjaNemec_ReplicateLayout.replicate_layout 990:Src text UUid:6cd10716-af31-44d4-bad9-a9da97fd4924
11-12 22:57:11 com_github_MitjaNemec_ReplicateLayout.replicate_layout 991:Dst text UUid:66651730-270c-4216-978d-2f5cc8c768d0
11-12 22:57:11 com_github_MitjaNemec_ReplicateLayout.replicate_layout 990:Src text UUid:65380ce8-601c-4762-983f-4bdb6ed67bde
11-12 22:57:11 com_github_MitjaNemec_ReplicateLayout.replicate_layout 991:Dst text UUid:622057cf-09be-4e15-91b8-6c95ce088bdf
11-12 22:57:11 com_github_MitjaNemec_ReplicateLayout.replicate_layout 990:Src text UUid:94d012b9-077f-436c-a4d8-e5bb00c165ba
11-12 22:57:11 com_github_MitjaNemec_ReplicateLayout.replicate_layout 991:Dst text UUid:f2fcbc44-ecbf-4100-b8e9-f9c8e11c9f95
11-12 22:57:11 com_github_MitjaNemec_ReplicateLayout.replicate_layout 888:Replicating footprint: 'U152'
11-12 22:57:11 com_github_MitjaNemec_ReplicateLayout.replicate_layout 835:Src fp.id: '62B3827C-A320-4AD6-A424-1485EF65900D'
11-12 22:57:11 com_github_MitjaNemec_ReplicateLayout.replicate_layout 839:Dst fp.id: '62B3827C-A320-4AD6-A424-1485EF65900D'
11-12 22:57:11 com_github_MitjaNemec_ReplicateLayout.replicate_layout 895:found match in dst footprint: 'U158'
11-12 22:57:11 com_github_MitjaNemec_ReplicateLayout.replicate_layout 990:Src text UUid:c50c72b1-94e3-4159-a219-37f741e82a7c
11-12 22:57:11 com_github_MitjaNemec_ReplicateLayout.replicate_layout 991:Dst text UUid:64a54110-c2d5-4489-9b01-756c4f7a2032
11-12 22:57:11 com_github_MitjaNemec_ReplicateLayout.replicate_layout 990:Src text UUid:292e74a5-6b55-4359-be57-8b0026051126
11-12 22:57:11 com_github_MitjaNemec_ReplicateLayout.replicate_layout 991:Dst text UUid:3e10b5e8-9a6e-4802-88df-a26b9b4d250f
11-12 22:57:11 com_github_MitjaNemec_ReplicateLayout.replicate_layout 990:Src text UUid:22c9f63c-bdf9-47e9-ae01-74d81cfbd908
11-12 22:57:11 com_github_MitjaNemec_ReplicateLayout.replicate_layout 991:Dst text UUid:980ed8e7-faa8-4284-bd16-a419ea4144cb
11-12 22:57:11 com_github_MitjaNemec_ReplicateLayout.replicate_layout 888:Replicating footprint: 'R198'
11-12 22:57:11 com_github_MitjaNemec_ReplicateLayout.replicate_layout 835:Src fp.id: '2D77C678-F455-47D6-93BD-3ED95A089C96'
11-12 22:57:11 com_github_MitjaNemec_ReplicateLayout.replicate_layout 839:Dst fp.id: '2D77C678-F455-47D6-93BD-3ED95A089C96'
11-12 22:57:11 com_github_MitjaNemec_ReplicateLayout.replicate_layout 895:found match in dst footprint: 'R207'
11-12 22:57:11 com_github_MitjaNemec_ReplicateLayout.replicate_layout 990:Src text UUid:026024b2-ee3d-495c-b376-571543d60a54
11-12 22:57:11 com_github_MitjaNemec_ReplicateLayout.replicate_layout 991:Dst text UUid:bee92863-d27c-4fc1-a8bc-b5315858b960
11-12 22:57:11 com_github_MitjaNemec_ReplicateLayout.replicate_layout 990:Src text UUid:23dd6946-9981-4c83-9d25-050d5e9bece6
11-12 22:57:11 com_github_MitjaNemec_ReplicateLayout.replicate_layout 991:Dst text UUid:8abeabf6-3919-4b2b-a1fb-774da7094030
11-12 22:57:11 com_github_MitjaNemec_ReplicateLayout.replicate_layout 990:Src text UUid:8cb67b8b-8668-4222-8264-d0248233162e
11-12 22:57:11 com_github_MitjaNemec_ReplicateLayout.replicate_layout 991:Dst text UUid:8d863a8c-f5a6-4aff-b909-92839f6dd845
11-12 22:57:11 com_github_MitjaNemec_ReplicateLayout.replicate_layout 888:Replicating footprint: 'LED143'
11-12 22:57:11 com_github_MitjaNemec_ReplicateLayout.replicate_layout 835:Src fp.id: '2ABC1D4C-0E8C-4F90-9BF0-DF151C3D99F0'
11-12 22:57:11 com_github_MitjaNemec_ReplicateLayout.replicate_layout 839:Dst fp.id: '2ABC1D4C-0E8C-4F90-9BF0-DF151C3D99F0'
11-12 22:57:11 com_github_MitjaNemec_ReplicateLayout.replicate_layout 895:found match in dst footprint: 'LED152'
11-12 22:57:11 com_github_MitjaNemec_ReplicateLayout.replicate_layout 990:Src text UUid:cb110f2a-a8eb-4aca-b5bc-ff7ccb902aef
11-12 22:57:11 com_github_MitjaNemec_ReplicateLayout.replicate_layout 991:Dst text UUid:12a5f7a2-0bdd-4f94-bf91-320ccea96082
11-12 22:57:11 com_github_MitjaNemec_ReplicateLayout.replicate_layout 990:Src text UUid:cbc54092-ef49-4a91-b324-f6377248bdf9
11-12 22:57:11 com_github_MitjaNemec_ReplicateLayout.replicate_layout 991:Dst text UUid:b7e56244-aa69-4fe3-bda3-06deea0df572
11-12 22:57:11 com_github_MitjaNemec_ReplicateLayout.replicate_layout 990:Src text UUid:a432e7aa-3bd5-4cba-b765-9f5f9481582e
11-12 22:57:11 com_github_MitjaNemec_ReplicateLayout.replicate_layout 991:Dst text UUid:b5dc8e52-77d7-4a48-8da3-954dba613c41
11-12 22:57:11 com_github_MitjaNemec_ReplicateLayout.replicate_layout 888:Replicating footprint: 'LED142'
11-12 22:57:11 com_github_MitjaNemec_ReplicateLayout.replicate_layout 835:Src fp.id: '0C09B42A-D4DF-4F87-AFF4-5296AF118FDF'
11-12 22:57:11 com_github_MitjaNemec_ReplicateLayout.replicate_layout 839:Dst fp.id: '0C09B42A-D4DF-4F87-AFF4-5296AF118FDF'
11-12 22:57:11 com_github_MitjaNemec_ReplicateLayout.replicate_layout 895:found match in dst footprint: 'LED151'
11-12 22:57:11 com_github_MitjaNemec_ReplicateLayout.replicate_layout 990:Src text UUid:9463e9d6-02d6-4857-9f39-9338e5245ef5
11-12 22:57:11 com_github_MitjaNemec_ReplicateLayout.replicate_layout 991:Dst text UUid:860139b1-6ec6-4bde-9dab-91a7031c027d
11-12 22:57:11 com_github_MitjaNemec_ReplicateLayout.replicate_layout 990:Src text UUid:0739365c-df74-44fd-a386-04c3841e72b1
11-12 22:57:11 com_github_MitjaNemec_ReplicateLayout.replicate_layout 991:Dst text UUid:b9b169ab-6dd5-4e95-b2f2-b99cbe69f585
11-12 22:57:11 com_github_MitjaNemec_ReplicateLayout.replicate_layout 990:Src text UUid:5d666820-e369-4ddd-b676-a3f134ad7960
11-12 22:57:11 com_github_MitjaNemec_ReplicateLayout.replicate_layout 991:Dst text UUid:0a720302-2d05-4900-a5b5-cb7f6af10b8c
11-12 22:57:11 com_github_MitjaNemec_ReplicateLayout.replicate_layout 888:Replicating footprint: 'LED144'
11-12 22:57:11 com_github_MitjaNemec_ReplicateLayout.replicate_layout 835:Src fp.id: '0810E186-22BD-4094-A943-28056DB37E18'
11-12 22:57:11 com_github_MitjaNemec_ReplicateLayout.replicate_layout 839:Dst fp.id: '0810E186-22BD-4094-A943-28056DB37E18'
11-12 22:57:11 com_github_MitjaNemec_ReplicateLayout.replicate_layout 895:found match in dst footprint: 'LED153'
11-12 22:57:11 com_github_MitjaNemec_ReplicateLayout.replicate_layout 990:Src text UUid:d4f51115-0b40-4019-a418-64c3b5390a72
11-12 22:57:11 com_github_MitjaNemec_ReplicateLayout.replicate_layout 991:Dst text UUid:7412a317-eb14-4bbb-bf69-a5c52ebe57e0
11-12 22:57:11 com_github_MitjaNemec_ReplicateLayout.replicate_layout 990:Src text UUid:0ff00c33-2d97-415c-a383-5b222a06a46e
11-12 22:57:11 com_github_MitjaNemec_ReplicateLayout.replicate_layout 991:Dst text UUid:6a35e847-0e28-4efd-9516-2b79a4540df5
11-12 22:57:11 com_github_MitjaNemec_ReplicateLayout.replicate_layout 990:Src text UUid:dde8ebf1-c0d6-4c52-86e2-7e3a65d80d5a
11-12 22:57:11 com_github_MitjaNemec_ReplicateLayout.replicate_layout 991:Dst text UUid:c540f2fa-9707-4e28-a456-007ef28d077d
11-12 22:57:11 com_github_MitjaNemec_ReplicateLayout.replicate_layout 870:Replicating footprints on sheet ['Top', 'LEDs_Bottom', 'LEDS_discreet5', 'LED_single']
11-12 22:57:11 com_github_MitjaNemec_ReplicateLayout.replicate_layout 835:Src fp.id: '0C09B42A-D4DF-4F87-AFF4-5296AF118FDF'
11-12 22:57:11 com_github_MitjaNemec_ReplicateLayout.replicate_layout 839:Dst fp.id: '0C09B42A-D4DF-4F87-AFF4-5296AF118FDF'
11-12 22:57:11 com_github_MitjaNemec_ReplicateLayout.replicate_layout 888:Replicating footprint: 'U153'
11-12 22:57:11 com_github_MitjaNemec_ReplicateLayout.replicate_layout 835:Src fp.id: 'EB896E0D-DC1C-402A-A83E-7193E291B78E'
11-12 22:57:11 com_github_MitjaNemec_ReplicateLayout.replicate_layout 839:Dst fp.id: 'EB896E0D-DC1C-402A-A83E-7193E291B78E'
11-12 22:57:11 com_github_MitjaNemec_ReplicateLayout.replicate_layout 895:found match in dst footprint: 'U198'
11-12 22:57:11 com_github_MitjaNemec_ReplicateLayout.replicate_layout 990:Src text UUid:110b3224-b357-4118-9c08-b3fded705e4b
11-12 22:57:11 com_github_MitjaNemec_ReplicateLayout.replicate_layout 991:Dst text UUid:ad9315ff-7243-4b88-b63b-8457753a9dfd
11-12 22:57:11 com_github_MitjaNemec_ReplicateLayout.replicate_layout 990:Src text UUid:b9e7f770-21cd-4948-9662-6e0ac7df885e
11-12 22:57:11 com_github_MitjaNemec_ReplicateLayout.replicate_layout 991:Dst text UUid:79ff71dc-11db-405a-a74e-a110899d8643
11-12 22:57:11 com_github_MitjaNemec_ReplicateLayout.replicate_layout 990:Src text UUid:eaba7cf7-101e-4672-ad3c-d50ac347e980
11-12 22:57:11 com_github_MitjaNemec_ReplicateLayout.replicate_layout 991:Dst text UUid:9414f00f-9cb9-4580-934a-6b99d3dc5827
11-12 22:57:11 com_github_MitjaNemec_ReplicateLayout.replicate_layout 888:Replicating footprint: 'R196'
11-12 22:57:11 com_github_MitjaNemec_ReplicateLayout.replicate_layout 835:Src fp.id: '28A8D9BC-2140-4FD7-9BA9-4E17A2CADB20'
11-12 22:57:11 com_github_MitjaNemec_ReplicateLayout.replicate_layout 839:Dst fp.id: '28A8D9BC-2140-4FD7-9BA9-4E17A2CADB20'
11-12 22:57:11 com_github_MitjaNemec_ReplicateLayout.replicate_layout 895:found match in dst footprint: 'R256'
11-12 22:57:11 com_github_MitjaNemec_ReplicateLayout.replicate_layout 990:Src text UUid:10a75789-866c-466a-b99e-1669393a4dc9
11-12 22:57:11 com_github_MitjaNemec_ReplicateLayout.replicate_layout 991:Dst text UUid:57becf5d-76fa-4700-94bb-33d610f80e25
11-12 22:57:11 com_github_MitjaNemec_ReplicateLayout.replicate_layout 990:Src text UUid:26f5deef-302c-459b-9fc1-9a4618773440
11-12 22:57:11 com_github_MitjaNemec_ReplicateLayout.replicate_layout 991:Dst text UUid:8f931a79-8f57-4545-b4ea-0e000b21725e
11-12 22:57:11 com_github_MitjaNemec_ReplicateLayout.replicate_layout 990:Src text UUid:a58fc8cd-c2ef-4a2e-8f35-9edf2c2f6adb
11-12 22:57:11 com_github_MitjaNemec_ReplicateLayout.replicate_layout 991:Dst text UUid:8fb4d934-5172-4ebe-a503-227152f3d8ac
11-12 22:57:11 com_github_MitjaNemec_ReplicateLayout.replicate_layout 888:Replicating footprint: 'R197'
11-12 22:57:11 com_github_MitjaNemec_ReplicateLayout.replicate_layout 835:Src fp.id: '55391442-DACB-4265-94E5-89EFFD14C302'
11-12 22:57:11 com_github_MitjaNemec_ReplicateLayout.replicate_layout 839:Dst fp.id: '55391442-DACB-4265-94E5-89EFFD14C302'
11-12 22:57:11 com_github_MitjaNemec_ReplicateLayout.replicate_layout 895:found match in dst footprint: 'R257'
11-12 22:57:11 com_github_MitjaNemec_ReplicateLayout.replicate_layout 990:Src text UUid:6cd10716-af31-44d4-bad9-a9da97fd4924
11-12 22:57:11 com_github_MitjaNemec_ReplicateLayout.replicate_layout 991:Dst text UUid:f9e79d68-9053-4d80-a622-9daf2a916fcf
11-12 22:57:11 com_github_MitjaNemec_ReplicateLayout.replicate_layout 990:Src text UUid:65380ce8-601c-4762-983f-4bdb6ed67bde
11-12 22:57:11 com_github_MitjaNemec_ReplicateLayout.replicate_layout 991:Dst text UUid:c613b0c3-5a1d-407f-8c18-550cebbbcbe4
11-12 22:57:11 com_github_MitjaNemec_ReplicateLayout.replicate_layout 990:Src text UUid:94d012b9-077f-436c-a4d8-e5bb00c165ba
11-12 22:57:11 com_github_MitjaNemec_ReplicateLayout.replicate_layout 991:Dst text UUid:e173e352-0237-4606-8b37-b629f7a5ba62
11-12 22:57:11 com_github_MitjaNemec_ReplicateLayout.replicate_layout 888:Replicating footprint: 'U152'
11-12 22:57:11 com_github_MitjaNemec_ReplicateLayout.replicate_layout 835:Src fp.id: '62B3827C-A320-4AD6-A424-1485EF65900D'
11-12 22:57:11 com_github_MitjaNemec_ReplicateLayout.replicate_layout 839:Dst fp.id: '62B3827C-A320-4AD6-A424-1485EF65900D'
11-12 22:57:11 com_github_MitjaNemec_ReplicateLayout.replicate_layout 895:found match in dst footprint: 'U197'
11-12 22:57:11 com_github_MitjaNemec_ReplicateLayout.replicate_layout 990:Src text UUid:c50c72b1-94e3-4159-a219-37f741e82a7c
11-12 22:57:11 com_github_MitjaNemec_ReplicateLayout.replicate_layout 991:Dst text UUid:b80f65cf-d056-4f16-96b2-0646141e6027
11-12 22:57:11 com_github_MitjaNemec_ReplicateLayout.replicate_layout 990:Src text UUid:292e74a5-6b55-4359-be57-8b0026051126
11-12 22:57:11 com_github_MitjaNemec_ReplicateLayout.replicate_layout 991:Dst text UUid:ab5cd5aa-81e4-423e-ac0f-cd7385329ad2
11-12 22:57:11 com_github_MitjaNemec_ReplicateLayout.replicate_layout 990:Src text UUid:22c9f63c-bdf9-47e9-ae01-74d81cfbd908
11-12 22:57:11 com_github_MitjaNemec_ReplicateLayout.replicate_layout 991:Dst text UUid:491b91d0-5162-431a-8416-c988a4d5b914
11-12 22:57:11 com_github_MitjaNemec_ReplicateLayout.replicate_layout 888:Replicating footprint: 'R198'
11-12 22:57:11 root 345:updating GUI with: 75
11-12 22:57:11 com_github_MitjaNemec_ReplicateLayout.replicate_layout 835:Src fp.id: '2D77C678-F455-47D6-93BD-3ED95A089C96'
11-12 22:57:11 com_github_MitjaNemec_ReplicateLayout.replicate_layout 839:Dst fp.id: '2D77C678-F455-47D6-93BD-3ED95A089C96'
11-12 22:57:11 com_github_MitjaNemec_ReplicateLayout.replicate_layout 895:found match in dst footprint: 'R258'
11-12 22:57:11 com_github_MitjaNemec_ReplicateLayout.replicate_layout 990:Src text UUid:026024b2-ee3d-495c-b376-571543d60a54
11-12 22:57:11 com_github_MitjaNemec_ReplicateLayout.replicate_layout 991:Dst text UUid:3b92e4a2-ed9d-4f45-ac2c-2b61778c522a
11-12 22:57:11 com_github_MitjaNemec_ReplicateLayout.replicate_layout 990:Src text UUid:23dd6946-9981-4c83-9d25-050d5e9bece6
11-12 22:57:11 com_github_MitjaNemec_ReplicateLayout.replicate_layout 991:Dst text UUid:bef275ff-1310-40eb-893c-b3e2ca28c6fe
11-12 22:57:11 com_github_MitjaNemec_ReplicateLayout.replicate_layout 990:Src text UUid:8cb67b8b-8668-4222-8264-d0248233162e
11-12 22:57:11 com_github_MitjaNemec_ReplicateLayout.replicate_layout 991:Dst text UUid:8fa6f59f-9660-44c1-87ab-03d2d3c7a188
11-12 22:57:11 com_github_MitjaNemec_ReplicateLayout.replicate_layout 888:Replicating footprint: 'LED143'
11-12 22:57:11 com_github_MitjaNemec_ReplicateLayout.replicate_layout 835:Src fp.id: '2ABC1D4C-0E8C-4F90-9BF0-DF151C3D99F0'
11-12 22:57:11 com_github_MitjaNemec_ReplicateLayout.replicate_layout 839:Dst fp.id: '2ABC1D4C-0E8C-4F90-9BF0-DF151C3D99F0'
11-12 22:57:11 com_github_MitjaNemec_ReplicateLayout.replicate_layout 895:found match in dst footprint: 'LED203'
11-12 22:57:11 com_github_MitjaNemec_ReplicateLayout.replicate_layout 990:Src text UUid:cb110f2a-a8eb-4aca-b5bc-ff7ccb902aef
11-12 22:57:11 com_github_MitjaNemec_ReplicateLayout.replicate_layout 991:Dst text UUid:bffcd743-792d-4c40-b63d-a46ae11e9cb7
11-12 22:57:11 com_github_MitjaNemec_ReplicateLayout.replicate_layout 990:Src text UUid:cbc54092-ef49-4a91-b324-f6377248bdf9
11-12 22:57:11 com_github_MitjaNemec_ReplicateLayout.replicate_layout 991:Dst text UUid:4c09b89f-d885-466a-8735-c0c0e8b548fa
11-12 22:57:11 com_github_MitjaNemec_ReplicateLayout.replicate_layout 990:Src text UUid:a432e7aa-3bd5-4cba-b765-9f5f9481582e
11-12 22:57:11 com_github_MitjaNemec_ReplicateLayout.replicate_layout 991:Dst text UUid:662456ef-ff0e-4430-929c-50ac0d277c41
11-12 22:57:11 com_github_MitjaNemec_ReplicateLayout.replicate_layout 888:Replicating footprint: 'LED142'
11-12 22:57:11 com_github_MitjaNemec_ReplicateLayout.replicate_layout 835:Src fp.id: '0C09B42A-D4DF-4F87-AFF4-5296AF118FDF'
11-12 22:57:11 com_github_MitjaNemec_ReplicateLayout.replicate_layout 839:Dst fp.id: '0C09B42A-D4DF-4F87-AFF4-5296AF118FDF'
11-12 22:57:11 com_github_MitjaNemec_ReplicateLayout.replicate_layout 895:found match in dst footprint: 'LED202'
11-12 22:57:11 com_github_MitjaNemec_ReplicateLayout.replicate_layout 990:Src text UUid:9463e9d6-02d6-4857-9f39-9338e5245ef5
11-12 22:57:11 com_github_MitjaNemec_ReplicateLayout.replicate_layout 991:Dst text UUid:cc7e0004-5a51-4e59-ae41-64459b5b3489
11-12 22:57:11 com_github_MitjaNemec_ReplicateLayout.replicate_layout 990:Src text UUid:0739365c-df74-44fd-a386-04c3841e72b1
11-12 22:57:11 com_github_MitjaNemec_ReplicateLayout.replicate_layout 991:Dst text UUid:9ba82f94-81f0-4587-880c-01552eb4b0d1
11-12 22:57:11 com_github_MitjaNemec_ReplicateLayout.replicate_layout 990:Src text UUid:5d666820-e369-4ddd-b676-a3f134ad7960
11-12 22:57:11 com_github_MitjaNemec_ReplicateLayout.replicate_layout 991:Dst text UUid:c7366548-034e-4400-b745-cb6e89dacc0f
11-12 22:57:11 com_github_MitjaNemec_ReplicateLayout.replicate_layout 888:Replicating footprint: 'LED144'
11-12 22:57:11 com_github_MitjaNemec_ReplicateLayout.replicate_layout 835:Src fp.id: '0810E186-22BD-4094-A943-28056DB37E18'
11-12 22:57:11 com_github_MitjaNemec_ReplicateLayout.replicate_layout 839:Dst fp.id: '0810E186-22BD-4094-A943-28056DB37E18'
11-12 22:57:11 com_github_MitjaNemec_ReplicateLayout.replicate_layout 895:found match in dst footprint: 'LED204'
11-12 22:57:11 com_github_MitjaNemec_ReplicateLayout.replicate_layout 990:Src text UUid:d4f51115-0b40-4019-a418-64c3b5390a72
11-12 22:57:11 com_github_MitjaNemec_ReplicateLayout.replicate_layout 991:Dst text UUid:7e1fd80b-2f1d-4a39-a9f5-008d8060cab9
11-12 22:57:11 com_github_MitjaNemec_ReplicateLayout.replicate_layout 990:Src text UUid:0ff00c33-2d97-415c-a383-5b222a06a46e
11-12 22:57:11 com_github_MitjaNemec_ReplicateLayout.replicate_layout 991:Dst text UUid:b27c5f38-a081-4b1c-b6d8-35017ef2beae
11-12 22:57:11 com_github_MitjaNemec_ReplicateLayout.replicate_layout 990:Src text UUid:dde8ebf1-c0d6-4c52-86e2-7e3a65d80d5a
11-12 22:57:11 com_github_MitjaNemec_ReplicateLayout.replicate_layout 991:Dst text UUid:408e1036-45c8-4134-81d7-a7c6876d4af4
11-12 22:57:11 com_github_MitjaNemec_ReplicateLayout.replicate_layout 870:Replicating footprints on sheet ['Top', 'LEDs_Bottom', 'LEDS_discreet5', 'LED_single1']
11-12 22:57:11 com_github_MitjaNemec_ReplicateLayout.replicate_layout 835:Src fp.id: '0C09B42A-D4DF-4F87-AFF4-5296AF118FDF'
11-12 22:57:11 com_github_MitjaNemec_ReplicateLayout.replicate_layout 839:Dst fp.id: '0C09B42A-D4DF-4F87-AFF4-5296AF118FDF'
11-12 22:57:11 com_github_MitjaNemec_ReplicateLayout.replicate_layout 888:Replicating footprint: 'U153'
11-12 22:57:11 com_github_MitjaNemec_ReplicateLayout.replicate_layout 835:Src fp.id: 'EB896E0D-DC1C-402A-A83E-7193E291B78E'
11-12 22:57:11 com_github_MitjaNemec_ReplicateLayout.replicate_layout 839:Dst fp.id: 'EB896E0D-DC1C-402A-A83E-7193E291B78E'
11-12 22:57:11 com_github_MitjaNemec_ReplicateLayout.replicate_layout 895:found match in dst footprint: 'U200'
11-12 22:57:11 com_github_MitjaNemec_ReplicateLayout.replicate_layout 990:Src text UUid:110b3224-b357-4118-9c08-b3fded705e4b
11-12 22:57:11 com_github_MitjaNemec_ReplicateLayout.replicate_layout 991:Dst text UUid:2e0be23b-3f98-4ec5-952f-84e427c62041
11-12 22:57:11 com_github_MitjaNemec_ReplicateLayout.replicate_layout 990:Src text UUid:b9e7f770-21cd-4948-9662-6e0ac7df885e
11-12 22:57:11 com_github_MitjaNemec_ReplicateLayout.replicate_layout 991:Dst text UUid:60608398-c71d-4e81-9e98-b4010af3788d
11-12 22:57:11 com_github_MitjaNemec_ReplicateLayout.replicate_layout 990:Src text UUid:eaba7cf7-101e-4672-ad3c-d50ac347e980
11-12 22:57:11 com_github_MitjaNemec_ReplicateLayout.replicate_layout 991:Dst text UUid:18509941-8641-4ccf-9d91-01cc3271f18c
11-12 22:57:11 com_github_MitjaNemec_ReplicateLayout.replicate_layout 888:Replicating footprint: 'R196'
11-12 22:57:11 com_github_MitjaNemec_ReplicateLayout.replicate_layout 835:Src fp.id: '28A8D9BC-2140-4FD7-9BA9-4E17A2CADB20'
11-12 22:57:11 com_github_MitjaNemec_ReplicateLayout.replicate_layout 839:Dst fp.id: '28A8D9BC-2140-4FD7-9BA9-4E17A2CADB20'
11-12 22:57:11 com_github_MitjaNemec_ReplicateLayout.replicate_layout 895:found match in dst footprint: 'R259'
11-12 22:57:11 com_github_MitjaNemec_ReplicateLayout.replicate_layout 990:Src text UUid:10a75789-866c-466a-b99e-1669393a4dc9
11-12 22:57:11 com_github_MitjaNemec_ReplicateLayout.replicate_layout 991:Dst text UUid:bace16f6-c525-475d-9199-d7f9da1d28ee
11-12 22:57:11 com_github_MitjaNemec_ReplicateLayout.replicate_layout 990:Src text UUid:26f5deef-302c-459b-9fc1-9a4618773440
11-12 22:57:11 com_github_MitjaNemec_ReplicateLayout.replicate_layout 991:Dst text UUid:74af4af4-e08f-4d41-bbfd-50abe859b2bd
11-12 22:57:11 com_github_MitjaNemec_ReplicateLayout.replicate_layout 990:Src text UUid:a58fc8cd-c2ef-4a2e-8f35-9edf2c2f6adb
11-12 22:57:11 com_github_MitjaNemec_ReplicateLayout.replicate_layout 991:Dst text UUid:9e1e72ad-3221-4a98-951f-6daa0050c457
11-12 22:57:11 com_github_MitjaNemec_ReplicateLayout.replicate_layout 888:Replicating footprint: 'R197'
11-12 22:57:11 com_github_MitjaNemec_ReplicateLayout.replicate_layout 835:Src fp.id: '55391442-DACB-4265-94E5-89EFFD14C302'
11-12 22:57:11 com_github_MitjaNemec_ReplicateLayout.replicate_layout 839:Dst fp.id: '55391442-DACB-4265-94E5-89EFFD14C302'
11-12 22:57:11 com_github_MitjaNemec_ReplicateLayout.replicate_layout 895:found match in dst footprint: 'R260'
11-12 22:57:11 com_github_MitjaNemec_ReplicateLayout.replicate_layout 990:Src text UUid:6cd10716-af31-44d4-bad9-a9da97fd4924
11-12 22:57:11 com_github_MitjaNemec_ReplicateLayout.replicate_layout 991:Dst text UUid:85f168b3-9f12-4092-a6fe-dd51e14de177
11-12 22:57:11 com_github_MitjaNemec_ReplicateLayout.replicate_layout 990:Src text UUid:65380ce8-601c-4762-983f-4bdb6ed67bde
11-12 22:57:11 com_github_MitjaNemec_ReplicateLayout.replicate_layout 991:Dst text UUid:75d06aeb-5420-4ad6-9635-835a7cf9d009
11-12 22:57:11 com_github_MitjaNemec_ReplicateLayout.replicate_layout 990:Src text UUid:94d012b9-077f-436c-a4d8-e5bb00c165ba
11-12 22:57:11 com_github_MitjaNemec_ReplicateLayout.replicate_layout 991:Dst text UUid:d837569e-fe8f-45f3-8cb8-3362e0be34bc
11-12 22:57:11 com_github_MitjaNemec_ReplicateLayout.replicate_layout 888:Replicating footprint: 'U152'
11-12 22:57:11 com_github_MitjaNemec_ReplicateLayout.replicate_layout 835:Src fp.id: '62B3827C-A320-4AD6-A424-1485EF65900D'
11-12 22:57:11 com_github_MitjaNemec_ReplicateLayout.replicate_layout 839:Dst fp.id: '62B3827C-A320-4AD6-A424-1485EF65900D'
11-12 22:57:11 com_github_MitjaNemec_ReplicateLayout.replicate_layout 895:found match in dst footprint: 'U199'
11-12 22:57:11 com_github_MitjaNemec_ReplicateLayout.replicate_layout 990:Src text UUid:c50c72b1-94e3-4159-a219-37f741e82a7c
11-12 22:57:11 com_github_MitjaNemec_ReplicateLayout.replicate_layout 991:Dst text UUid:0af6816a-da2f-4a3f-a66f-262a51c1f663
11-12 22:57:11 com_github_MitjaNemec_ReplicateLayout.replicate_layout 990:Src text UUid:292e74a5-6b55-4359-be57-8b0026051126
11-12 22:57:11 com_github_MitjaNemec_ReplicateLayout.replicate_layout 991:Dst text UUid:e4f46d03-d573-4a5b-af3f-bd6ade70a903
11-12 22:57:11 com_github_MitjaNemec_ReplicateLayout.replicate_layout 990:Src text UUid:22c9f63c-bdf9-47e9-ae01-74d81cfbd908
11-12 22:57:11 com_github_MitjaNemec_ReplicateLayout.replicate_layout 991:Dst text UUid:dddf044d-28b5-4c70-ac29-2205de6296ae
11-12 22:57:11 com_github_MitjaNemec_ReplicateLayout.replicate_layout 888:Replicating footprint: 'R198'
11-12 22:57:11 com_github_MitjaNemec_ReplicateLayout.replicate_layout 835:Src fp.id: '2D77C678-F455-47D6-93BD-3ED95A089C96'
11-12 22:57:11 com_github_MitjaNemec_ReplicateLayout.replicate_layout 839:Dst fp.id: '2D77C678-F455-47D6-93BD-3ED95A089C96'
11-12 22:57:11 com_github_MitjaNemec_ReplicateLayout.replicate_layout 895:found match in dst footprint: 'R261'
11-12 22:57:11 com_github_MitjaNemec_ReplicateLayout.replicate_layout 990:Src text UUid:026024b2-ee3d-495c-b376-571543d60a54
11-12 22:57:11 com_github_MitjaNemec_ReplicateLayout.replicate_layout 991:Dst text UUid:9b092461-98f1-44e0-99c1-9991531b7692
11-12 22:57:11 com_github_MitjaNemec_ReplicateLayout.replicate_layout 990:Src text UUid:23dd6946-9981-4c83-9d25-050d5e9bece6
11-12 22:57:11 com_github_MitjaNemec_ReplicateLayout.replicate_layout 991:Dst text UUid:9931bd52-fdf7-4067-ac98-7b1d58078e04
11-12 22:57:11 com_github_MitjaNemec_ReplicateLayout.replicate_layout 990:Src text UUid:8cb67b8b-8668-4222-8264-d0248233162e
11-12 22:57:11 com_github_MitjaNemec_ReplicateLayout.replicate_layout 991:Dst text UUid:66b24dc6-c64f-4c4f-be17-0feab3e5e2c1
11-12 22:57:11 com_github_MitjaNemec_ReplicateLayout.replicate_layout 888:Replicating footprint: 'LED143'
11-12 22:57:11 com_github_MitjaNemec_ReplicateLayout.replicate_layout 835:Src fp.id: '2ABC1D4C-0E8C-4F90-9BF0-DF151C3D99F0'
11-12 22:57:11 com_github_MitjaNemec_ReplicateLayout.replicate_layout 839:Dst fp.id: '2ABC1D4C-0E8C-4F90-9BF0-DF151C3D99F0'
11-12 22:57:11 com_github_MitjaNemec_ReplicateLayout.replicate_layout 895:found match in dst footprint: 'LED206'
11-12 22:57:11 com_github_MitjaNemec_ReplicateLayout.replicate_layout 990:Src text UUid:cb110f2a-a8eb-4aca-b5bc-ff7ccb902aef
11-12 22:57:11 com_github_MitjaNemec_ReplicateLayout.replicate_layout 991:Dst text UUid:9807c418-82d3-4977-a193-558c36957069
11-12 22:57:11 com_github_MitjaNemec_ReplicateLayout.replicate_layout 990:Src text UUid:cbc54092-ef49-4a91-b324-f6377248bdf9
11-12 22:57:11 com_github_MitjaNemec_ReplicateLayout.replicate_layout 991:Dst text UUid:bdb3559c-6ccc-4bda-abf8-c96fb2897354
11-12 22:57:11 com_github_MitjaNemec_ReplicateLayout.replicate_layout 990:Src text UUid:a432e7aa-3bd5-4cba-b765-9f5f9481582e
11-12 22:57:11 com_github_MitjaNemec_ReplicateLayout.replicate_layout 991:Dst text UUid:c1e47996-82bb-4122-a6b7-d6458bbf9497
11-12 22:57:11 com_github_MitjaNemec_ReplicateLayout.replicate_layout 888:Replicating footprint: 'LED142'
11-12 22:57:11 com_github_MitjaNemec_ReplicateLayout.replicate_layout 835:Src fp.id: '0C09B42A-D4DF-4F87-AFF4-5296AF118FDF'
11-12 22:57:11 com_github_MitjaNemec_ReplicateLayout.replicate_layout 839:Dst fp.id: '0C09B42A-D4DF-4F87-AFF4-5296AF118FDF'
11-12 22:57:11 com_github_MitjaNemec_ReplicateLayout.replicate_layout 895:found match in dst footprint: 'LED205'
11-12 22:57:11 com_github_MitjaNemec_ReplicateLayout.replicate_layout 990:Src text UUid:9463e9d6-02d6-4857-9f39-9338e5245ef5
11-12 22:57:11 com_github_MitjaNemec_ReplicateLayout.replicate_layout 991:Dst text UUid:b8fe3d8c-c97e-47ea-ad66-61be9998b2d0
11-12 22:57:11 com_github_MitjaNemec_ReplicateLayout.replicate_layout 990:Src text UUid:0739365c-df74-44fd-a386-04c3841e72b1
11-12 22:57:11 com_github_MitjaNemec_ReplicateLayout.replicate_layout 991:Dst text UUid:43ba4b3d-e228-4441-8865-1e2a5f1d9e61
11-12 22:57:11 com_github_MitjaNemec_ReplicateLayout.replicate_layout 990:Src text UUid:5d666820-e369-4ddd-b676-a3f134ad7960
11-12 22:57:11 com_github_MitjaNemec_ReplicateLayout.replicate_layout 991:Dst text UUid:eb168ae9-c389-46dc-83ba-e04aba49f129
11-12 22:57:11 com_github_MitjaNemec_ReplicateLayout.replicate_layout 888:Replicating footprint: 'LED144'
11-12 22:57:11 com_github_MitjaNemec_ReplicateLayout.replicate_layout 835:Src fp.id: '0810E186-22BD-4094-A943-28056DB37E18'
11-12 22:57:11 com_github_MitjaNemec_ReplicateLayout.replicate_layout 839:Dst fp.id: '0810E186-22BD-4094-A943-28056DB37E18'
11-12 22:57:11 com_github_MitjaNemec_ReplicateLayout.replicate_layout 895:found match in dst footprint: 'LED207'
11-12 22:57:11 com_github_MitjaNemec_ReplicateLayout.replicate_layout 990:Src text UUid:d4f51115-0b40-4019-a418-64c3b5390a72
11-12 22:57:11 com_github_MitjaNemec_ReplicateLayout.replicate_layout 991:Dst text UUid:1121f52a-ed54-4f36-8ceb-d59d454a6957
11-12 22:57:11 com_github_MitjaNemec_ReplicateLayout.replicate_layout 990:Src text UUid:0ff00c33-2d97-415c-a383-5b222a06a46e
11-12 22:57:11 com_github_MitjaNemec_ReplicateLayout.replicate_layout 991:Dst text UUid:eb3d2820-d112-4d4b-80ce-918e5e6b1591
11-12 22:57:11 com_github_MitjaNemec_ReplicateLayout.replicate_layout 990:Src text UUid:dde8ebf1-c0d6-4c52-86e2-7e3a65d80d5a
11-12 22:57:11 com_github_MitjaNemec_ReplicateLayout.replicate_layout 991:Dst text UUid:3d2ace45-a240-4a5b-be33-568d819c2089
11-12 22:57:11 com_github_MitjaNemec_ReplicateLayout.replicate_layout 870:Replicating footprints on sheet ['Top', 'LEDs_Bottom', 'LEDS_discreet5', 'LED_single2']
11-12 22:57:11 com_github_MitjaNemec_ReplicateLayout.replicate_layout 835:Src fp.id: '0C09B42A-D4DF-4F87-AFF4-5296AF118FDF'
11-12 22:57:11 com_github_MitjaNemec_ReplicateLayout.replicate_layout 839:Dst fp.id: '0C09B42A-D4DF-4F87-AFF4-5296AF118FDF'
11-12 22:57:11 com_github_MitjaNemec_ReplicateLayout.replicate_layout 888:Replicating footprint: 'U153'
11-12 22:57:11 root 345:updating GUI with: 77
11-12 22:57:11 com_github_MitjaNemec_ReplicateLayout.replicate_layout 835:Src fp.id: 'EB896E0D-DC1C-402A-A83E-7193E291B78E'
11-12 22:57:11 com_github_MitjaNemec_ReplicateLayout.replicate_layout 839:Dst fp.id: 'EB896E0D-DC1C-402A-A83E-7193E291B78E'
11-12 22:57:11 com_github_MitjaNemec_ReplicateLayout.replicate_layout 895:found match in dst footprint: 'U202'
11-12 22:57:11 com_github_MitjaNemec_ReplicateLayout.replicate_layout 990:Src text UUid:110b3224-b357-4118-9c08-b3fded705e4b
11-12 22:57:11 com_github_MitjaNemec_ReplicateLayout.replicate_layout 991:Dst text UUid:fe4be9da-a209-4590-a103-5d797b1f8137
11-12 22:57:11 com_github_MitjaNemec_ReplicateLayout.replicate_layout 990:Src text UUid:b9e7f770-21cd-4948-9662-6e0ac7df885e
11-12 22:57:11 com_github_MitjaNemec_ReplicateLayout.replicate_layout 991:Dst text UUid:6f98880e-fce9-41b7-8982-fca696bcda8c
11-12 22:57:11 com_github_MitjaNemec_ReplicateLayout.replicate_layout 990:Src text UUid:eaba7cf7-101e-4672-ad3c-d50ac347e980
11-12 22:57:11 com_github_MitjaNemec_ReplicateLayout.replicate_layout 991:Dst text UUid:46954dbc-8405-45ab-acc8-fc624aa6dd45
11-12 22:57:11 com_github_MitjaNemec_ReplicateLayout.replicate_layout 888:Replicating footprint: 'R196'
11-12 22:57:11 com_github_MitjaNemec_ReplicateLayout.replicate_layout 835:Src fp.id: '28A8D9BC-2140-4FD7-9BA9-4E17A2CADB20'
11-12 22:57:11 com_github_MitjaNemec_ReplicateLayout.replicate_layout 839:Dst fp.id: '28A8D9BC-2140-4FD7-9BA9-4E17A2CADB20'
11-12 22:57:11 com_github_MitjaNemec_ReplicateLayout.replicate_layout 895:found match in dst footprint: 'R262'
11-12 22:57:11 com_github_MitjaNemec_ReplicateLayout.replicate_layout 990:Src text UUid:10a75789-866c-466a-b99e-1669393a4dc9
11-12 22:57:11 com_github_MitjaNemec_ReplicateLayout.replicate_layout 991:Dst text UUid:8f23d291-4578-478c-828f-90c4da6d780b
11-12 22:57:11 com_github_MitjaNemec_ReplicateLayout.replicate_layout 990:Src text UUid:26f5deef-302c-459b-9fc1-9a4618773440
11-12 22:57:11 com_github_MitjaNemec_ReplicateLayout.replicate_layout 991:Dst text UUid:74ba3032-fff4-4713-9924-8ce2637c196d
11-12 22:57:11 com_github_MitjaNemec_ReplicateLayout.replicate_layout 990:Src text UUid:a58fc8cd-c2ef-4a2e-8f35-9edf2c2f6adb
11-12 22:57:11 com_github_MitjaNemec_ReplicateLayout.replicate_layout 991:Dst text UUid:43b89232-64ed-4336-b538-5caff5c20e31
11-12 22:57:11 com_github_MitjaNemec_ReplicateLayout.replicate_layout 888:Replicating footprint: 'R197'
11-12 22:57:11 com_github_MitjaNemec_ReplicateLayout.replicate_layout 835:Src fp.id: '55391442-DACB-4265-94E5-89EFFD14C302'
11-12 22:57:11 com_github_MitjaNemec_ReplicateLayout.replicate_layout 839:Dst fp.id: '55391442-DACB-4265-94E5-89EFFD14C302'
11-12 22:57:11 com_github_MitjaNemec_ReplicateLayout.replicate_layout 895:found match in dst footprint: 'R263'
11-12 22:57:11 com_github_MitjaNemec_ReplicateLayout.replicate_layout 990:Src text UUid:6cd10716-af31-44d4-bad9-a9da97fd4924
11-12 22:57:11 com_github_MitjaNemec_ReplicateLayout.replicate_layout 991:Dst text UUid:d5b98199-739b-4149-b826-d77164fe2a45
11-12 22:57:11 com_github_MitjaNemec_ReplicateLayout.replicate_layout 990:Src text UUid:65380ce8-601c-4762-983f-4bdb6ed67bde
11-12 22:57:11 com_github_MitjaNemec_ReplicateLayout.replicate_layout 991:Dst text UUid:9145ce7d-0e76-4a1b-9020-0f8413cb81e3
11-12 22:57:11 com_github_MitjaNemec_ReplicateLayout.replicate_layout 990:Src text UUid:94d012b9-077f-436c-a4d8-e5bb00c165ba
11-12 22:57:11 com_github_MitjaNemec_ReplicateLayout.replicate_layout 991:Dst text UUid:ac75df73-7616-49bd-9b66-a9a4282fb63a
11-12 22:57:11 com_github_MitjaNemec_ReplicateLayout.replicate_layout 888:Replicating footprint: 'U152'
11-12 22:57:11 com_github_MitjaNemec_ReplicateLayout.replicate_layout 835:Src fp.id: '62B3827C-A320-4AD6-A424-1485EF65900D'
11-12 22:57:11 com_github_MitjaNemec_ReplicateLayout.replicate_layout 839:Dst fp.id: '62B3827C-A320-4AD6-A424-1485EF65900D'
11-12 22:57:11 com_github_MitjaNemec_ReplicateLayout.replicate_layout 895:found match in dst footprint: 'U201'
11-12 22:57:11 com_github_MitjaNemec_ReplicateLayout.replicate_layout 990:Src text UUid:c50c72b1-94e3-4159-a219-37f741e82a7c
11-12 22:57:11 com_github_MitjaNemec_ReplicateLayout.replicate_layout 991:Dst text UUid:8c04852d-96d9-429c-ba57-861e7d0d8855
11-12 22:57:11 com_github_MitjaNemec_ReplicateLayout.replicate_layout 990:Src text UUid:292e74a5-6b55-4359-be57-8b0026051126
11-12 22:57:11 com_github_MitjaNemec_ReplicateLayout.replicate_layout 991:Dst text UUid:d78a7f92-2377-443c-ae55-a4845f00c093
11-12 22:57:11 com_github_MitjaNemec_ReplicateLayout.replicate_layout 990:Src text UUid:22c9f63c-bdf9-47e9-ae01-74d81cfbd908
11-12 22:57:11 com_github_MitjaNemec_ReplicateLayout.replicate_layout 991:Dst text UUid:b49194c4-5b0a-4d92-8fd3-fca30892c23d
11-12 22:57:11 com_github_MitjaNemec_ReplicateLayout.replicate_layout 888:Replicating footprint: 'R198'
11-12 22:57:11 com_github_MitjaNemec_ReplicateLayout.replicate_layout 835:Src fp.id: '2D77C678-F455-47D6-93BD-3ED95A089C96'
11-12 22:57:11 com_github_MitjaNemec_ReplicateLayout.replicate_layout 839:Dst fp.id: '2D77C678-F455-47D6-93BD-3ED95A089C96'
11-12 22:57:11 com_github_MitjaNemec_ReplicateLayout.replicate_layout 895:found match in dst footprint: 'R264'
11-12 22:57:11 com_github_MitjaNemec_ReplicateLayout.replicate_layout 990:Src text UUid:026024b2-ee3d-495c-b376-571543d60a54
11-12 22:57:11 com_github_MitjaNemec_ReplicateLayout.replicate_layout 991:Dst text UUid:2ef8951b-e42f-4402-a3cc-bef642b933bc
11-12 22:57:11 com_github_MitjaNemec_ReplicateLayout.replicate_layout 990:Src text UUid:23dd6946-9981-4c83-9d25-050d5e9bece6
11-12 22:57:11 com_github_MitjaNemec_ReplicateLayout.replicate_layout 991:Dst text UUid:2fda5dac-efeb-41f1-ade9-a79a60c951a7
11-12 22:57:11 com_github_MitjaNemec_ReplicateLayout.replicate_layout 990:Src text UUid:8cb67b8b-8668-4222-8264-d0248233162e
11-12 22:57:11 com_github_MitjaNemec_ReplicateLayout.replicate_layout 991:Dst text UUid:1f215fc0-b8ed-4842-95ba-7166a1422fcc
11-12 22:57:11 com_github_MitjaNemec_ReplicateLayout.replicate_layout 888:Replicating footprint: 'LED143'
11-12 22:57:11 com_github_MitjaNemec_ReplicateLayout.replicate_layout 835:Src fp.id: '2ABC1D4C-0E8C-4F90-9BF0-DF151C3D99F0'
11-12 22:57:11 com_github_MitjaNemec_ReplicateLayout.replicate_layout 839:Dst fp.id: '2ABC1D4C-0E8C-4F90-9BF0-DF151C3D99F0'
11-12 22:57:11 com_github_MitjaNemec_ReplicateLayout.replicate_layout 895:found match in dst footprint: 'LED209'
11-12 22:57:11 com_github_MitjaNemec_ReplicateLayout.replicate_layout 990:Src text UUid:cb110f2a-a8eb-4aca-b5bc-ff7ccb902aef
11-12 22:57:11 com_github_MitjaNemec_ReplicateLayout.replicate_layout 991:Dst text UUid:9806a6af-10f5-4d86-8095-103bef7c8489
11-12 22:57:11 com_github_MitjaNemec_ReplicateLayout.replicate_layout 990:Src text UUid:cbc54092-ef49-4a91-b324-f6377248bdf9
11-12 22:57:11 com_github_MitjaNemec_ReplicateLayout.replicate_layout 991:Dst text UUid:f0b77b00-83aa-4e40-b6dd-9ff8c68eff26
11-12 22:57:11 com_github_MitjaNemec_ReplicateLayout.replicate_layout 990:Src text UUid:a432e7aa-3bd5-4cba-b765-9f5f9481582e
11-12 22:57:11 com_github_MitjaNemec_ReplicateLayout.replicate_layout 991:Dst text UUid:72386501-e407-485f-a9c8-c3b73e1a72bc
11-12 22:57:11 com_github_MitjaNemec_ReplicateLayout.replicate_layout 888:Replicating footprint: 'LED142'
11-12 22:57:11 com_github_MitjaNemec_ReplicateLayout.replicate_layout 835:Src fp.id: '0C09B42A-D4DF-4F87-AFF4-5296AF118FDF'
11-12 22:57:11 com_github_MitjaNemec_ReplicateLayout.replicate_layout 839:Dst fp.id: '0C09B42A-D4DF-4F87-AFF4-5296AF118FDF'
11-12 22:57:11 com_github_MitjaNemec_ReplicateLayout.replicate_layout 895:found match in dst footprint: 'LED208'
11-12 22:57:11 com_github_MitjaNemec_ReplicateLayout.replicate_layout 990:Src text UUid:9463e9d6-02d6-4857-9f39-9338e5245ef5
11-12 22:57:11 com_github_MitjaNemec_ReplicateLayout.replicate_layout 991:Dst text UUid:b98dd0b5-0bcc-4781-bdc4-fe67cc38cafc
11-12 22:57:11 com_github_MitjaNemec_ReplicateLayout.replicate_layout 990:Src text UUid:0739365c-df74-44fd-a386-04c3841e72b1
11-12 22:57:11 com_github_MitjaNemec_ReplicateLayout.replicate_layout 991:Dst text UUid:f8ff9ecd-56dc-4233-b43d-361d8c84747a
11-12 22:57:11 com_github_MitjaNemec_ReplicateLayout.replicate_layout 990:Src text UUid:5d666820-e369-4ddd-b676-a3f134ad7960
11-12 22:57:11 com_github_MitjaNemec_ReplicateLayout.replicate_layout 991:Dst text UUid:d9b13103-af45-46a4-8535-5916032d9e21
11-12 22:57:11 com_github_MitjaNemec_ReplicateLayout.replicate_layout 888:Replicating footprint: 'LED144'
11-12 22:57:11 com_github_MitjaNemec_ReplicateLayout.replicate_layout 835:Src fp.id: '0810E186-22BD-4094-A943-28056DB37E18'
11-12 22:57:11 com_github_MitjaNemec_ReplicateLayout.replicate_layout 839:Dst fp.id: '0810E186-22BD-4094-A943-28056DB37E18'
11-12 22:57:11 com_github_MitjaNemec_ReplicateLayout.replicate_layout 895:found match in dst footprint: 'LED210'
11-12 22:57:11 com_github_MitjaNemec_ReplicateLayout.replicate_layout 990:Src text UUid:d4f51115-0b40-4019-a418-64c3b5390a72
11-12 22:57:11 com_github_MitjaNemec_ReplicateLayout.replicate_layout 991:Dst text UUid:e2596116-caf3-43d0-a260-02fe4c8580d2
11-12 22:57:11 com_github_MitjaNemec_ReplicateLayout.replicate_layout 990:Src text UUid:0ff00c33-2d97-415c-a383-5b222a06a46e
11-12 22:57:11 com_github_MitjaNemec_ReplicateLayout.replicate_layout 991:Dst text UUid:11465e15-e04c-4bd0-adf2-2132839d29db
11-12 22:57:11 com_github_MitjaNemec_ReplicateLayout.replicate_layout 990:Src text UUid:dde8ebf1-c0d6-4c52-86e2-7e3a65d80d5a
11-12 22:57:11 com_github_MitjaNemec_ReplicateLayout.replicate_layout 991:Dst text UUid:165a9c92-e2cd-4f54-8e5c-a590f868da48
11-12 22:57:11 com_github_MitjaNemec_ReplicateLayout.replicate_layout 870:Replicating footprints on sheet ['Top', 'LEDs_Bottom', 'LEDS_discreet5', 'LED_single3']
11-12 22:57:11 com_github_MitjaNemec_ReplicateLayout.replicate_layout 835:Src fp.id: '0C09B42A-D4DF-4F87-AFF4-5296AF118FDF'
11-12 22:57:11 com_github_MitjaNemec_ReplicateLayout.replicate_layout 839:Dst fp.id: '0C09B42A-D4DF-4F87-AFF4-5296AF118FDF'
11-12 22:57:11 com_github_MitjaNemec_ReplicateLayout.replicate_layout 888:Replicating footprint: 'U153'
11-12 22:57:11 com_github_MitjaNemec_ReplicateLayout.replicate_layout 835:Src fp.id: 'EB896E0D-DC1C-402A-A83E-7193E291B78E'
11-12 22:57:11 com_github_MitjaNemec_ReplicateLayout.replicate_layout 839:Dst fp.id: 'EB896E0D-DC1C-402A-A83E-7193E291B78E'
11-12 22:57:11 com_github_MitjaNemec_ReplicateLayout.replicate_layout 895:found match in dst footprint: 'U204'
11-12 22:57:11 com_github_MitjaNemec_ReplicateLayout.replicate_layout 990:Src text UUid:110b3224-b357-4118-9c08-b3fded705e4b
11-12 22:57:11 com_github_MitjaNemec_ReplicateLayout.replicate_layout 991:Dst text UUid:6244c857-f385-4dc4-8182-20ba99f376e9
11-12 22:57:11 com_github_MitjaNemec_ReplicateLayout.replicate_layout 990:Src text UUid:b9e7f770-21cd-4948-9662-6e0ac7df885e
11-12 22:57:11 com_github_MitjaNemec_ReplicateLayout.replicate_layout 991:Dst text UUid:b597b3cd-ab8a-434a-a17e-24ef56340282
11-12 22:57:11 com_github_MitjaNemec_ReplicateLayout.replicate_layout 990:Src text UUid:eaba7cf7-101e-4672-ad3c-d50ac347e980
11-12 22:57:11 com_github_MitjaNemec_ReplicateLayout.replicate_layout 991:Dst text UUid:a72ade61-9c12-4e57-aa2f-732dd086bf42
11-12 22:57:11 com_github_MitjaNemec_ReplicateLayout.replicate_layout 888:Replicating footprint: 'R196'
11-12 22:57:11 com_github_MitjaNemec_ReplicateLayout.replicate_layout 835:Src fp.id: '28A8D9BC-2140-4FD7-9BA9-4E17A2CADB20'
11-12 22:57:11 com_github_MitjaNemec_ReplicateLayout.replicate_layout 839:Dst fp.id: '28A8D9BC-2140-4FD7-9BA9-4E17A2CADB20'
11-12 22:57:11 com_github_MitjaNemec_ReplicateLayout.replicate_layout 895:found match in dst footprint: 'R265'
11-12 22:57:11 com_github_MitjaNemec_ReplicateLayout.replicate_layout 990:Src text UUid:10a75789-866c-466a-b99e-1669393a4dc9
11-12 22:57:11 com_github_MitjaNemec_ReplicateLayout.replicate_layout 991:Dst text UUid:da127760-1878-4664-abd2-558b2ed71dbd
11-12 22:57:11 com_github_MitjaNemec_ReplicateLayout.replicate_layout 990:Src text UUid:26f5deef-302c-459b-9fc1-9a4618773440
11-12 22:57:11 com_github_MitjaNemec_ReplicateLayout.replicate_layout 991:Dst text UUid:2ce57e52-d77e-4970-9055-3d34b46c4430
11-12 22:57:11 com_github_MitjaNemec_ReplicateLayout.replicate_layout 990:Src text UUid:a58fc8cd-c2ef-4a2e-8f35-9edf2c2f6adb
11-12 22:57:11 com_github_MitjaNemec_ReplicateLayout.replicate_layout 991:Dst text UUid:c99de31a-f879-4e46-ba3a-7f717e7c809f
11-12 22:57:11 com_github_MitjaNemec_ReplicateLayout.replicate_layout 888:Replicating footprint: 'R197'
11-12 22:57:11 com_github_MitjaNemec_ReplicateLayout.replicate_layout 835:Src fp.id: '55391442-DACB-4265-94E5-89EFFD14C302'
11-12 22:57:11 com_github_MitjaNemec_ReplicateLayout.replicate_layout 839:Dst fp.id: '55391442-DACB-4265-94E5-89EFFD14C302'
11-12 22:57:11 com_github_MitjaNemec_ReplicateLayout.replicate_layout 895:found match in dst footprint: 'R266'
11-12 22:57:11 com_github_MitjaNemec_ReplicateLayout.replicate_layout 990:Src text UUid:6cd10716-af31-44d4-bad9-a9da97fd4924
11-12 22:57:11 com_github_MitjaNemec_ReplicateLayout.replicate_layout 991:Dst text UUid:b653c02d-3c18-45b5-ba15-20200059e992
11-12 22:57:11 com_github_MitjaNemec_ReplicateLayout.replicate_layout 990:Src text UUid:65380ce8-601c-4762-983f-4bdb6ed67bde
11-12 22:57:11 com_github_MitjaNemec_ReplicateLayout.replicate_layout 991:Dst text UUid:e64a2474-166d-4fc5-8a39-fef25c237892
11-12 22:57:11 com_github_MitjaNemec_ReplicateLayout.replicate_layout 990:Src text UUid:94d012b9-077f-436c-a4d8-e5bb00c165ba
11-12 22:57:11 com_github_MitjaNemec_ReplicateLayout.replicate_layout 991:Dst text UUid:c29a0172-f1ce-4669-a0a4-e5e98e430e5a
11-12 22:57:11 com_github_MitjaNemec_ReplicateLayout.replicate_layout 888:Replicating footprint: 'U152'
11-12 22:57:11 com_github_MitjaNemec_ReplicateLayout.replicate_layout 835:Src fp.id: '62B3827C-A320-4AD6-A424-1485EF65900D'
11-12 22:57:11 com_github_MitjaNemec_ReplicateLayout.replicate_layout 839:Dst fp.id: '62B3827C-A320-4AD6-A424-1485EF65900D'
11-12 22:57:11 com_github_MitjaNemec_ReplicateLayout.replicate_layout 895:found match in dst footprint: 'U203'
11-12 22:57:11 com_github_MitjaNemec_ReplicateLayout.replicate_layout 990:Src text UUid:c50c72b1-94e3-4159-a219-37f741e82a7c
11-12 22:57:11 com_github_MitjaNemec_ReplicateLayout.replicate_layout 991:Dst text UUid:458f433b-3d5c-4a52-9048-5ce5188e425b
11-12 22:57:11 com_github_MitjaNemec_ReplicateLayout.replicate_layout 990:Src text UUid:292e74a5-6b55-4359-be57-8b0026051126
11-12 22:57:11 com_github_MitjaNemec_ReplicateLayout.replicate_layout 991:Dst text UUid:6ba4c604-8121-4130-93d0-31487213e1d8
11-12 22:57:11 com_github_MitjaNemec_ReplicateLayout.replicate_layout 990:Src text UUid:22c9f63c-bdf9-47e9-ae01-74d81cfbd908
11-12 22:57:11 com_github_MitjaNemec_ReplicateLayout.replicate_layout 991:Dst text UUid:b54c5df5-0db9-44cb-949e-012bcee1700d
11-12 22:57:11 com_github_MitjaNemec_ReplicateLayout.replicate_layout 888:Replicating footprint: 'R198'
11-12 22:57:11 com_github_MitjaNemec_ReplicateLayout.replicate_layout 835:Src fp.id: '2D77C678-F455-47D6-93BD-3ED95A089C96'
11-12 22:57:11 com_github_MitjaNemec_ReplicateLayout.replicate_layout 839:Dst fp.id: '2D77C678-F455-47D6-93BD-3ED95A089C96'
11-12 22:57:11 com_github_MitjaNemec_ReplicateLayout.replicate_layout 895:found match in dst footprint: 'R267'
11-12 22:57:11 com_github_MitjaNemec_ReplicateLayout.replicate_layout 990:Src text UUid:026024b2-ee3d-495c-b376-571543d60a54
11-12 22:57:11 com_github_MitjaNemec_ReplicateLayout.replicate_layout 991:Dst text UUid:dad3ac9e-2392-4575-a1a6-5d1b185901d3
11-12 22:57:11 com_github_MitjaNemec_ReplicateLayout.replicate_layout 990:Src text UUid:23dd6946-9981-4c83-9d25-050d5e9bece6
11-12 22:57:11 com_github_MitjaNemec_ReplicateLayout.replicate_layout 991:Dst text UUid:e6eb9e6d-663b-4e48-a693-4380857bae37
11-12 22:57:11 com_github_MitjaNemec_ReplicateLayout.replicate_layout 990:Src text UUid:8cb67b8b-8668-4222-8264-d0248233162e
11-12 22:57:11 com_github_MitjaNemec_ReplicateLayout.replicate_layout 991:Dst text UUid:68dc7ee8-69f2-4be5-87e8-697a769d0a27
11-12 22:57:11 com_github_MitjaNemec_ReplicateLayout.replicate_layout 888:Replicating footprint: 'LED143'
11-12 22:57:11 com_github_MitjaNemec_ReplicateLayout.replicate_layout 835:Src fp.id: '2ABC1D4C-0E8C-4F90-9BF0-DF151C3D99F0'
11-12 22:57:11 com_github_MitjaNemec_ReplicateLayout.replicate_layout 839:Dst fp.id: '2ABC1D4C-0E8C-4F90-9BF0-DF151C3D99F0'
11-12 22:57:11 com_github_MitjaNemec_ReplicateLayout.replicate_layout 895:found match in dst footprint: 'LED212'
11-12 22:57:11 com_github_MitjaNemec_ReplicateLayout.replicate_layout 990:Src text UUid:cb110f2a-a8eb-4aca-b5bc-ff7ccb902aef
11-12 22:57:11 com_github_MitjaNemec_ReplicateLayout.replicate_layout 991:Dst text UUid:64b91d20-f6d4-484f-9c0d-ec1bc1b1ad7b
11-12 22:57:11 com_github_MitjaNemec_ReplicateLayout.replicate_layout 990:Src text UUid:cbc54092-ef49-4a91-b324-f6377248bdf9
11-12 22:57:11 com_github_MitjaNemec_ReplicateLayout.replicate_layout 991:Dst text UUid:f226739d-23c7-466d-a0c1-87af48c29a9f
11-12 22:57:11 com_github_MitjaNemec_ReplicateLayout.replicate_layout 990:Src text UUid:a432e7aa-3bd5-4cba-b765-9f5f9481582e
11-12 22:57:11 com_github_MitjaNemec_ReplicateLayout.replicate_layout 991:Dst text UUid:5b8b92db-ff00-4057-a329-d02c27584f03
11-12 22:57:11 com_github_MitjaNemec_ReplicateLayout.replicate_layout 888:Replicating footprint: 'LED142'
11-12 22:57:11 com_github_MitjaNemec_ReplicateLayout.replicate_layout 835:Src fp.id: '0C09B42A-D4DF-4F87-AFF4-5296AF118FDF'
11-12 22:57:11 com_github_MitjaNemec_ReplicateLayout.replicate_layout 839:Dst fp.id: '0C09B42A-D4DF-4F87-AFF4-5296AF118FDF'
11-12 22:57:11 com_github_MitjaNemec_ReplicateLayout.replicate_layout 895:found match in dst footprint: 'LED211'
11-12 22:57:11 com_github_MitjaNemec_ReplicateLayout.replicate_layout 990:Src text UUid:9463e9d6-02d6-4857-9f39-9338e5245ef5
11-12 22:57:11 com_github_MitjaNemec_ReplicateLayout.replicate_layout 991:Dst text UUid:ae5b7224-ae61-4365-9b92-440416744a6a
11-12 22:57:11 com_github_MitjaNemec_ReplicateLayout.replicate_layout 990:Src text UUid:0739365c-df74-44fd-a386-04c3841e72b1
11-12 22:57:11 com_github_MitjaNemec_ReplicateLayout.replicate_layout 991:Dst text UUid:d191bec9-6340-48d6-80cd-498302aaa912
11-12 22:57:11 com_github_MitjaNemec_ReplicateLayout.replicate_layout 990:Src text UUid:5d666820-e369-4ddd-b676-a3f134ad7960
11-12 22:57:11 com_github_MitjaNemec_ReplicateLayout.replicate_layout 991:Dst text UUid:845a391b-9ef3-4103-9e82-5fce2c84302e
11-12 22:57:11 com_github_MitjaNemec_ReplicateLayout.replicate_layout 888:Replicating footprint: 'LED144'
11-12 22:57:11 root 345:updating GUI with: 80
11-12 22:57:11 com_github_MitjaNemec_ReplicateLayout.replicate_layout 835:Src fp.id: '0810E186-22BD-4094-A943-28056DB37E18'
11-12 22:57:11 com_github_MitjaNemec_ReplicateLayout.replicate_layout 839:Dst fp.id: '0810E186-22BD-4094-A943-28056DB37E18'
11-12 22:57:11 com_github_MitjaNemec_ReplicateLayout.replicate_layout 895:found match in dst footprint: 'LED213'
11-12 22:57:11 com_github_MitjaNemec_ReplicateLayout.replicate_layout 990:Src text UUid:d4f51115-0b40-4019-a418-64c3b5390a72
11-12 22:57:11 com_github_MitjaNemec_ReplicateLayout.replicate_layout 991:Dst text UUid:940b0332-1987-4fe9-a680-0b16852ca1cb
11-12 22:57:11 com_github_MitjaNemec_ReplicateLayout.replicate_layout 990:Src text UUid:0ff00c33-2d97-415c-a383-5b222a06a46e
11-12 22:57:11 com_github_MitjaNemec_ReplicateLayout.replicate_layout 991:Dst text UUid:df422249-4294-4165-a2bb-f306f14c8735
11-12 22:57:11 com_github_MitjaNemec_ReplicateLayout.replicate_layout 990:Src text UUid:dde8ebf1-c0d6-4c52-86e2-7e3a65d80d5a
11-12 22:57:11 com_github_MitjaNemec_ReplicateLayout.replicate_layout 991:Dst text UUid:7f911a32-aded-44cb-ac33-86ae41397441
11-12 22:57:11 com_github_MitjaNemec_ReplicateLayout.replicate_layout 870:Replicating footprints on sheet ['Top', 'LEDs_Bottom', 'LEDS_discreet6', 'LED_single']
11-12 22:57:11 com_github_MitjaNemec_ReplicateLayout.replicate_layout 835:Src fp.id: '0C09B42A-D4DF-4F87-AFF4-5296AF118FDF'
11-12 22:57:11 com_github_MitjaNemec_ReplicateLayout.replicate_layout 839:Dst fp.id: '0C09B42A-D4DF-4F87-AFF4-5296AF118FDF'
11-12 22:57:11 com_github_MitjaNemec_ReplicateLayout.replicate_layout 888:Replicating footprint: 'U153'
11-12 22:57:11 com_github_MitjaNemec_ReplicateLayout.replicate_layout 835:Src fp.id: 'EB896E0D-DC1C-402A-A83E-7193E291B78E'
11-12 22:57:11 com_github_MitjaNemec_ReplicateLayout.replicate_layout 839:Dst fp.id: 'EB896E0D-DC1C-402A-A83E-7193E291B78E'
11-12 22:57:11 com_github_MitjaNemec_ReplicateLayout.replicate_layout 895:found match in dst footprint: 'U214'
11-12 22:57:11 com_github_MitjaNemec_ReplicateLayout.replicate_layout 990:Src text UUid:110b3224-b357-4118-9c08-b3fded705e4b
11-12 22:57:11 com_github_MitjaNemec_ReplicateLayout.replicate_layout 991:Dst text UUid:b0046819-65b5-4c11-adff-0e198c013f32
11-12 22:57:11 com_github_MitjaNemec_ReplicateLayout.replicate_layout 990:Src text UUid:b9e7f770-21cd-4948-9662-6e0ac7df885e
11-12 22:57:11 com_github_MitjaNemec_ReplicateLayout.replicate_layout 991:Dst text UUid:cc9fd868-17fd-44e2-9e89-a98794c01b02
11-12 22:57:11 com_github_MitjaNemec_ReplicateLayout.replicate_layout 990:Src text UUid:eaba7cf7-101e-4672-ad3c-d50ac347e980
11-12 22:57:11 com_github_MitjaNemec_ReplicateLayout.replicate_layout 991:Dst text UUid:32629d10-3d1e-4855-9054-4d08200c42e5
11-12 22:57:11 com_github_MitjaNemec_ReplicateLayout.replicate_layout 888:Replicating footprint: 'R196'
11-12 22:57:11 com_github_MitjaNemec_ReplicateLayout.replicate_layout 835:Src fp.id: '28A8D9BC-2140-4FD7-9BA9-4E17A2CADB20'
11-12 22:57:11 com_github_MitjaNemec_ReplicateLayout.replicate_layout 839:Dst fp.id: '28A8D9BC-2140-4FD7-9BA9-4E17A2CADB20'
11-12 22:57:11 com_github_MitjaNemec_ReplicateLayout.replicate_layout 895:found match in dst footprint: 'R280'
11-12 22:57:11 com_github_MitjaNemec_ReplicateLayout.replicate_layout 990:Src text UUid:10a75789-866c-466a-b99e-1669393a4dc9
11-12 22:57:11 com_github_MitjaNemec_ReplicateLayout.replicate_layout 991:Dst text UUid:1a6ec0bc-80d0-4383-97d9-71ab81a774b3
11-12 22:57:11 com_github_MitjaNemec_ReplicateLayout.replicate_layout 990:Src text UUid:26f5deef-302c-459b-9fc1-9a4618773440
11-12 22:57:11 com_github_MitjaNemec_ReplicateLayout.replicate_layout 991:Dst text UUid:c64c9d8e-dc04-4324-b5b7-3aba690940d4
11-12 22:57:11 com_github_MitjaNemec_ReplicateLayout.replicate_layout 990:Src text UUid:a58fc8cd-c2ef-4a2e-8f35-9edf2c2f6adb
11-12 22:57:11 com_github_MitjaNemec_ReplicateLayout.replicate_layout 991:Dst text UUid:522cd9a4-fe85-4f0c-8767-4dc5f73321df
11-12 22:57:11 com_github_MitjaNemec_ReplicateLayout.replicate_layout 888:Replicating footprint: 'R197'
11-12 22:57:11 com_github_MitjaNemec_ReplicateLayout.replicate_layout 835:Src fp.id: '55391442-DACB-4265-94E5-89EFFD14C302'
11-12 22:57:11 com_github_MitjaNemec_ReplicateLayout.replicate_layout 839:Dst fp.id: '55391442-DACB-4265-94E5-89EFFD14C302'
11-12 22:57:11 com_github_MitjaNemec_ReplicateLayout.replicate_layout 895:found match in dst footprint: 'R281'
11-12 22:57:11 com_github_MitjaNemec_ReplicateLayout.replicate_layout 990:Src text UUid:6cd10716-af31-44d4-bad9-a9da97fd4924
11-12 22:57:11 com_github_MitjaNemec_ReplicateLayout.replicate_layout 991:Dst text UUid:f2ddd6de-795f-452c-a20c-c2c885e617f1
11-12 22:57:11 com_github_MitjaNemec_ReplicateLayout.replicate_layout 990:Src text UUid:65380ce8-601c-4762-983f-4bdb6ed67bde
11-12 22:57:11 com_github_MitjaNemec_ReplicateLayout.replicate_layout 991:Dst text UUid:60177201-ed2b-4c91-ab43-cc0d13d1a95d
11-12 22:57:11 com_github_MitjaNemec_ReplicateLayout.replicate_layout 990:Src text UUid:94d012b9-077f-436c-a4d8-e5bb00c165ba
11-12 22:57:11 com_github_MitjaNemec_ReplicateLayout.replicate_layout 991:Dst text UUid:2da76339-8b52-4759-93a2-06ec19b91e6b
11-12 22:57:11 com_github_MitjaNemec_ReplicateLayout.replicate_layout 888:Replicating footprint: 'U152'
11-12 22:57:11 com_github_MitjaNemec_ReplicateLayout.replicate_layout 835:Src fp.id: '62B3827C-A320-4AD6-A424-1485EF65900D'
11-12 22:57:11 com_github_MitjaNemec_ReplicateLayout.replicate_layout 839:Dst fp.id: '62B3827C-A320-4AD6-A424-1485EF65900D'
11-12 22:57:11 com_github_MitjaNemec_ReplicateLayout.replicate_layout 895:found match in dst footprint: 'U194'
11-12 22:57:11 com_github_MitjaNemec_ReplicateLayout.replicate_layout 990:Src text UUid:c50c72b1-94e3-4159-a219-37f741e82a7c
11-12 22:57:11 com_github_MitjaNemec_ReplicateLayout.replicate_layout 991:Dst text UUid:206852da-eb62-4186-a93e-2c6cf1888d6d
11-12 22:57:11 com_github_MitjaNemec_ReplicateLayout.replicate_layout 990:Src text UUid:292e74a5-6b55-4359-be57-8b0026051126
11-12 22:57:11 com_github_MitjaNemec_ReplicateLayout.replicate_layout 991:Dst text UUid:7791ad50-a5e1-4a36-ab65-3e63b5748dfe
11-12 22:57:11 com_github_MitjaNemec_ReplicateLayout.replicate_layout 990:Src text UUid:22c9f63c-bdf9-47e9-ae01-74d81cfbd908
11-12 22:57:11 com_github_MitjaNemec_ReplicateLayout.replicate_layout 991:Dst text UUid:c2981b0b-f269-4341-b9e3-06b489ce625c
11-12 22:57:11 com_github_MitjaNemec_ReplicateLayout.replicate_layout 888:Replicating footprint: 'R198'
11-12 22:57:11 com_github_MitjaNemec_ReplicateLayout.replicate_layout 835:Src fp.id: '2D77C678-F455-47D6-93BD-3ED95A089C96'
11-12 22:57:11 com_github_MitjaNemec_ReplicateLayout.replicate_layout 839:Dst fp.id: '2D77C678-F455-47D6-93BD-3ED95A089C96'
11-12 22:57:11 com_github_MitjaNemec_ReplicateLayout.replicate_layout 895:found match in dst footprint: 'R282'
11-12 22:57:11 com_github_MitjaNemec_ReplicateLayout.replicate_layout 990:Src text UUid:026024b2-ee3d-495c-b376-571543d60a54
11-12 22:57:11 com_github_MitjaNemec_ReplicateLayout.replicate_layout 991:Dst text UUid:8021f9d1-2c1d-4507-8159-b37ddb623262
11-12 22:57:11 com_github_MitjaNemec_ReplicateLayout.replicate_layout 990:Src text UUid:23dd6946-9981-4c83-9d25-050d5e9bece6
11-12 22:57:11 com_github_MitjaNemec_ReplicateLayout.replicate_layout 991:Dst text UUid:29aa927e-e493-494f-9251-e3d88f4e69be
11-12 22:57:11 com_github_MitjaNemec_ReplicateLayout.replicate_layout 990:Src text UUid:8cb67b8b-8668-4222-8264-d0248233162e
11-12 22:57:11 com_github_MitjaNemec_ReplicateLayout.replicate_layout 991:Dst text UUid:fbd261b0-f560-4171-ae38-0ae66164ad46
11-12 22:57:11 com_github_MitjaNemec_ReplicateLayout.replicate_layout 888:Replicating footprint: 'LED143'
11-12 22:57:11 com_github_MitjaNemec_ReplicateLayout.replicate_layout 835:Src fp.id: '2ABC1D4C-0E8C-4F90-9BF0-DF151C3D99F0'
11-12 22:57:11 com_github_MitjaNemec_ReplicateLayout.replicate_layout 839:Dst fp.id: '2ABC1D4C-0E8C-4F90-9BF0-DF151C3D99F0'
11-12 22:57:11 com_github_MitjaNemec_ReplicateLayout.replicate_layout 895:found match in dst footprint: 'LED227'
11-12 22:57:11 com_github_MitjaNemec_ReplicateLayout.replicate_layout 990:Src text UUid:cb110f2a-a8eb-4aca-b5bc-ff7ccb902aef
11-12 22:57:11 com_github_MitjaNemec_ReplicateLayout.replicate_layout 991:Dst text UUid:11edb439-4300-4189-8a33-5e8de2feaac4
11-12 22:57:11 com_github_MitjaNemec_ReplicateLayout.replicate_layout 990:Src text UUid:cbc54092-ef49-4a91-b324-f6377248bdf9
11-12 22:57:11 com_github_MitjaNemec_ReplicateLayout.replicate_layout 991:Dst text UUid:b82f26d7-5878-411e-919f-514a4f66b535
11-12 22:57:11 com_github_MitjaNemec_ReplicateLayout.replicate_layout 990:Src text UUid:a432e7aa-3bd5-4cba-b765-9f5f9481582e
11-12 22:57:11 com_github_MitjaNemec_ReplicateLayout.replicate_layout 991:Dst text UUid:82059a0d-60d4-4d10-b504-2e2111681096
11-12 22:57:11 com_github_MitjaNemec_ReplicateLayout.replicate_layout 888:Replicating footprint: 'LED142'
11-12 22:57:11 com_github_MitjaNemec_ReplicateLayout.replicate_layout 835:Src fp.id: '0C09B42A-D4DF-4F87-AFF4-5296AF118FDF'
11-12 22:57:11 com_github_MitjaNemec_ReplicateLayout.replicate_layout 839:Dst fp.id: '0C09B42A-D4DF-4F87-AFF4-5296AF118FDF'
11-12 22:57:11 com_github_MitjaNemec_ReplicateLayout.replicate_layout 895:found match in dst footprint: 'LED226'
11-12 22:57:11 com_github_MitjaNemec_ReplicateLayout.replicate_layout 990:Src text UUid:9463e9d6-02d6-4857-9f39-9338e5245ef5
11-12 22:57:11 com_github_MitjaNemec_ReplicateLayout.replicate_layout 991:Dst text UUid:343b1454-edaf-4f16-82d6-773c396f6008
11-12 22:57:11 com_github_MitjaNemec_ReplicateLayout.replicate_layout 990:Src text UUid:0739365c-df74-44fd-a386-04c3841e72b1
11-12 22:57:11 com_github_MitjaNemec_ReplicateLayout.replicate_layout 991:Dst text UUid:6105628d-e93d-41b9-a925-1d88a35e1c60
11-12 22:57:11 com_github_MitjaNemec_ReplicateLayout.replicate_layout 990:Src text UUid:5d666820-e369-4ddd-b676-a3f134ad7960
11-12 22:57:11 com_github_MitjaNemec_ReplicateLayout.replicate_layout 991:Dst text UUid:943a4178-f18a-4edd-97cc-6b5a1dc95855
11-12 22:57:11 com_github_MitjaNemec_ReplicateLayout.replicate_layout 888:Replicating footprint: 'LED144'
11-12 22:57:11 com_github_MitjaNemec_ReplicateLayout.replicate_layout 835:Src fp.id: '0810E186-22BD-4094-A943-28056DB37E18'
11-12 22:57:11 com_github_MitjaNemec_ReplicateLayout.replicate_layout 839:Dst fp.id: '0810E186-22BD-4094-A943-28056DB37E18'
11-12 22:57:11 com_github_MitjaNemec_ReplicateLayout.replicate_layout 895:found match in dst footprint: 'LED228'
11-12 22:57:11 com_github_MitjaNemec_ReplicateLayout.replicate_layout 990:Src text UUid:d4f51115-0b40-4019-a418-64c3b5390a72
11-12 22:57:11 com_github_MitjaNemec_ReplicateLayout.replicate_layout 991:Dst text UUid:95a6d8c4-1c46-4024-91f6-664146318d20
11-12 22:57:11 com_github_MitjaNemec_ReplicateLayout.replicate_layout 990:Src text UUid:0ff00c33-2d97-415c-a383-5b222a06a46e
11-12 22:57:11 com_github_MitjaNemec_ReplicateLayout.replicate_layout 991:Dst text UUid:3251520b-0a86-467a-bc06-b2d7e8907cb7
11-12 22:57:11 com_github_MitjaNemec_ReplicateLayout.replicate_layout 990:Src text UUid:dde8ebf1-c0d6-4c52-86e2-7e3a65d80d5a
11-12 22:57:11 com_github_MitjaNemec_ReplicateLayout.replicate_layout 991:Dst text UUid:377e1c3f-52e7-41c7-9d1c-06eac35119fc
11-12 22:57:11 com_github_MitjaNemec_ReplicateLayout.replicate_layout 870:Replicating footprints on sheet ['Top', 'LEDs_Bottom', 'LEDS_discreet6', 'LED_single1']
11-12 22:57:11 com_github_MitjaNemec_ReplicateLayout.replicate_layout 835:Src fp.id: '0C09B42A-D4DF-4F87-AFF4-5296AF118FDF'
11-12 22:57:11 com_github_MitjaNemec_ReplicateLayout.replicate_layout 839:Dst fp.id: '0C09B42A-D4DF-4F87-AFF4-5296AF118FDF'
11-12 22:57:11 com_github_MitjaNemec_ReplicateLayout.replicate_layout 888:Replicating footprint: 'U153'
11-12 22:57:11 com_github_MitjaNemec_ReplicateLayout.replicate_layout 835:Src fp.id: 'EB896E0D-DC1C-402A-A83E-7193E291B78E'
11-12 22:57:11 com_github_MitjaNemec_ReplicateLayout.replicate_layout 839:Dst fp.id: 'EB896E0D-DC1C-402A-A83E-7193E291B78E'
11-12 22:57:11 com_github_MitjaNemec_ReplicateLayout.replicate_layout 895:found match in dst footprint: 'U216'
11-12 22:57:11 com_github_MitjaNemec_ReplicateLayout.replicate_layout 990:Src text UUid:110b3224-b357-4118-9c08-b3fded705e4b
11-12 22:57:11 com_github_MitjaNemec_ReplicateLayout.replicate_layout 991:Dst text UUid:68a0f277-6d01-4f3d-848f-981292abd9ae
11-12 22:57:11 com_github_MitjaNemec_ReplicateLayout.replicate_layout 990:Src text UUid:b9e7f770-21cd-4948-9662-6e0ac7df885e
11-12 22:57:11 com_github_MitjaNemec_ReplicateLayout.replicate_layout 991:Dst text UUid:7e218515-5531-4ad0-8273-9a1dd0fec700
11-12 22:57:11 com_github_MitjaNemec_ReplicateLayout.replicate_layout 990:Src text UUid:eaba7cf7-101e-4672-ad3c-d50ac347e980
11-12 22:57:11 com_github_MitjaNemec_ReplicateLayout.replicate_layout 991:Dst text UUid:36c28adf-fe7d-4b6a-90e1-3ed95ab5a887
11-12 22:57:11 com_github_MitjaNemec_ReplicateLayout.replicate_layout 888:Replicating footprint: 'R196'
11-12 22:57:11 com_github_MitjaNemec_ReplicateLayout.replicate_layout 835:Src fp.id: '28A8D9BC-2140-4FD7-9BA9-4E17A2CADB20'
11-12 22:57:11 com_github_MitjaNemec_ReplicateLayout.replicate_layout 839:Dst fp.id: '28A8D9BC-2140-4FD7-9BA9-4E17A2CADB20'
11-12 22:57:11 com_github_MitjaNemec_ReplicateLayout.replicate_layout 895:found match in dst footprint: 'R283'
11-12 22:57:11 com_github_MitjaNemec_ReplicateLayout.replicate_layout 990:Src text UUid:10a75789-866c-466a-b99e-1669393a4dc9
11-12 22:57:11 com_github_MitjaNemec_ReplicateLayout.replicate_layout 991:Dst text UUid:8672e696-88e5-43fd-a1c4-7d0c847f5e82
11-12 22:57:11 com_github_MitjaNemec_ReplicateLayout.replicate_layout 990:Src text UUid:26f5deef-302c-459b-9fc1-9a4618773440
11-12 22:57:11 com_github_MitjaNemec_ReplicateLayout.replicate_layout 991:Dst text UUid:4e1520b8-8d13-46c9-908e-ad935a8c2ece
11-12 22:57:11 com_github_MitjaNemec_ReplicateLayout.replicate_layout 990:Src text UUid:a58fc8cd-c2ef-4a2e-8f35-9edf2c2f6adb
11-12 22:57:11 com_github_MitjaNemec_ReplicateLayout.replicate_layout 991:Dst text UUid:9eb747b6-8e93-4d13-a6f7-dc82fc03a47b
11-12 22:57:11 com_github_MitjaNemec_ReplicateLayout.replicate_layout 888:Replicating footprint: 'R197'
11-12 22:57:11 com_github_MitjaNemec_ReplicateLayout.replicate_layout 835:Src fp.id: '55391442-DACB-4265-94E5-89EFFD14C302'
11-12 22:57:11 com_github_MitjaNemec_ReplicateLayout.replicate_layout 839:Dst fp.id: '55391442-DACB-4265-94E5-89EFFD14C302'
11-12 22:57:11 com_github_MitjaNemec_ReplicateLayout.replicate_layout 895:found match in dst footprint: 'R284'
11-12 22:57:11 com_github_MitjaNemec_ReplicateLayout.replicate_layout 990:Src text UUid:6cd10716-af31-44d4-bad9-a9da97fd4924
11-12 22:57:11 com_github_MitjaNemec_ReplicateLayout.replicate_layout 991:Dst text UUid:85b85d04-e98f-4596-995a-a407165b080d
11-12 22:57:11 com_github_MitjaNemec_ReplicateLayout.replicate_layout 990:Src text UUid:65380ce8-601c-4762-983f-4bdb6ed67bde
11-12 22:57:11 com_github_MitjaNemec_ReplicateLayout.replicate_layout 991:Dst text UUid:a9745b35-b567-4ef7-b94c-a304db7a5e53
11-12 22:57:11 com_github_MitjaNemec_ReplicateLayout.replicate_layout 990:Src text UUid:94d012b9-077f-436c-a4d8-e5bb00c165ba
11-12 22:57:11 com_github_MitjaNemec_ReplicateLayout.replicate_layout 991:Dst text UUid:acba83fe-bb4e-4be0-b192-2e473df2a53a
11-12 22:57:11 com_github_MitjaNemec_ReplicateLayout.replicate_layout 888:Replicating footprint: 'U152'
11-12 22:57:11 com_github_MitjaNemec_ReplicateLayout.replicate_layout 835:Src fp.id: '62B3827C-A320-4AD6-A424-1485EF65900D'
11-12 22:57:11 com_github_MitjaNemec_ReplicateLayout.replicate_layout 839:Dst fp.id: '62B3827C-A320-4AD6-A424-1485EF65900D'
11-12 22:57:11 com_github_MitjaNemec_ReplicateLayout.replicate_layout 895:found match in dst footprint: 'U215'
11-12 22:57:11 com_github_MitjaNemec_ReplicateLayout.replicate_layout 990:Src text UUid:c50c72b1-94e3-4159-a219-37f741e82a7c
11-12 22:57:11 com_github_MitjaNemec_ReplicateLayout.replicate_layout 991:Dst text UUid:dd183059-b4f5-4ad6-9487-a44f86f6ceee
11-12 22:57:11 com_github_MitjaNemec_ReplicateLayout.replicate_layout 990:Src text UUid:292e74a5-6b55-4359-be57-8b0026051126
11-12 22:57:11 com_github_MitjaNemec_ReplicateLayout.replicate_layout 991:Dst text UUid:ae6d278b-8157-49a8-9a8b-332426bb7859
11-12 22:57:11 com_github_MitjaNemec_ReplicateLayout.replicate_layout 990:Src text UUid:22c9f63c-bdf9-47e9-ae01-74d81cfbd908
11-12 22:57:11 com_github_MitjaNemec_ReplicateLayout.replicate_layout 991:Dst text UUid:b772c89d-7eda-450d-a34c-c517cd4ddfa8
11-12 22:57:11 com_github_MitjaNemec_ReplicateLayout.replicate_layout 888:Replicating footprint: 'R198'
11-12 22:57:11 com_github_MitjaNemec_ReplicateLayout.replicate_layout 835:Src fp.id: '2D77C678-F455-47D6-93BD-3ED95A089C96'
11-12 22:57:11 com_github_MitjaNemec_ReplicateLayout.replicate_layout 839:Dst fp.id: '2D77C678-F455-47D6-93BD-3ED95A089C96'
11-12 22:57:11 com_github_MitjaNemec_ReplicateLayout.replicate_layout 895:found match in dst footprint: 'R285'
11-12 22:57:11 com_github_MitjaNemec_ReplicateLayout.replicate_layout 990:Src text UUid:026024b2-ee3d-495c-b376-571543d60a54
11-12 22:57:11 com_github_MitjaNemec_ReplicateLayout.replicate_layout 991:Dst text UUid:619c30b1-aa1f-4ca0-8061-bb06c86ac87b
11-12 22:57:11 com_github_MitjaNemec_ReplicateLayout.replicate_layout 990:Src text UUid:23dd6946-9981-4c83-9d25-050d5e9bece6
11-12 22:57:11 com_github_MitjaNemec_ReplicateLayout.replicate_layout 991:Dst text UUid:7f5d1c96-8f5b-4f12-affb-67c34794e702
11-12 22:57:11 com_github_MitjaNemec_ReplicateLayout.replicate_layout 990:Src text UUid:8cb67b8b-8668-4222-8264-d0248233162e
11-12 22:57:11 com_github_MitjaNemec_ReplicateLayout.replicate_layout 991:Dst text UUid:c74a834c-2f05-4f4e-953a-76073713cfa3
11-12 22:57:11 com_github_MitjaNemec_ReplicateLayout.replicate_layout 888:Replicating footprint: 'LED143'
11-12 22:57:11 com_github_MitjaNemec_ReplicateLayout.replicate_layout 835:Src fp.id: '2ABC1D4C-0E8C-4F90-9BF0-DF151C3D99F0'
11-12 22:57:11 com_github_MitjaNemec_ReplicateLayout.replicate_layout 839:Dst fp.id: '2ABC1D4C-0E8C-4F90-9BF0-DF151C3D99F0'
11-12 22:57:11 com_github_MitjaNemec_ReplicateLayout.replicate_layout 895:found match in dst footprint: 'LED230'
11-12 22:57:11 com_github_MitjaNemec_ReplicateLayout.replicate_layout 990:Src text UUid:cb110f2a-a8eb-4aca-b5bc-ff7ccb902aef
11-12 22:57:11 com_github_MitjaNemec_ReplicateLayout.replicate_layout 991:Dst text UUid:3c8f19c4-be91-4320-9ad1-2135ae9e42b4
11-12 22:57:11 com_github_MitjaNemec_ReplicateLayout.replicate_layout 990:Src text UUid:cbc54092-ef49-4a91-b324-f6377248bdf9
11-12 22:57:11 com_github_MitjaNemec_ReplicateLayout.replicate_layout 991:Dst text UUid:e97ef047-1266-4756-968b-ba5aede9e736
11-12 22:57:11 com_github_MitjaNemec_ReplicateLayout.replicate_layout 990:Src text UUid:a432e7aa-3bd5-4cba-b765-9f5f9481582e
11-12 22:57:11 com_github_MitjaNemec_ReplicateLayout.replicate_layout 991:Dst text UUid:a39eabf1-caf2-452b-a418-eda009557951
11-12 22:57:11 com_github_MitjaNemec_ReplicateLayout.replicate_layout 888:Replicating footprint: 'LED142'
11-12 22:57:11 com_github_MitjaNemec_ReplicateLayout.replicate_layout 835:Src fp.id: '0C09B42A-D4DF-4F87-AFF4-5296AF118FDF'
11-12 22:57:11 com_github_MitjaNemec_ReplicateLayout.replicate_layout 839:Dst fp.id: '0C09B42A-D4DF-4F87-AFF4-5296AF118FDF'
11-12 22:57:11 com_github_MitjaNemec_ReplicateLayout.replicate_layout 895:found match in dst footprint: 'LED229'
11-12 22:57:11 com_github_MitjaNemec_ReplicateLayout.replicate_layout 990:Src text UUid:9463e9d6-02d6-4857-9f39-9338e5245ef5
11-12 22:57:11 com_github_MitjaNemec_ReplicateLayout.replicate_layout 991:Dst text UUid:606f161d-9148-466d-933d-982c03971452
11-12 22:57:11 com_github_MitjaNemec_ReplicateLayout.replicate_layout 990:Src text UUid:0739365c-df74-44fd-a386-04c3841e72b1
11-12 22:57:11 com_github_MitjaNemec_ReplicateLayout.replicate_layout 991:Dst text UUid:723300b1-455e-47f7-8b63-86664957c674
11-12 22:57:11 com_github_MitjaNemec_ReplicateLayout.replicate_layout 990:Src text UUid:5d666820-e369-4ddd-b676-a3f134ad7960
11-12 22:57:11 com_github_MitjaNemec_ReplicateLayout.replicate_layout 991:Dst text UUid:efd9892c-433e-41ad-bc35-7871011430fe
11-12 22:57:11 com_github_MitjaNemec_ReplicateLayout.replicate_layout 888:Replicating footprint: 'LED144'
11-12 22:57:11 root 345:updating GUI with: 84
11-12 22:57:11 com_github_MitjaNemec_ReplicateLayout.replicate_layout 835:Src fp.id: '0810E186-22BD-4094-A943-28056DB37E18'
11-12 22:57:11 com_github_MitjaNemec_ReplicateLayout.replicate_layout 839:Dst fp.id: '0810E186-22BD-4094-A943-28056DB37E18'
11-12 22:57:11 com_github_MitjaNemec_ReplicateLayout.replicate_layout 895:found match in dst footprint: 'LED231'
11-12 22:57:11 com_github_MitjaNemec_ReplicateLayout.replicate_layout 990:Src text UUid:d4f51115-0b40-4019-a418-64c3b5390a72
11-12 22:57:11 com_github_MitjaNemec_ReplicateLayout.replicate_layout 991:Dst text UUid:0e78a1a2-57ec-47dd-9b92-484600bad9ac
11-12 22:57:11 com_github_MitjaNemec_ReplicateLayout.replicate_layout 990:Src text UUid:0ff00c33-2d97-415c-a383-5b222a06a46e
11-12 22:57:11 com_github_MitjaNemec_ReplicateLayout.replicate_layout 991:Dst text UUid:f2abc704-cf50-4a0d-8b54-fe7bfe86ff04
11-12 22:57:11 com_github_MitjaNemec_ReplicateLayout.replicate_layout 990:Src text UUid:dde8ebf1-c0d6-4c52-86e2-7e3a65d80d5a
11-12 22:57:11 com_github_MitjaNemec_ReplicateLayout.replicate_layout 991:Dst text UUid:f1619160-b715-427a-99c8-2e3753cfc978
11-12 22:57:11 com_github_MitjaNemec_ReplicateLayout.replicate_layout 870:Replicating footprints on sheet ['Top', 'LEDs_Bottom', 'LEDS_discreet6', 'LED_single2']
11-12 22:57:11 com_github_MitjaNemec_ReplicateLayout.replicate_layout 835:Src fp.id: '0C09B42A-D4DF-4F87-AFF4-5296AF118FDF'
11-12 22:57:11 com_github_MitjaNemec_ReplicateLayout.replicate_layout 839:Dst fp.id: '0C09B42A-D4DF-4F87-AFF4-5296AF118FDF'
11-12 22:57:11 com_github_MitjaNemec_ReplicateLayout.replicate_layout 888:Replicating footprint: 'U153'
11-12 22:57:11 com_github_MitjaNemec_ReplicateLayout.replicate_layout 835:Src fp.id: 'EB896E0D-DC1C-402A-A83E-7193E291B78E'
11-12 22:57:11 com_github_MitjaNemec_ReplicateLayout.replicate_layout 839:Dst fp.id: 'EB896E0D-DC1C-402A-A83E-7193E291B78E'
11-12 22:57:11 com_github_MitjaNemec_ReplicateLayout.replicate_layout 895:found match in dst footprint: 'U218'
11-12 22:57:11 com_github_MitjaNemec_ReplicateLayout.replicate_layout 990:Src text UUid:110b3224-b357-4118-9c08-b3fded705e4b
11-12 22:57:11 com_github_MitjaNemec_ReplicateLayout.replicate_layout 991:Dst text UUid:a2cc26a8-7fca-45f2-9b5f-164638698550
11-12 22:57:11 com_github_MitjaNemec_ReplicateLayout.replicate_layout 990:Src text UUid:b9e7f770-21cd-4948-9662-6e0ac7df885e
11-12 22:57:11 com_github_MitjaNemec_ReplicateLayout.replicate_layout 991:Dst text UUid:b6ff5526-a2b1-410d-a9b0-f9894953429b
11-12 22:57:11 com_github_MitjaNemec_ReplicateLayout.replicate_layout 990:Src text UUid:eaba7cf7-101e-4672-ad3c-d50ac347e980
11-12 22:57:11 com_github_MitjaNemec_ReplicateLayout.replicate_layout 991:Dst text UUid:463accda-62ec-444a-beb0-1972acf36746
11-12 22:57:11 com_github_MitjaNemec_ReplicateLayout.replicate_layout 888:Replicating footprint: 'R196'
11-12 22:57:11 com_github_MitjaNemec_ReplicateLayout.replicate_layout 835:Src fp.id: '28A8D9BC-2140-4FD7-9BA9-4E17A2CADB20'
11-12 22:57:11 com_github_MitjaNemec_ReplicateLayout.replicate_layout 839:Dst fp.id: '28A8D9BC-2140-4FD7-9BA9-4E17A2CADB20'
11-12 22:57:11 com_github_MitjaNemec_ReplicateLayout.replicate_layout 895:found match in dst footprint: 'R286'
11-12 22:57:11 com_github_MitjaNemec_ReplicateLayout.replicate_layout 990:Src text UUid:10a75789-866c-466a-b99e-1669393a4dc9
11-12 22:57:11 com_github_MitjaNemec_ReplicateLayout.replicate_layout 991:Dst text UUid:da7cc84b-359e-4bf7-80a6-11c3a8255faa
11-12 22:57:11 com_github_MitjaNemec_ReplicateLayout.replicate_layout 990:Src text UUid:26f5deef-302c-459b-9fc1-9a4618773440
11-12 22:57:11 com_github_MitjaNemec_ReplicateLayout.replicate_layout 991:Dst text UUid:407ebef0-d8e1-423a-8101-29210ba42f9f
11-12 22:57:11 com_github_MitjaNemec_ReplicateLayout.replicate_layout 990:Src text UUid:a58fc8cd-c2ef-4a2e-8f35-9edf2c2f6adb
11-12 22:57:11 com_github_MitjaNemec_ReplicateLayout.replicate_layout 991:Dst text UUid:93ce0a38-bdb3-471f-8dee-ad1598cffc81
11-12 22:57:11 com_github_MitjaNemec_ReplicateLayout.replicate_layout 888:Replicating footprint: 'R197'
11-12 22:57:11 com_github_MitjaNemec_ReplicateLayout.replicate_layout 835:Src fp.id: '55391442-DACB-4265-94E5-89EFFD14C302'
11-12 22:57:11 com_github_MitjaNemec_ReplicateLayout.replicate_layout 839:Dst fp.id: '55391442-DACB-4265-94E5-89EFFD14C302'
11-12 22:57:11 com_github_MitjaNemec_ReplicateLayout.replicate_layout 895:found match in dst footprint: 'R287'
11-12 22:57:11 com_github_MitjaNemec_ReplicateLayout.replicate_layout 990:Src text UUid:6cd10716-af31-44d4-bad9-a9da97fd4924
11-12 22:57:11 com_github_MitjaNemec_ReplicateLayout.replicate_layout 991:Dst text UUid:e364e509-5448-4f77-9d21-bf4f13f634fd
11-12 22:57:11 com_github_MitjaNemec_ReplicateLayout.replicate_layout 990:Src text UUid:65380ce8-601c-4762-983f-4bdb6ed67bde
11-12 22:57:11 com_github_MitjaNemec_ReplicateLayout.replicate_layout 991:Dst text UUid:a7b24aaa-f04a-4bf7-9d2e-744c22dcd104
11-12 22:57:11 com_github_MitjaNemec_ReplicateLayout.replicate_layout 990:Src text UUid:94d012b9-077f-436c-a4d8-e5bb00c165ba
11-12 22:57:11 com_github_MitjaNemec_ReplicateLayout.replicate_layout 991:Dst text UUid:3cb05d24-262f-465f-b190-754ffe95dc17
11-12 22:57:11 com_github_MitjaNemec_ReplicateLayout.replicate_layout 888:Replicating footprint: 'U152'
11-12 22:57:11 com_github_MitjaNemec_ReplicateLayout.replicate_layout 835:Src fp.id: '62B3827C-A320-4AD6-A424-1485EF65900D'
11-12 22:57:11 com_github_MitjaNemec_ReplicateLayout.replicate_layout 839:Dst fp.id: '62B3827C-A320-4AD6-A424-1485EF65900D'
11-12 22:57:11 com_github_MitjaNemec_ReplicateLayout.replicate_layout 895:found match in dst footprint: 'U217'
11-12 22:57:11 com_github_MitjaNemec_ReplicateLayout.replicate_layout 990:Src text UUid:c50c72b1-94e3-4159-a219-37f741e82a7c
11-12 22:57:11 com_github_MitjaNemec_ReplicateLayout.replicate_layout 991:Dst text UUid:379a99df-d254-464a-9bc7-6d3c38a919d4
11-12 22:57:11 com_github_MitjaNemec_ReplicateLayout.replicate_layout 990:Src text UUid:292e74a5-6b55-4359-be57-8b0026051126
11-12 22:57:11 com_github_MitjaNemec_ReplicateLayout.replicate_layout 991:Dst text UUid:8d185d22-ec56-4537-a4b8-235eeebbf436
11-12 22:57:11 com_github_MitjaNemec_ReplicateLayout.replicate_layout 990:Src text UUid:22c9f63c-bdf9-47e9-ae01-74d81cfbd908
11-12 22:57:11 com_github_MitjaNemec_ReplicateLayout.replicate_layout 991:Dst text UUid:006da2ae-a200-40a5-9045-19c72a05f519
11-12 22:57:11 com_github_MitjaNemec_ReplicateLayout.replicate_layout 888:Replicating footprint: 'R198'
11-12 22:57:11 com_github_MitjaNemec_ReplicateLayout.replicate_layout 835:Src fp.id: '2D77C678-F455-47D6-93BD-3ED95A089C96'
11-12 22:57:11 com_github_MitjaNemec_ReplicateLayout.replicate_layout 839:Dst fp.id: '2D77C678-F455-47D6-93BD-3ED95A089C96'
11-12 22:57:11 com_github_MitjaNemec_ReplicateLayout.replicate_layout 895:found match in dst footprint: 'R288'
11-12 22:57:11 com_github_MitjaNemec_ReplicateLayout.replicate_layout 990:Src text UUid:026024b2-ee3d-495c-b376-571543d60a54
11-12 22:57:11 com_github_MitjaNemec_ReplicateLayout.replicate_layout 991:Dst text UUid:eb99d82f-ecf2-4a55-baf0-937dc3e00626
11-12 22:57:11 com_github_MitjaNemec_ReplicateLayout.replicate_layout 990:Src text UUid:23dd6946-9981-4c83-9d25-050d5e9bece6
11-12 22:57:11 com_github_MitjaNemec_ReplicateLayout.replicate_layout 991:Dst text UUid:98168c54-7e50-495f-bfee-7c9b71f5d036
11-12 22:57:11 com_github_MitjaNemec_ReplicateLayout.replicate_layout 990:Src text UUid:8cb67b8b-8668-4222-8264-d0248233162e
11-12 22:57:11 com_github_MitjaNemec_ReplicateLayout.replicate_layout 991:Dst text UUid:a1a5573d-b4be-4d32-a147-661cf5dc6584
11-12 22:57:11 com_github_MitjaNemec_ReplicateLayout.replicate_layout 888:Replicating footprint: 'LED143'
11-12 22:57:11 com_github_MitjaNemec_ReplicateLayout.replicate_layout 835:Src fp.id: '2ABC1D4C-0E8C-4F90-9BF0-DF151C3D99F0'
11-12 22:57:11 com_github_MitjaNemec_ReplicateLayout.replicate_layout 839:Dst fp.id: '2ABC1D4C-0E8C-4F90-9BF0-DF151C3D99F0'
11-12 22:57:11 com_github_MitjaNemec_ReplicateLayout.replicate_layout 895:found match in dst footprint: 'LED233'
11-12 22:57:11 com_github_MitjaNemec_ReplicateLayout.replicate_layout 990:Src text UUid:cb110f2a-a8eb-4aca-b5bc-ff7ccb902aef
11-12 22:57:11 com_github_MitjaNemec_ReplicateLayout.replicate_layout 991:Dst text UUid:8da676b1-0c18-4be3-ae71-12763162f56a
11-12 22:57:11 com_github_MitjaNemec_ReplicateLayout.replicate_layout 990:Src text UUid:cbc54092-ef49-4a91-b324-f6377248bdf9
11-12 22:57:11 com_github_MitjaNemec_ReplicateLayout.replicate_layout 991:Dst text UUid:fa651294-956c-440e-b1d3-38f992b74fb3
11-12 22:57:11 com_github_MitjaNemec_ReplicateLayout.replicate_layout 990:Src text UUid:a432e7aa-3bd5-4cba-b765-9f5f9481582e
11-12 22:57:11 com_github_MitjaNemec_ReplicateLayout.replicate_layout 991:Dst text UUid:b7d75e36-9c7c-4bb1-8563-a91800744495
11-12 22:57:11 com_github_MitjaNemec_ReplicateLayout.replicate_layout 888:Replicating footprint: 'LED142'
11-12 22:57:11 com_github_MitjaNemec_ReplicateLayout.replicate_layout 835:Src fp.id: '0C09B42A-D4DF-4F87-AFF4-5296AF118FDF'
11-12 22:57:11 com_github_MitjaNemec_ReplicateLayout.replicate_layout 839:Dst fp.id: '0C09B42A-D4DF-4F87-AFF4-5296AF118FDF'
11-12 22:57:11 com_github_MitjaNemec_ReplicateLayout.replicate_layout 895:found match in dst footprint: 'LED232'
11-12 22:57:11 com_github_MitjaNemec_ReplicateLayout.replicate_layout 990:Src text UUid:9463e9d6-02d6-4857-9f39-9338e5245ef5
11-12 22:57:11 com_github_MitjaNemec_ReplicateLayout.replicate_layout 991:Dst text UUid:830c3ce2-6b9c-4002-b950-3219697f2586
11-12 22:57:11 com_github_MitjaNemec_ReplicateLayout.replicate_layout 990:Src text UUid:0739365c-df74-44fd-a386-04c3841e72b1
11-12 22:57:11 com_github_MitjaNemec_ReplicateLayout.replicate_layout 991:Dst text UUid:b3ac4b75-7ecc-40f5-9921-440b34018cdf
11-12 22:57:11 com_github_MitjaNemec_ReplicateLayout.replicate_layout 990:Src text UUid:5d666820-e369-4ddd-b676-a3f134ad7960
11-12 22:57:11 com_github_MitjaNemec_ReplicateLayout.replicate_layout 991:Dst text UUid:bb4fc9f0-53b0-4c6f-ad46-27b005ac024f
11-12 22:57:11 com_github_MitjaNemec_ReplicateLayout.replicate_layout 888:Replicating footprint: 'LED144'
11-12 22:57:11 com_github_MitjaNemec_ReplicateLayout.replicate_layout 835:Src fp.id: '0810E186-22BD-4094-A943-28056DB37E18'
11-12 22:57:11 com_github_MitjaNemec_ReplicateLayout.replicate_layout 839:Dst fp.id: '0810E186-22BD-4094-A943-28056DB37E18'
11-12 22:57:11 com_github_MitjaNemec_ReplicateLayout.replicate_layout 895:found match in dst footprint: 'LED234'
11-12 22:57:11 com_github_MitjaNemec_ReplicateLayout.replicate_layout 990:Src text UUid:d4f51115-0b40-4019-a418-64c3b5390a72
11-12 22:57:11 com_github_MitjaNemec_ReplicateLayout.replicate_layout 991:Dst text UUid:a5ee3b83-b435-4be2-863f-09b04686ca19
11-12 22:57:11 com_github_MitjaNemec_ReplicateLayout.replicate_layout 990:Src text UUid:0ff00c33-2d97-415c-a383-5b222a06a46e
11-12 22:57:11 com_github_MitjaNemec_ReplicateLayout.replicate_layout 991:Dst text UUid:a61aa461-794b-4e5b-9f2f-58c8c5a20780
11-12 22:57:11 com_github_MitjaNemec_ReplicateLayout.replicate_layout 990:Src text UUid:dde8ebf1-c0d6-4c52-86e2-7e3a65d80d5a
11-12 22:57:11 com_github_MitjaNemec_ReplicateLayout.replicate_layout 991:Dst text UUid:1c864a26-53a8-4bcb-87ed-f6ab5718f1ba
11-12 22:57:11 com_github_MitjaNemec_ReplicateLayout.replicate_layout 870:Replicating footprints on sheet ['Top', 'LEDs_Bottom', 'LEDS_discreet6', 'LED_single3']
11-12 22:57:11 com_github_MitjaNemec_ReplicateLayout.replicate_layout 835:Src fp.id: '0C09B42A-D4DF-4F87-AFF4-5296AF118FDF'
11-12 22:57:11 com_github_MitjaNemec_ReplicateLayout.replicate_layout 839:Dst fp.id: '0C09B42A-D4DF-4F87-AFF4-5296AF118FDF'
11-12 22:57:11 com_github_MitjaNemec_ReplicateLayout.replicate_layout 888:Replicating footprint: 'U153'
11-12 22:57:11 com_github_MitjaNemec_ReplicateLayout.replicate_layout 835:Src fp.id: 'EB896E0D-DC1C-402A-A83E-7193E291B78E'
11-12 22:57:11 com_github_MitjaNemec_ReplicateLayout.replicate_layout 839:Dst fp.id: 'EB896E0D-DC1C-402A-A83E-7193E291B78E'
11-12 22:57:11 com_github_MitjaNemec_ReplicateLayout.replicate_layout 895:found match in dst footprint: 'U220'
11-12 22:57:11 com_github_MitjaNemec_ReplicateLayout.replicate_layout 990:Src text UUid:110b3224-b357-4118-9c08-b3fded705e4b
11-12 22:57:11 com_github_MitjaNemec_ReplicateLayout.replicate_layout 991:Dst text UUid:9c4b1a63-4cb7-435b-88c1-99936122c5ec
11-12 22:57:11 com_github_MitjaNemec_ReplicateLayout.replicate_layout 990:Src text UUid:b9e7f770-21cd-4948-9662-6e0ac7df885e
11-12 22:57:11 com_github_MitjaNemec_ReplicateLayout.replicate_layout 991:Dst text UUid:3a453ca7-9749-4c25-bd09-ae2fa63b861f
11-12 22:57:11 com_github_MitjaNemec_ReplicateLayout.replicate_layout 990:Src text UUid:eaba7cf7-101e-4672-ad3c-d50ac347e980
11-12 22:57:11 com_github_MitjaNemec_ReplicateLayout.replicate_layout 991:Dst text UUid:000c51c0-9129-4885-bbf5-d684d4cc8ecd
11-12 22:57:11 com_github_MitjaNemec_ReplicateLayout.replicate_layout 888:Replicating footprint: 'R196'
11-12 22:57:11 com_github_MitjaNemec_ReplicateLayout.replicate_layout 835:Src fp.id: '28A8D9BC-2140-4FD7-9BA9-4E17A2CADB20'
11-12 22:57:11 com_github_MitjaNemec_ReplicateLayout.replicate_layout 839:Dst fp.id: '28A8D9BC-2140-4FD7-9BA9-4E17A2CADB20'
11-12 22:57:11 com_github_MitjaNemec_ReplicateLayout.replicate_layout 895:found match in dst footprint: 'R289'
11-12 22:57:11 com_github_MitjaNemec_ReplicateLayout.replicate_layout 990:Src text UUid:10a75789-866c-466a-b99e-1669393a4dc9
11-12 22:57:11 com_github_MitjaNemec_ReplicateLayout.replicate_layout 991:Dst text UUid:7dd89a94-a7ed-44e9-8cb7-45ea00f25365
11-12 22:57:11 com_github_MitjaNemec_ReplicateLayout.replicate_layout 990:Src text UUid:26f5deef-302c-459b-9fc1-9a4618773440
11-12 22:57:11 com_github_MitjaNemec_ReplicateLayout.replicate_layout 991:Dst text UUid:de8b646a-0d93-4ffa-b9c4-e104bdb79812
11-12 22:57:11 com_github_MitjaNemec_ReplicateLayout.replicate_layout 990:Src text UUid:a58fc8cd-c2ef-4a2e-8f35-9edf2c2f6adb
11-12 22:57:11 com_github_MitjaNemec_ReplicateLayout.replicate_layout 991:Dst text UUid:2170b5bc-6dd7-48ff-8c90-53888ba1d644
11-12 22:57:11 com_github_MitjaNemec_ReplicateLayout.replicate_layout 888:Replicating footprint: 'R197'
11-12 22:57:11 com_github_MitjaNemec_ReplicateLayout.replicate_layout 835:Src fp.id: '55391442-DACB-4265-94E5-89EFFD14C302'
11-12 22:57:11 com_github_MitjaNemec_ReplicateLayout.replicate_layout 839:Dst fp.id: '55391442-DACB-4265-94E5-89EFFD14C302'
11-12 22:57:11 com_github_MitjaNemec_ReplicateLayout.replicate_layout 895:found match in dst footprint: 'R290'
11-12 22:57:11 com_github_MitjaNemec_ReplicateLayout.replicate_layout 990:Src text UUid:6cd10716-af31-44d4-bad9-a9da97fd4924
11-12 22:57:11 com_github_MitjaNemec_ReplicateLayout.replicate_layout 991:Dst text UUid:3e56fde6-8639-4050-894c-31811d1aa54f
11-12 22:57:11 com_github_MitjaNemec_ReplicateLayout.replicate_layout 990:Src text UUid:65380ce8-601c-4762-983f-4bdb6ed67bde
11-12 22:57:11 com_github_MitjaNemec_ReplicateLayout.replicate_layout 991:Dst text UUid:b8ad31b1-aa95-4eca-b530-9d2f832ee557
11-12 22:57:11 com_github_MitjaNemec_ReplicateLayout.replicate_layout 990:Src text UUid:94d012b9-077f-436c-a4d8-e5bb00c165ba
11-12 22:57:11 com_github_MitjaNemec_ReplicateLayout.replicate_layout 991:Dst text UUid:24aa58ec-25f1-4ccf-b54e-93c73fe2f3dc
11-12 22:57:11 com_github_MitjaNemec_ReplicateLayout.replicate_layout 888:Replicating footprint: 'U152'
11-12 22:57:11 com_github_MitjaNemec_ReplicateLayout.replicate_layout 835:Src fp.id: '62B3827C-A320-4AD6-A424-1485EF65900D'
11-12 22:57:11 com_github_MitjaNemec_ReplicateLayout.replicate_layout 839:Dst fp.id: '62B3827C-A320-4AD6-A424-1485EF65900D'
11-12 22:57:11 com_github_MitjaNemec_ReplicateLayout.replicate_layout 895:found match in dst footprint: 'U219'
11-12 22:57:11 com_github_MitjaNemec_ReplicateLayout.replicate_layout 990:Src text UUid:c50c72b1-94e3-4159-a219-37f741e82a7c
11-12 22:57:11 com_github_MitjaNemec_ReplicateLayout.replicate_layout 991:Dst text UUid:4fa379f5-a842-4b89-b0e0-e57d555a4390
11-12 22:57:11 com_github_MitjaNemec_ReplicateLayout.replicate_layout 990:Src text UUid:292e74a5-6b55-4359-be57-8b0026051126
11-12 22:57:11 com_github_MitjaNemec_ReplicateLayout.replicate_layout 991:Dst text UUid:c977b468-bfae-4b10-a35e-18e051c3b853
11-12 22:57:11 com_github_MitjaNemec_ReplicateLayout.replicate_layout 990:Src text UUid:22c9f63c-bdf9-47e9-ae01-74d81cfbd908
11-12 22:57:11 com_github_MitjaNemec_ReplicateLayout.replicate_layout 991:Dst text UUid:b2274983-7c94-4ebc-ad4a-223c42dcc34b
11-12 22:57:11 com_github_MitjaNemec_ReplicateLayout.replicate_layout 888:Replicating footprint: 'R198'
11-12 22:57:11 root 345:updating GUI with: 86
11-12 22:57:11 com_github_MitjaNemec_ReplicateLayout.replicate_layout 835:Src fp.id: '2D77C678-F455-47D6-93BD-3ED95A089C96'
11-12 22:57:11 com_github_MitjaNemec_ReplicateLayout.replicate_layout 839:Dst fp.id: '2D77C678-F455-47D6-93BD-3ED95A089C96'
11-12 22:57:11 com_github_MitjaNemec_ReplicateLayout.replicate_layout 895:found match in dst footprint: 'R291'
11-12 22:57:11 com_github_MitjaNemec_ReplicateLayout.replicate_layout 990:Src text UUid:026024b2-ee3d-495c-b376-571543d60a54
11-12 22:57:11 com_github_MitjaNemec_ReplicateLayout.replicate_layout 991:Dst text UUid:f67581f1-cc0d-4a13-a4a0-99b872a83c0d
11-12 22:57:11 com_github_MitjaNemec_ReplicateLayout.replicate_layout 990:Src text UUid:23dd6946-9981-4c83-9d25-050d5e9bece6
11-12 22:57:11 com_github_MitjaNemec_ReplicateLayout.replicate_layout 991:Dst text UUid:5419a5a8-5cba-45ea-926f-51d608cbae36
11-12 22:57:11 com_github_MitjaNemec_ReplicateLayout.replicate_layout 990:Src text UUid:8cb67b8b-8668-4222-8264-d0248233162e
11-12 22:57:11 com_github_MitjaNemec_ReplicateLayout.replicate_layout 991:Dst text UUid:d9ed176c-25e7-4b8b-98a6-35c7be77cf29
11-12 22:57:11 com_github_MitjaNemec_ReplicateLayout.replicate_layout 888:Replicating footprint: 'LED143'
11-12 22:57:11 com_github_MitjaNemec_ReplicateLayout.replicate_layout 835:Src fp.id: '2ABC1D4C-0E8C-4F90-9BF0-DF151C3D99F0'
11-12 22:57:11 com_github_MitjaNemec_ReplicateLayout.replicate_layout 839:Dst fp.id: '2ABC1D4C-0E8C-4F90-9BF0-DF151C3D99F0'
11-12 22:57:11 com_github_MitjaNemec_ReplicateLayout.replicate_layout 895:found match in dst footprint: 'LED236'
11-12 22:57:11 com_github_MitjaNemec_ReplicateLayout.replicate_layout 990:Src text UUid:cb110f2a-a8eb-4aca-b5bc-ff7ccb902aef
11-12 22:57:11 com_github_MitjaNemec_ReplicateLayout.replicate_layout 991:Dst text UUid:f8f193c7-de01-4edf-8cfa-f89aaa2c95f3
11-12 22:57:11 com_github_MitjaNemec_ReplicateLayout.replicate_layout 990:Src text UUid:cbc54092-ef49-4a91-b324-f6377248bdf9
11-12 22:57:11 com_github_MitjaNemec_ReplicateLayout.replicate_layout 991:Dst text UUid:8fec6b54-9227-44e5-8103-abb5ec6c23c1
11-12 22:57:11 com_github_MitjaNemec_ReplicateLayout.replicate_layout 990:Src text UUid:a432e7aa-3bd5-4cba-b765-9f5f9481582e
11-12 22:57:11 com_github_MitjaNemec_ReplicateLayout.replicate_layout 991:Dst text UUid:e567012f-7da3-45e6-bb5f-6d50e18e5df2
11-12 22:57:11 com_github_MitjaNemec_ReplicateLayout.replicate_layout 888:Replicating footprint: 'LED142'
11-12 22:57:11 com_github_MitjaNemec_ReplicateLayout.replicate_layout 835:Src fp.id: '0C09B42A-D4DF-4F87-AFF4-5296AF118FDF'
11-12 22:57:11 com_github_MitjaNemec_ReplicateLayout.replicate_layout 839:Dst fp.id: '0C09B42A-D4DF-4F87-AFF4-5296AF118FDF'
11-12 22:57:11 com_github_MitjaNemec_ReplicateLayout.replicate_layout 895:found match in dst footprint: 'LED235'
11-12 22:57:11 com_github_MitjaNemec_ReplicateLayout.replicate_layout 990:Src text UUid:9463e9d6-02d6-4857-9f39-9338e5245ef5
11-12 22:57:11 com_github_MitjaNemec_ReplicateLayout.replicate_layout 991:Dst text UUid:c8c8e1c0-b378-4ebc-b83b-0ec3fdf776ea
11-12 22:57:11 com_github_MitjaNemec_ReplicateLayout.replicate_layout 990:Src text UUid:0739365c-df74-44fd-a386-04c3841e72b1
11-12 22:57:11 com_github_MitjaNemec_ReplicateLayout.replicate_layout 991:Dst text UUid:398ce7e1-dea9-4d3d-ad62-893b15c0ecfa
11-12 22:57:11 com_github_MitjaNemec_ReplicateLayout.replicate_layout 990:Src text UUid:5d666820-e369-4ddd-b676-a3f134ad7960
11-12 22:57:11 com_github_MitjaNemec_ReplicateLayout.replicate_layout 991:Dst text UUid:a1416f3b-b42e-4cdb-b4f8-cfdc6426d2e3
11-12 22:57:11 com_github_MitjaNemec_ReplicateLayout.replicate_layout 888:Replicating footprint: 'LED144'
11-12 22:57:11 com_github_MitjaNemec_ReplicateLayout.replicate_layout 835:Src fp.id: '0810E186-22BD-4094-A943-28056DB37E18'
11-12 22:57:11 com_github_MitjaNemec_ReplicateLayout.replicate_layout 839:Dst fp.id: '0810E186-22BD-4094-A943-28056DB37E18'
11-12 22:57:11 com_github_MitjaNemec_ReplicateLayout.replicate_layout 895:found match in dst footprint: 'LED237'
11-12 22:57:11 com_github_MitjaNemec_ReplicateLayout.replicate_layout 990:Src text UUid:d4f51115-0b40-4019-a418-64c3b5390a72
11-12 22:57:11 com_github_MitjaNemec_ReplicateLayout.replicate_layout 991:Dst text UUid:47241fc3-1ecb-40d1-a9e0-63614ba44007
11-12 22:57:11 com_github_MitjaNemec_ReplicateLayout.replicate_layout 990:Src text UUid:0ff00c33-2d97-415c-a383-5b222a06a46e
11-12 22:57:11 com_github_MitjaNemec_ReplicateLayout.replicate_layout 991:Dst text UUid:f0a84d6a-58ca-48f8-8b25-7a1dfb8db9e9
11-12 22:57:11 com_github_MitjaNemec_ReplicateLayout.replicate_layout 990:Src text UUid:dde8ebf1-c0d6-4c52-86e2-7e3a65d80d5a
11-12 22:57:11 com_github_MitjaNemec_ReplicateLayout.replicate_layout 991:Dst text UUid:adc3d93f-9055-4170-acba-a956830f3d48
11-12 22:57:11 com_github_MitjaNemec_ReplicateLayout.replicate_layout 870:Replicating footprints on sheet ['Top', 'LEDs_Bottom', 'LEDS_discreet7', 'LED_single']
11-12 22:57:11 com_github_MitjaNemec_ReplicateLayout.replicate_layout 835:Src fp.id: '0C09B42A-D4DF-4F87-AFF4-5296AF118FDF'
11-12 22:57:11 com_github_MitjaNemec_ReplicateLayout.replicate_layout 839:Dst fp.id: '0C09B42A-D4DF-4F87-AFF4-5296AF118FDF'
11-12 22:57:11 com_github_MitjaNemec_ReplicateLayout.replicate_layout 888:Replicating footprint: 'U153'
11-12 22:57:11 com_github_MitjaNemec_ReplicateLayout.replicate_layout 835:Src fp.id: 'EB896E0D-DC1C-402A-A83E-7193E291B78E'
11-12 22:57:11 com_github_MitjaNemec_ReplicateLayout.replicate_layout 839:Dst fp.id: 'EB896E0D-DC1C-402A-A83E-7193E291B78E'
11-12 22:57:11 com_github_MitjaNemec_ReplicateLayout.replicate_layout 895:found match in dst footprint: 'U232'
11-12 22:57:11 com_github_MitjaNemec_ReplicateLayout.replicate_layout 990:Src text UUid:110b3224-b357-4118-9c08-b3fded705e4b
11-12 22:57:11 com_github_MitjaNemec_ReplicateLayout.replicate_layout 991:Dst text UUid:c5641c9c-40e1-4328-9be7-b81d1e6b4aa2
11-12 22:57:11 com_github_MitjaNemec_ReplicateLayout.replicate_layout 990:Src text UUid:b9e7f770-21cd-4948-9662-6e0ac7df885e
11-12 22:57:11 com_github_MitjaNemec_ReplicateLayout.replicate_layout 991:Dst text UUid:653cab0b-358c-46b3-8292-36efdcb73673
11-12 22:57:11 com_github_MitjaNemec_ReplicateLayout.replicate_layout 990:Src text UUid:eaba7cf7-101e-4672-ad3c-d50ac347e980
11-12 22:57:11 com_github_MitjaNemec_ReplicateLayout.replicate_layout 991:Dst text UUid:748d44cf-8083-4d73-9451-35c5a3593965
11-12 22:57:11 com_github_MitjaNemec_ReplicateLayout.replicate_layout 888:Replicating footprint: 'R196'
11-12 22:57:11 com_github_MitjaNemec_ReplicateLayout.replicate_layout 835:Src fp.id: '28A8D9BC-2140-4FD7-9BA9-4E17A2CADB20'
11-12 22:57:11 com_github_MitjaNemec_ReplicateLayout.replicate_layout 839:Dst fp.id: '28A8D9BC-2140-4FD7-9BA9-4E17A2CADB20'
11-12 22:57:11 com_github_MitjaNemec_ReplicateLayout.replicate_layout 895:found match in dst footprint: 'R304'
11-12 22:57:11 com_github_MitjaNemec_ReplicateLayout.replicate_layout 990:Src text UUid:10a75789-866c-466a-b99e-1669393a4dc9
11-12 22:57:11 com_github_MitjaNemec_ReplicateLayout.replicate_layout 991:Dst text UUid:8c1bf7b2-ea95-450a-a8a4-ca44528a7b3e
11-12 22:57:11 com_github_MitjaNemec_ReplicateLayout.replicate_layout 990:Src text UUid:26f5deef-302c-459b-9fc1-9a4618773440
11-12 22:57:11 com_github_MitjaNemec_ReplicateLayout.replicate_layout 991:Dst text UUid:a77b00ed-0af7-4603-9161-649728c5b6c6
11-12 22:57:11 com_github_MitjaNemec_ReplicateLayout.replicate_layout 990:Src text UUid:a58fc8cd-c2ef-4a2e-8f35-9edf2c2f6adb
11-12 22:57:11 com_github_MitjaNemec_ReplicateLayout.replicate_layout 991:Dst text UUid:eafd103e-dd23-46d8-915b-1cd585fd1eee
11-12 22:57:11 com_github_MitjaNemec_ReplicateLayout.replicate_layout 888:Replicating footprint: 'R197'
11-12 22:57:11 com_github_MitjaNemec_ReplicateLayout.replicate_layout 835:Src fp.id: '55391442-DACB-4265-94E5-89EFFD14C302'
11-12 22:57:11 com_github_MitjaNemec_ReplicateLayout.replicate_layout 839:Dst fp.id: '55391442-DACB-4265-94E5-89EFFD14C302'
11-12 22:57:11 com_github_MitjaNemec_ReplicateLayout.replicate_layout 895:found match in dst footprint: 'R305'
11-12 22:57:11 com_github_MitjaNemec_ReplicateLayout.replicate_layout 990:Src text UUid:6cd10716-af31-44d4-bad9-a9da97fd4924
11-12 22:57:11 com_github_MitjaNemec_ReplicateLayout.replicate_layout 991:Dst text UUid:7f366e11-392d-43f1-a942-d3968b35c87d
11-12 22:57:11 com_github_MitjaNemec_ReplicateLayout.replicate_layout 990:Src text UUid:65380ce8-601c-4762-983f-4bdb6ed67bde
11-12 22:57:11 com_github_MitjaNemec_ReplicateLayout.replicate_layout 991:Dst text UUid:6a780d27-9ce8-431b-af45-6ea52626049b
11-12 22:57:11 com_github_MitjaNemec_ReplicateLayout.replicate_layout 990:Src text UUid:94d012b9-077f-436c-a4d8-e5bb00c165ba
11-12 22:57:11 com_github_MitjaNemec_ReplicateLayout.replicate_layout 991:Dst text UUid:38655620-e768-4b96-aee2-6061e5003206
11-12 22:57:11 com_github_MitjaNemec_ReplicateLayout.replicate_layout 888:Replicating footprint: 'U152'
11-12 22:57:11 com_github_MitjaNemec_ReplicateLayout.replicate_layout 835:Src fp.id: '62B3827C-A320-4AD6-A424-1485EF65900D'
11-12 22:57:11 com_github_MitjaNemec_ReplicateLayout.replicate_layout 839:Dst fp.id: '62B3827C-A320-4AD6-A424-1485EF65900D'
11-12 22:57:11 com_github_MitjaNemec_ReplicateLayout.replicate_layout 895:found match in dst footprint: 'U231'
11-12 22:57:11 com_github_MitjaNemec_ReplicateLayout.replicate_layout 990:Src text UUid:c50c72b1-94e3-4159-a219-37f741e82a7c
11-12 22:57:11 com_github_MitjaNemec_ReplicateLayout.replicate_layout 991:Dst text UUid:333f73e3-32a7-416d-9ce6-2f78ac0d7634
11-12 22:57:11 com_github_MitjaNemec_ReplicateLayout.replicate_layout 990:Src text UUid:292e74a5-6b55-4359-be57-8b0026051126
11-12 22:57:11 com_github_MitjaNemec_ReplicateLayout.replicate_layout 991:Dst text UUid:47359d5d-18fc-465e-b378-69a355bd2a2b
11-12 22:57:11 com_github_MitjaNemec_ReplicateLayout.replicate_layout 990:Src text UUid:22c9f63c-bdf9-47e9-ae01-74d81cfbd908
11-12 22:57:11 com_github_MitjaNemec_ReplicateLayout.replicate_layout 991:Dst text UUid:891e181e-0324-429d-88de-7c2eaa35a8b3
11-12 22:57:11 com_github_MitjaNemec_ReplicateLayout.replicate_layout 888:Replicating footprint: 'R198'
11-12 22:57:11 com_github_MitjaNemec_ReplicateLayout.replicate_layout 835:Src fp.id: '2D77C678-F455-47D6-93BD-3ED95A089C96'
11-12 22:57:11 com_github_MitjaNemec_ReplicateLayout.replicate_layout 839:Dst fp.id: '2D77C678-F455-47D6-93BD-3ED95A089C96'
11-12 22:57:11 com_github_MitjaNemec_ReplicateLayout.replicate_layout 895:found match in dst footprint: 'R306'
11-12 22:57:11 com_github_MitjaNemec_ReplicateLayout.replicate_layout 990:Src text UUid:026024b2-ee3d-495c-b376-571543d60a54
11-12 22:57:11 com_github_MitjaNemec_ReplicateLayout.replicate_layout 991:Dst text UUid:3c9250c4-6293-4bd3-8e65-43c323ec97aa
11-12 22:57:11 com_github_MitjaNemec_ReplicateLayout.replicate_layout 990:Src text UUid:23dd6946-9981-4c83-9d25-050d5e9bece6
11-12 22:57:11 com_github_MitjaNemec_ReplicateLayout.replicate_layout 991:Dst text UUid:7f21731d-582f-40a3-acac-47763fe0cfb5
11-12 22:57:11 com_github_MitjaNemec_ReplicateLayout.replicate_layout 990:Src text UUid:8cb67b8b-8668-4222-8264-d0248233162e
11-12 22:57:11 com_github_MitjaNemec_ReplicateLayout.replicate_layout 991:Dst text UUid:8872ba1c-a46b-4ad8-8af8-230b218e2108
11-12 22:57:11 com_github_MitjaNemec_ReplicateLayout.replicate_layout 888:Replicating footprint: 'LED143'
11-12 22:57:11 com_github_MitjaNemec_ReplicateLayout.replicate_layout 835:Src fp.id: '2ABC1D4C-0E8C-4F90-9BF0-DF151C3D99F0'
11-12 22:57:11 com_github_MitjaNemec_ReplicateLayout.replicate_layout 839:Dst fp.id: '2ABC1D4C-0E8C-4F90-9BF0-DF151C3D99F0'
11-12 22:57:11 com_github_MitjaNemec_ReplicateLayout.replicate_layout 895:found match in dst footprint: 'LED251'
11-12 22:57:11 com_github_MitjaNemec_ReplicateLayout.replicate_layout 990:Src text UUid:cb110f2a-a8eb-4aca-b5bc-ff7ccb902aef
11-12 22:57:11 com_github_MitjaNemec_ReplicateLayout.replicate_layout 991:Dst text UUid:1669b8f7-290a-4d32-aea5-2c87f4c9d21e
11-12 22:57:11 com_github_MitjaNemec_ReplicateLayout.replicate_layout 990:Src text UUid:cbc54092-ef49-4a91-b324-f6377248bdf9
11-12 22:57:11 com_github_MitjaNemec_ReplicateLayout.replicate_layout 991:Dst text UUid:ea09dd75-6b2a-4bd7-8ef9-176997f7a004
11-12 22:57:11 com_github_MitjaNemec_ReplicateLayout.replicate_layout 990:Src text UUid:a432e7aa-3bd5-4cba-b765-9f5f9481582e
11-12 22:57:11 com_github_MitjaNemec_ReplicateLayout.replicate_layout 991:Dst text UUid:6dde8bc3-b065-4063-a77d-f23a7d0a5b3b
11-12 22:57:11 com_github_MitjaNemec_ReplicateLayout.replicate_layout 888:Replicating footprint: 'LED142'
11-12 22:57:11 com_github_MitjaNemec_ReplicateLayout.replicate_layout 835:Src fp.id: '0C09B42A-D4DF-4F87-AFF4-5296AF118FDF'
11-12 22:57:11 com_github_MitjaNemec_ReplicateLayout.replicate_layout 839:Dst fp.id: '0C09B42A-D4DF-4F87-AFF4-5296AF118FDF'
11-12 22:57:11 com_github_MitjaNemec_ReplicateLayout.replicate_layout 895:found match in dst footprint: 'LED250'
11-12 22:57:11 com_github_MitjaNemec_ReplicateLayout.replicate_layout 990:Src text UUid:9463e9d6-02d6-4857-9f39-9338e5245ef5
11-12 22:57:11 com_github_MitjaNemec_ReplicateLayout.replicate_layout 991:Dst text UUid:dc9a3d72-35bd-4298-ae72-df72c18dcf2c
11-12 22:57:11 com_github_MitjaNemec_ReplicateLayout.replicate_layout 990:Src text UUid:0739365c-df74-44fd-a386-04c3841e72b1
11-12 22:57:11 com_github_MitjaNemec_ReplicateLayout.replicate_layout 991:Dst text UUid:e6502e5f-56fe-41f0-95f6-7eb21949d24e
11-12 22:57:11 com_github_MitjaNemec_ReplicateLayout.replicate_layout 990:Src text UUid:5d666820-e369-4ddd-b676-a3f134ad7960
11-12 22:57:11 com_github_MitjaNemec_ReplicateLayout.replicate_layout 991:Dst text UUid:8cb53edd-04c8-498a-b5e4-e20b9ba8a098
11-12 22:57:11 com_github_MitjaNemec_ReplicateLayout.replicate_layout 888:Replicating footprint: 'LED144'
11-12 22:57:11 com_github_MitjaNemec_ReplicateLayout.replicate_layout 835:Src fp.id: '0810E186-22BD-4094-A943-28056DB37E18'
11-12 22:57:11 com_github_MitjaNemec_ReplicateLayout.replicate_layout 839:Dst fp.id: '0810E186-22BD-4094-A943-28056DB37E18'
11-12 22:57:11 com_github_MitjaNemec_ReplicateLayout.replicate_layout 895:found match in dst footprint: 'LED252'
11-12 22:57:11 com_github_MitjaNemec_ReplicateLayout.replicate_layout 990:Src text UUid:d4f51115-0b40-4019-a418-64c3b5390a72
11-12 22:57:11 com_github_MitjaNemec_ReplicateLayout.replicate_layout 991:Dst text UUid:ae6da259-ed34-4ce8-8afb-4f44d5cea1d6
11-12 22:57:11 com_github_MitjaNemec_ReplicateLayout.replicate_layout 990:Src text UUid:0ff00c33-2d97-415c-a383-5b222a06a46e
11-12 22:57:11 com_github_MitjaNemec_ReplicateLayout.replicate_layout 991:Dst text UUid:921932f8-93f4-40b5-a785-839f5c9fa421
11-12 22:57:11 com_github_MitjaNemec_ReplicateLayout.replicate_layout 990:Src text UUid:dde8ebf1-c0d6-4c52-86e2-7e3a65d80d5a
11-12 22:57:11 com_github_MitjaNemec_ReplicateLayout.replicate_layout 991:Dst text UUid:c5004f0d-6eb5-429b-b928-fb84656f1ac7
11-12 22:57:11 com_github_MitjaNemec_ReplicateLayout.replicate_layout 870:Replicating footprints on sheet ['Top', 'LEDs_Bottom', 'LEDS_discreet7', 'LED_single1']
11-12 22:57:11 com_github_MitjaNemec_ReplicateLayout.replicate_layout 835:Src fp.id: '0C09B42A-D4DF-4F87-AFF4-5296AF118FDF'
11-12 22:57:11 com_github_MitjaNemec_ReplicateLayout.replicate_layout 839:Dst fp.id: '0C09B42A-D4DF-4F87-AFF4-5296AF118FDF'
11-12 22:57:11 com_github_MitjaNemec_ReplicateLayout.replicate_layout 888:Replicating footprint: 'U153'
11-12 22:57:11 com_github_MitjaNemec_ReplicateLayout.replicate_layout 835:Src fp.id: 'EB896E0D-DC1C-402A-A83E-7193E291B78E'
11-12 22:57:11 com_github_MitjaNemec_ReplicateLayout.replicate_layout 839:Dst fp.id: 'EB896E0D-DC1C-402A-A83E-7193E291B78E'
11-12 22:57:11 com_github_MitjaNemec_ReplicateLayout.replicate_layout 895:found match in dst footprint: 'U234'
11-12 22:57:11 com_github_MitjaNemec_ReplicateLayout.replicate_layout 990:Src text UUid:110b3224-b357-4118-9c08-b3fded705e4b
11-12 22:57:11 com_github_MitjaNemec_ReplicateLayout.replicate_layout 991:Dst text UUid:88ee1d4a-5be9-45cf-8aa1-5df41c87365f
11-12 22:57:11 com_github_MitjaNemec_ReplicateLayout.replicate_layout 990:Src text UUid:b9e7f770-21cd-4948-9662-6e0ac7df885e
11-12 22:57:11 com_github_MitjaNemec_ReplicateLayout.replicate_layout 991:Dst text UUid:e249b72d-c8e3-432d-afaa-436aac850101
11-12 22:57:11 com_github_MitjaNemec_ReplicateLayout.replicate_layout 990:Src text UUid:eaba7cf7-101e-4672-ad3c-d50ac347e980
11-12 22:57:11 com_github_MitjaNemec_ReplicateLayout.replicate_layout 991:Dst text UUid:919c653c-dc8b-4ea6-aa83-188cc3c992bb
11-12 22:57:11 com_github_MitjaNemec_ReplicateLayout.replicate_layout 888:Replicating footprint: 'R196'
11-12 22:57:11 com_github_MitjaNemec_ReplicateLayout.replicate_layout 835:Src fp.id: '28A8D9BC-2140-4FD7-9BA9-4E17A2CADB20'
11-12 22:57:11 com_github_MitjaNemec_ReplicateLayout.replicate_layout 839:Dst fp.id: '28A8D9BC-2140-4FD7-9BA9-4E17A2CADB20'
11-12 22:57:11 com_github_MitjaNemec_ReplicateLayout.replicate_layout 895:found match in dst footprint: 'R307'
11-12 22:57:11 com_github_MitjaNemec_ReplicateLayout.replicate_layout 990:Src text UUid:10a75789-866c-466a-b99e-1669393a4dc9
11-12 22:57:11 com_github_MitjaNemec_ReplicateLayout.replicate_layout 991:Dst text UUid:0bc6e41d-66d0-41ed-80dd-a9806fcde936
11-12 22:57:11 com_github_MitjaNemec_ReplicateLayout.replicate_layout 990:Src text UUid:26f5deef-302c-459b-9fc1-9a4618773440
11-12 22:57:11 com_github_MitjaNemec_ReplicateLayout.replicate_layout 991:Dst text UUid:bc31b585-aa86-4038-a640-1d209cf6145e
11-12 22:57:11 com_github_MitjaNemec_ReplicateLayout.replicate_layout 990:Src text UUid:a58fc8cd-c2ef-4a2e-8f35-9edf2c2f6adb
11-12 22:57:11 com_github_MitjaNemec_ReplicateLayout.replicate_layout 991:Dst text UUid:7cbe57ac-6bd7-4e9c-a9d9-a30444f08e9b
11-12 22:57:11 com_github_MitjaNemec_ReplicateLayout.replicate_layout 888:Replicating footprint: 'R197'
11-12 22:57:11 com_github_MitjaNemec_ReplicateLayout.replicate_layout 835:Src fp.id: '55391442-DACB-4265-94E5-89EFFD14C302'
11-12 22:57:11 com_github_MitjaNemec_ReplicateLayout.replicate_layout 839:Dst fp.id: '55391442-DACB-4265-94E5-89EFFD14C302'
11-12 22:57:11 com_github_MitjaNemec_ReplicateLayout.replicate_layout 895:found match in dst footprint: 'R308'
11-12 22:57:11 com_github_MitjaNemec_ReplicateLayout.replicate_layout 990:Src text UUid:6cd10716-af31-44d4-bad9-a9da97fd4924
11-12 22:57:11 com_github_MitjaNemec_ReplicateLayout.replicate_layout 991:Dst text UUid:728d1496-5ede-4140-b5e9-1d326adf8c3d
11-12 22:57:11 com_github_MitjaNemec_ReplicateLayout.replicate_layout 990:Src text UUid:65380ce8-601c-4762-983f-4bdb6ed67bde
11-12 22:57:11 com_github_MitjaNemec_ReplicateLayout.replicate_layout 991:Dst text UUid:ee7c8d81-1b33-4b87-adcb-68448ed038e5
11-12 22:57:11 com_github_MitjaNemec_ReplicateLayout.replicate_layout 990:Src text UUid:94d012b9-077f-436c-a4d8-e5bb00c165ba
11-12 22:57:11 com_github_MitjaNemec_ReplicateLayout.replicate_layout 991:Dst text UUid:8e510213-fb56-4f9b-8b0f-6bc97459983b
11-12 22:57:11 com_github_MitjaNemec_ReplicateLayout.replicate_layout 888:Replicating footprint: 'U152'
11-12 22:57:11 com_github_MitjaNemec_ReplicateLayout.replicate_layout 835:Src fp.id: '62B3827C-A320-4AD6-A424-1485EF65900D'
11-12 22:57:11 com_github_MitjaNemec_ReplicateLayout.replicate_layout 839:Dst fp.id: '62B3827C-A320-4AD6-A424-1485EF65900D'
11-12 22:57:11 com_github_MitjaNemec_ReplicateLayout.replicate_layout 895:found match in dst footprint: 'U233'
11-12 22:57:11 com_github_MitjaNemec_ReplicateLayout.replicate_layout 990:Src text UUid:c50c72b1-94e3-4159-a219-37f741e82a7c
11-12 22:57:11 com_github_MitjaNemec_ReplicateLayout.replicate_layout 991:Dst text UUid:cfcb467a-b538-4733-9ba7-a1e0618589da
11-12 22:57:11 com_github_MitjaNemec_ReplicateLayout.replicate_layout 990:Src text UUid:292e74a5-6b55-4359-be57-8b0026051126
11-12 22:57:11 com_github_MitjaNemec_ReplicateLayout.replicate_layout 991:Dst text UUid:b8e53ee3-09ee-46b7-a2f1-aaf11507ef76
11-12 22:57:11 com_github_MitjaNemec_ReplicateLayout.replicate_layout 990:Src text UUid:22c9f63c-bdf9-47e9-ae01-74d81cfbd908
11-12 22:57:11 com_github_MitjaNemec_ReplicateLayout.replicate_layout 991:Dst text UUid:71681dd3-b9d8-4d4d-9899-4142dfecacd5
11-12 22:57:11 com_github_MitjaNemec_ReplicateLayout.replicate_layout 888:Replicating footprint: 'R198'
11-12 22:57:11 com_github_MitjaNemec_ReplicateLayout.replicate_layout 835:Src fp.id: '2D77C678-F455-47D6-93BD-3ED95A089C96'
11-12 22:57:11 com_github_MitjaNemec_ReplicateLayout.replicate_layout 839:Dst fp.id: '2D77C678-F455-47D6-93BD-3ED95A089C96'
11-12 22:57:11 com_github_MitjaNemec_ReplicateLayout.replicate_layout 895:found match in dst footprint: 'R309'
11-12 22:57:11 com_github_MitjaNemec_ReplicateLayout.replicate_layout 990:Src text UUid:026024b2-ee3d-495c-b376-571543d60a54
11-12 22:57:11 com_github_MitjaNemec_ReplicateLayout.replicate_layout 991:Dst text UUid:ba5ef21f-677a-46d2-b43b-aadcf8d1567e
11-12 22:57:11 com_github_MitjaNemec_ReplicateLayout.replicate_layout 990:Src text UUid:23dd6946-9981-4c83-9d25-050d5e9bece6
11-12 22:57:11 com_github_MitjaNemec_ReplicateLayout.replicate_layout 991:Dst text UUid:b8b4bf8f-fc56-4ca9-a43e-32c486216305
11-12 22:57:11 com_github_MitjaNemec_ReplicateLayout.replicate_layout 990:Src text UUid:8cb67b8b-8668-4222-8264-d0248233162e
11-12 22:57:11 com_github_MitjaNemec_ReplicateLayout.replicate_layout 991:Dst text UUid:c63fa68c-a373-4aa7-b759-1e38d4627145
11-12 22:57:11 com_github_MitjaNemec_ReplicateLayout.replicate_layout 888:Replicating footprint: 'LED143'
11-12 22:57:11 root 345:updating GUI with: 90
11-12 22:57:11 com_github_MitjaNemec_ReplicateLayout.replicate_layout 835:Src fp.id: '2ABC1D4C-0E8C-4F90-9BF0-DF151C3D99F0'
11-12 22:57:11 com_github_MitjaNemec_ReplicateLayout.replicate_layout 839:Dst fp.id: '2ABC1D4C-0E8C-4F90-9BF0-DF151C3D99F0'
11-12 22:57:11 com_github_MitjaNemec_ReplicateLayout.replicate_layout 895:found match in dst footprint: 'LED254'
11-12 22:57:11 com_github_MitjaNemec_ReplicateLayout.replicate_layout 990:Src text UUid:cb110f2a-a8eb-4aca-b5bc-ff7ccb902aef
11-12 22:57:11 com_github_MitjaNemec_ReplicateLayout.replicate_layout 991:Dst text UUid:ed259cdb-aa01-45d3-a9fc-ad523e58b84f
11-12 22:57:11 com_github_MitjaNemec_ReplicateLayout.replicate_layout 990:Src text UUid:cbc54092-ef49-4a91-b324-f6377248bdf9
11-12 22:57:11 com_github_MitjaNemec_ReplicateLayout.replicate_layout 991:Dst text UUid:96dccbb5-3ba6-4aed-adf8-8ece02b0db7a
11-12 22:57:11 com_github_MitjaNemec_ReplicateLayout.replicate_layout 990:Src text UUid:a432e7aa-3bd5-4cba-b765-9f5f9481582e
11-12 22:57:11 com_github_MitjaNemec_ReplicateLayout.replicate_layout 991:Dst text UUid:427c734a-e726-4bbb-bd3b-8a37b6dc6676
11-12 22:57:11 com_github_MitjaNemec_ReplicateLayout.replicate_layout 888:Replicating footprint: 'LED142'
11-12 22:57:11 com_github_MitjaNemec_ReplicateLayout.replicate_layout 835:Src fp.id: '0C09B42A-D4DF-4F87-AFF4-5296AF118FDF'
11-12 22:57:11 com_github_MitjaNemec_ReplicateLayout.replicate_layout 839:Dst fp.id: '0C09B42A-D4DF-4F87-AFF4-5296AF118FDF'
11-12 22:57:11 com_github_MitjaNemec_ReplicateLayout.replicate_layout 895:found match in dst footprint: 'LED253'
11-12 22:57:11 com_github_MitjaNemec_ReplicateLayout.replicate_layout 990:Src text UUid:9463e9d6-02d6-4857-9f39-9338e5245ef5
11-12 22:57:11 com_github_MitjaNemec_ReplicateLayout.replicate_layout 991:Dst text UUid:9f16eab3-a3b7-456f-8d58-f72786fa0fd7
11-12 22:57:11 com_github_MitjaNemec_ReplicateLayout.replicate_layout 990:Src text UUid:0739365c-df74-44fd-a386-04c3841e72b1
11-12 22:57:11 com_github_MitjaNemec_ReplicateLayout.replicate_layout 991:Dst text UUid:55f4fb92-0194-4bf3-9abe-8ce432acff35
11-12 22:57:11 com_github_MitjaNemec_ReplicateLayout.replicate_layout 990:Src text UUid:5d666820-e369-4ddd-b676-a3f134ad7960
11-12 22:57:11 com_github_MitjaNemec_ReplicateLayout.replicate_layout 991:Dst text UUid:3e6ada59-da40-4f0e-adc5-b739af01222a
11-12 22:57:11 com_github_MitjaNemec_ReplicateLayout.replicate_layout 888:Replicating footprint: 'LED144'
11-12 22:57:11 com_github_MitjaNemec_ReplicateLayout.replicate_layout 835:Src fp.id: '0810E186-22BD-4094-A943-28056DB37E18'
11-12 22:57:11 com_github_MitjaNemec_ReplicateLayout.replicate_layout 839:Dst fp.id: '0810E186-22BD-4094-A943-28056DB37E18'
11-12 22:57:11 com_github_MitjaNemec_ReplicateLayout.replicate_layout 895:found match in dst footprint: 'LED255'
11-12 22:57:11 com_github_MitjaNemec_ReplicateLayout.replicate_layout 990:Src text UUid:d4f51115-0b40-4019-a418-64c3b5390a72
11-12 22:57:11 com_github_MitjaNemec_ReplicateLayout.replicate_layout 991:Dst text UUid:0202febf-2084-472f-9a06-e4eec22bf493
11-12 22:57:11 com_github_MitjaNemec_ReplicateLayout.replicate_layout 990:Src text UUid:0ff00c33-2d97-415c-a383-5b222a06a46e
11-12 22:57:11 com_github_MitjaNemec_ReplicateLayout.replicate_layout 991:Dst text UUid:1ef06416-6c44-498e-9c0d-e737b664f4a9
11-12 22:57:11 com_github_MitjaNemec_ReplicateLayout.replicate_layout 990:Src text UUid:dde8ebf1-c0d6-4c52-86e2-7e3a65d80d5a
11-12 22:57:11 com_github_MitjaNemec_ReplicateLayout.replicate_layout 991:Dst text UUid:85bf5aac-4b6f-40d9-8691-f66f04bbd1cd
11-12 22:57:11 com_github_MitjaNemec_ReplicateLayout.replicate_layout 870:Replicating footprints on sheet ['Top', 'LEDs_Bottom', 'LEDS_discreet7', 'LED_single2']
11-12 22:57:11 com_github_MitjaNemec_ReplicateLayout.replicate_layout 835:Src fp.id: '0C09B42A-D4DF-4F87-AFF4-5296AF118FDF'
11-12 22:57:11 com_github_MitjaNemec_ReplicateLayout.replicate_layout 839:Dst fp.id: '0C09B42A-D4DF-4F87-AFF4-5296AF118FDF'
11-12 22:57:11 com_github_MitjaNemec_ReplicateLayout.replicate_layout 888:Replicating footprint: 'U153'
11-12 22:57:11 com_github_MitjaNemec_ReplicateLayout.replicate_layout 835:Src fp.id: 'EB896E0D-DC1C-402A-A83E-7193E291B78E'
11-12 22:57:11 com_github_MitjaNemec_ReplicateLayout.replicate_layout 839:Dst fp.id: 'EB896E0D-DC1C-402A-A83E-7193E291B78E'
11-12 22:57:11 com_github_MitjaNemec_ReplicateLayout.replicate_layout 895:found match in dst footprint: 'U236'
11-12 22:57:11 com_github_MitjaNemec_ReplicateLayout.replicate_layout 990:Src text UUid:110b3224-b357-4118-9c08-b3fded705e4b
11-12 22:57:11 com_github_MitjaNemec_ReplicateLayout.replicate_layout 991:Dst text UUid:3bc8361c-939d-4dca-8e59-6dcd4b339dba
11-12 22:57:11 com_github_MitjaNemec_ReplicateLayout.replicate_layout 990:Src text UUid:b9e7f770-21cd-4948-9662-6e0ac7df885e
11-12 22:57:11 com_github_MitjaNemec_ReplicateLayout.replicate_layout 991:Dst text UUid:9819b70f-14fd-4606-8409-b0dd8723cc8c
11-12 22:57:11 com_github_MitjaNemec_ReplicateLayout.replicate_layout 990:Src text UUid:eaba7cf7-101e-4672-ad3c-d50ac347e980
11-12 22:57:11 com_github_MitjaNemec_ReplicateLayout.replicate_layout 991:Dst text UUid:d37e26c6-501b-4942-a43b-e9f61e5d22b7
11-12 22:57:11 com_github_MitjaNemec_ReplicateLayout.replicate_layout 888:Replicating footprint: 'R196'
11-12 22:57:11 com_github_MitjaNemec_ReplicateLayout.replicate_layout 835:Src fp.id: '28A8D9BC-2140-4FD7-9BA9-4E17A2CADB20'
11-12 22:57:11 com_github_MitjaNemec_ReplicateLayout.replicate_layout 839:Dst fp.id: '28A8D9BC-2140-4FD7-9BA9-4E17A2CADB20'
11-12 22:57:11 com_github_MitjaNemec_ReplicateLayout.replicate_layout 895:found match in dst footprint: 'R310'
11-12 22:57:11 com_github_MitjaNemec_ReplicateLayout.replicate_layout 990:Src text UUid:10a75789-866c-466a-b99e-1669393a4dc9
11-12 22:57:11 com_github_MitjaNemec_ReplicateLayout.replicate_layout 991:Dst text UUid:1d3c8dc7-bce6-426e-8dd6-084aff5c2b98
11-12 22:57:11 com_github_MitjaNemec_ReplicateLayout.replicate_layout 990:Src text UUid:26f5deef-302c-459b-9fc1-9a4618773440
11-12 22:57:11 com_github_MitjaNemec_ReplicateLayout.replicate_layout 991:Dst text UUid:5cd8f363-11d1-4337-bf2d-5181bcdb23b0
11-12 22:57:11 com_github_MitjaNemec_ReplicateLayout.replicate_layout 990:Src text UUid:a58fc8cd-c2ef-4a2e-8f35-9edf2c2f6adb
11-12 22:57:11 com_github_MitjaNemec_ReplicateLayout.replicate_layout 991:Dst text UUid:a12d3526-e7bf-42ba-863f-616df955fb74
11-12 22:57:11 com_github_MitjaNemec_ReplicateLayout.replicate_layout 888:Replicating footprint: 'R197'
11-12 22:57:11 com_github_MitjaNemec_ReplicateLayout.replicate_layout 835:Src fp.id: '55391442-DACB-4265-94E5-89EFFD14C302'
11-12 22:57:11 com_github_MitjaNemec_ReplicateLayout.replicate_layout 839:Dst fp.id: '55391442-DACB-4265-94E5-89EFFD14C302'
11-12 22:57:11 com_github_MitjaNemec_ReplicateLayout.replicate_layout 895:found match in dst footprint: 'R311'
11-12 22:57:11 com_github_MitjaNemec_ReplicateLayout.replicate_layout 990:Src text UUid:6cd10716-af31-44d4-bad9-a9da97fd4924
11-12 22:57:11 com_github_MitjaNemec_ReplicateLayout.replicate_layout 991:Dst text UUid:9ea5d897-7179-48b2-bf1a-9365a9a3e2de
11-12 22:57:11 com_github_MitjaNemec_ReplicateLayout.replicate_layout 990:Src text UUid:65380ce8-601c-4762-983f-4bdb6ed67bde
11-12 22:57:11 com_github_MitjaNemec_ReplicateLayout.replicate_layout 991:Dst text UUid:79cf520d-1f8a-4971-81c4-27023e50e228
11-12 22:57:11 com_github_MitjaNemec_ReplicateLayout.replicate_layout 990:Src text UUid:94d012b9-077f-436c-a4d8-e5bb00c165ba
11-12 22:57:11 com_github_MitjaNemec_ReplicateLayout.replicate_layout 991:Dst text UUid:66d102f8-258d-4781-a302-3bc811d01ce3
11-12 22:57:11 com_github_MitjaNemec_ReplicateLayout.replicate_layout 888:Replicating footprint: 'U152'
11-12 22:57:11 com_github_MitjaNemec_ReplicateLayout.replicate_layout 835:Src fp.id: '62B3827C-A320-4AD6-A424-1485EF65900D'
11-12 22:57:11 com_github_MitjaNemec_ReplicateLayout.replicate_layout 839:Dst fp.id: '62B3827C-A320-4AD6-A424-1485EF65900D'
11-12 22:57:11 com_github_MitjaNemec_ReplicateLayout.replicate_layout 895:found match in dst footprint: 'U235'
11-12 22:57:11 com_github_MitjaNemec_ReplicateLayout.replicate_layout 990:Src text UUid:c50c72b1-94e3-4159-a219-37f741e82a7c
11-12 22:57:11 com_github_MitjaNemec_ReplicateLayout.replicate_layout 991:Dst text UUid:87ba7630-2164-4d20-b83a-e806315eb85d
11-12 22:57:11 com_github_MitjaNemec_ReplicateLayout.replicate_layout 990:Src text UUid:292e74a5-6b55-4359-be57-8b0026051126
11-12 22:57:11 com_github_MitjaNemec_ReplicateLayout.replicate_layout 991:Dst text UUid:a526a5c7-8f25-4a2c-9407-02dd864f6905
11-12 22:57:11 com_github_MitjaNemec_ReplicateLayout.replicate_layout 990:Src text UUid:22c9f63c-bdf9-47e9-ae01-74d81cfbd908
11-12 22:57:11 com_github_MitjaNemec_ReplicateLayout.replicate_layout 991:Dst text UUid:3af9009c-6b44-4df0-825f-9d4318c789c8
11-12 22:57:11 com_github_MitjaNemec_ReplicateLayout.replicate_layout 888:Replicating footprint: 'R198'
11-12 22:57:11 com_github_MitjaNemec_ReplicateLayout.replicate_layout 835:Src fp.id: '2D77C678-F455-47D6-93BD-3ED95A089C96'
11-12 22:57:11 com_github_MitjaNemec_ReplicateLayout.replicate_layout 839:Dst fp.id: '2D77C678-F455-47D6-93BD-3ED95A089C96'
11-12 22:57:11 com_github_MitjaNemec_ReplicateLayout.replicate_layout 895:found match in dst footprint: 'R312'
11-12 22:57:11 com_github_MitjaNemec_ReplicateLayout.replicate_layout 990:Src text UUid:026024b2-ee3d-495c-b376-571543d60a54
11-12 22:57:11 com_github_MitjaNemec_ReplicateLayout.replicate_layout 991:Dst text UUid:8f1ffc18-cb54-4488-a0b8-5543740da627
11-12 22:57:11 com_github_MitjaNemec_ReplicateLayout.replicate_layout 990:Src text UUid:23dd6946-9981-4c83-9d25-050d5e9bece6
11-12 22:57:11 com_github_MitjaNemec_ReplicateLayout.replicate_layout 991:Dst text UUid:9ba8d6f7-7479-4394-a563-e990c1302ba0
11-12 22:57:11 com_github_MitjaNemec_ReplicateLayout.replicate_layout 990:Src text UUid:8cb67b8b-8668-4222-8264-d0248233162e
11-12 22:57:11 com_github_MitjaNemec_ReplicateLayout.replicate_layout 991:Dst text UUid:48b6b60f-a4ef-4de1-b942-f8292efa52a7
11-12 22:57:11 com_github_MitjaNemec_ReplicateLayout.replicate_layout 888:Replicating footprint: 'LED143'
11-12 22:57:11 com_github_MitjaNemec_ReplicateLayout.replicate_layout 835:Src fp.id: '2ABC1D4C-0E8C-4F90-9BF0-DF151C3D99F0'
11-12 22:57:11 com_github_MitjaNemec_ReplicateLayout.replicate_layout 839:Dst fp.id: '2ABC1D4C-0E8C-4F90-9BF0-DF151C3D99F0'
11-12 22:57:11 com_github_MitjaNemec_ReplicateLayout.replicate_layout 895:found match in dst footprint: 'LED257'
11-12 22:57:11 com_github_MitjaNemec_ReplicateLayout.replicate_layout 990:Src text UUid:cb110f2a-a8eb-4aca-b5bc-ff7ccb902aef
11-12 22:57:11 com_github_MitjaNemec_ReplicateLayout.replicate_layout 991:Dst text UUid:3a054c4c-96cf-4fbf-8813-b1db8f199832
11-12 22:57:11 com_github_MitjaNemec_ReplicateLayout.replicate_layout 990:Src text UUid:cbc54092-ef49-4a91-b324-f6377248bdf9
11-12 22:57:11 com_github_MitjaNemec_ReplicateLayout.replicate_layout 991:Dst text UUid:5cd9adaa-0671-4267-8d57-3d8b2330f270
11-12 22:57:11 com_github_MitjaNemec_ReplicateLayout.replicate_layout 990:Src text UUid:a432e7aa-3bd5-4cba-b765-9f5f9481582e
11-12 22:57:11 com_github_MitjaNemec_ReplicateLayout.replicate_layout 991:Dst text UUid:f4093593-c2ef-4560-a3c6-f57213f9fa7a
11-12 22:57:11 com_github_MitjaNemec_ReplicateLayout.replicate_layout 888:Replicating footprint: 'LED142'
11-12 22:57:11 com_github_MitjaNemec_ReplicateLayout.replicate_layout 835:Src fp.id: '0C09B42A-D4DF-4F87-AFF4-5296AF118FDF'
11-12 22:57:11 com_github_MitjaNemec_ReplicateLayout.replicate_layout 839:Dst fp.id: '0C09B42A-D4DF-4F87-AFF4-5296AF118FDF'
11-12 22:57:11 com_github_MitjaNemec_ReplicateLayout.replicate_layout 895:found match in dst footprint: 'LED256'
11-12 22:57:11 com_github_MitjaNemec_ReplicateLayout.replicate_layout 990:Src text UUid:9463e9d6-02d6-4857-9f39-9338e5245ef5
11-12 22:57:11 com_github_MitjaNemec_ReplicateLayout.replicate_layout 991:Dst text UUid:22bbfb21-e0ac-4fdc-94c1-93f89756a608
11-12 22:57:11 com_github_MitjaNemec_ReplicateLayout.replicate_layout 990:Src text UUid:0739365c-df74-44fd-a386-04c3841e72b1
11-12 22:57:11 com_github_MitjaNemec_ReplicateLayout.replicate_layout 991:Dst text UUid:09adcd81-ee9e-4fd9-860f-7ab0df50b660
11-12 22:57:11 com_github_MitjaNemec_ReplicateLayout.replicate_layout 990:Src text UUid:5d666820-e369-4ddd-b676-a3f134ad7960
11-12 22:57:11 com_github_MitjaNemec_ReplicateLayout.replicate_layout 991:Dst text UUid:1faa26ea-eb40-4bf4-bf13-ad4252ba6675
11-12 22:57:11 com_github_MitjaNemec_ReplicateLayout.replicate_layout 888:Replicating footprint: 'LED144'
11-12 22:57:11 com_github_MitjaNemec_ReplicateLayout.replicate_layout 835:Src fp.id: '0810E186-22BD-4094-A943-28056DB37E18'
11-12 22:57:11 com_github_MitjaNemec_ReplicateLayout.replicate_layout 839:Dst fp.id: '0810E186-22BD-4094-A943-28056DB37E18'
11-12 22:57:11 com_github_MitjaNemec_ReplicateLayout.replicate_layout 895:found match in dst footprint: 'LED258'
11-12 22:57:11 com_github_MitjaNemec_ReplicateLayout.replicate_layout 990:Src text UUid:d4f51115-0b40-4019-a418-64c3b5390a72
11-12 22:57:11 com_github_MitjaNemec_ReplicateLayout.replicate_layout 991:Dst text UUid:4dcb2e64-77bc-4b19-94cb-9e3a91cd77a1
11-12 22:57:11 com_github_MitjaNemec_ReplicateLayout.replicate_layout 990:Src text UUid:0ff00c33-2d97-415c-a383-5b222a06a46e
11-12 22:57:11 com_github_MitjaNemec_ReplicateLayout.replicate_layout 991:Dst text UUid:3f5758a5-31a9-4f0d-bf3b-01ab7b471e06
11-12 22:57:11 com_github_MitjaNemec_ReplicateLayout.replicate_layout 990:Src text UUid:dde8ebf1-c0d6-4c52-86e2-7e3a65d80d5a
11-12 22:57:11 com_github_MitjaNemec_ReplicateLayout.replicate_layout 991:Dst text UUid:22a173ee-c34c-4a70-b329-84a40fc46a5d
11-12 22:57:11 com_github_MitjaNemec_ReplicateLayout.replicate_layout 870:Replicating footprints on sheet ['Top', 'LEDs_Bottom', 'LEDS_discreet7', 'LED_single3']
11-12 22:57:11 com_github_MitjaNemec_ReplicateLayout.replicate_layout 835:Src fp.id: '0C09B42A-D4DF-4F87-AFF4-5296AF118FDF'
11-12 22:57:11 com_github_MitjaNemec_ReplicateLayout.replicate_layout 839:Dst fp.id: '0C09B42A-D4DF-4F87-AFF4-5296AF118FDF'
11-12 22:57:11 com_github_MitjaNemec_ReplicateLayout.replicate_layout 888:Replicating footprint: 'U153'
11-12 22:57:11 com_github_MitjaNemec_ReplicateLayout.replicate_layout 835:Src fp.id: 'EB896E0D-DC1C-402A-A83E-7193E291B78E'
11-12 22:57:11 com_github_MitjaNemec_ReplicateLayout.replicate_layout 839:Dst fp.id: 'EB896E0D-DC1C-402A-A83E-7193E291B78E'
11-12 22:57:11 com_github_MitjaNemec_ReplicateLayout.replicate_layout 895:found match in dst footprint: 'U238'
11-12 22:57:11 com_github_MitjaNemec_ReplicateLayout.replicate_layout 990:Src text UUid:110b3224-b357-4118-9c08-b3fded705e4b
11-12 22:57:11 com_github_MitjaNemec_ReplicateLayout.replicate_layout 991:Dst text UUid:a885cdf2-b6f7-4ed5-a68b-997ddda8837b
11-12 22:57:11 com_github_MitjaNemec_ReplicateLayout.replicate_layout 990:Src text UUid:b9e7f770-21cd-4948-9662-6e0ac7df885e
11-12 22:57:11 com_github_MitjaNemec_ReplicateLayout.replicate_layout 991:Dst text UUid:60e3e62d-b9d1-446b-aeac-70c8ea47112d
11-12 22:57:11 com_github_MitjaNemec_ReplicateLayout.replicate_layout 990:Src text UUid:eaba7cf7-101e-4672-ad3c-d50ac347e980
11-12 22:57:11 com_github_MitjaNemec_ReplicateLayout.replicate_layout 991:Dst text UUid:912b741f-e7e3-45fe-afa7-62312e487dc3
11-12 22:57:11 com_github_MitjaNemec_ReplicateLayout.replicate_layout 888:Replicating footprint: 'R196'
11-12 22:57:11 com_github_MitjaNemec_ReplicateLayout.replicate_layout 835:Src fp.id: '28A8D9BC-2140-4FD7-9BA9-4E17A2CADB20'
11-12 22:57:11 com_github_MitjaNemec_ReplicateLayout.replicate_layout 839:Dst fp.id: '28A8D9BC-2140-4FD7-9BA9-4E17A2CADB20'
11-12 22:57:11 com_github_MitjaNemec_ReplicateLayout.replicate_layout 895:found match in dst footprint: 'R313'
11-12 22:57:11 com_github_MitjaNemec_ReplicateLayout.replicate_layout 990:Src text UUid:10a75789-866c-466a-b99e-1669393a4dc9
11-12 22:57:11 com_github_MitjaNemec_ReplicateLayout.replicate_layout 991:Dst text UUid:12badfd2-b6e1-4a4f-bab6-8c4c3f5714d2
11-12 22:57:11 com_github_MitjaNemec_ReplicateLayout.replicate_layout 990:Src text UUid:26f5deef-302c-459b-9fc1-9a4618773440
11-12 22:57:11 com_github_MitjaNemec_ReplicateLayout.replicate_layout 991:Dst text UUid:51535db5-5a95-4e48-bb7f-e929fd96d53c
11-12 22:57:11 com_github_MitjaNemec_ReplicateLayout.replicate_layout 990:Src text UUid:a58fc8cd-c2ef-4a2e-8f35-9edf2c2f6adb
11-12 22:57:11 com_github_MitjaNemec_ReplicateLayout.replicate_layout 991:Dst text UUid:540b5492-3878-4160-a658-744d6cc09289
11-12 22:57:11 com_github_MitjaNemec_ReplicateLayout.replicate_layout 888:Replicating footprint: 'R197'
11-12 22:57:11 com_github_MitjaNemec_ReplicateLayout.replicate_layout 835:Src fp.id: '55391442-DACB-4265-94E5-89EFFD14C302'
11-12 22:57:11 com_github_MitjaNemec_ReplicateLayout.replicate_layout 839:Dst fp.id: '55391442-DACB-4265-94E5-89EFFD14C302'
11-12 22:57:11 com_github_MitjaNemec_ReplicateLayout.replicate_layout 895:found match in dst footprint: 'R314'
11-12 22:57:11 com_github_MitjaNemec_ReplicateLayout.replicate_layout 990:Src text UUid:6cd10716-af31-44d4-bad9-a9da97fd4924
11-12 22:57:11 com_github_MitjaNemec_ReplicateLayout.replicate_layout 991:Dst text UUid:7cf3e713-9bc1-4d27-9ec5-83dcc83ba290
11-12 22:57:11 com_github_MitjaNemec_ReplicateLayout.replicate_layout 990:Src text UUid:65380ce8-601c-4762-983f-4bdb6ed67bde
11-12 22:57:11 com_github_MitjaNemec_ReplicateLayout.replicate_layout 991:Dst text UUid:7b7d85cf-da59-4f89-b42f-e5f37fab273d
11-12 22:57:11 com_github_MitjaNemec_ReplicateLayout.replicate_layout 990:Src text UUid:94d012b9-077f-436c-a4d8-e5bb00c165ba
11-12 22:57:11 com_github_MitjaNemec_ReplicateLayout.replicate_layout 991:Dst text UUid:49ff4b1f-4d2b-45f9-880e-fa20347e31c3
11-12 22:57:11 com_github_MitjaNemec_ReplicateLayout.replicate_layout 888:Replicating footprint: 'U152'
11-12 22:57:11 com_github_MitjaNemec_ReplicateLayout.replicate_layout 835:Src fp.id: '62B3827C-A320-4AD6-A424-1485EF65900D'
11-12 22:57:11 com_github_MitjaNemec_ReplicateLayout.replicate_layout 839:Dst fp.id: '62B3827C-A320-4AD6-A424-1485EF65900D'
11-12 22:57:11 com_github_MitjaNemec_ReplicateLayout.replicate_layout 895:found match in dst footprint: 'U237'
11-12 22:57:11 com_github_MitjaNemec_ReplicateLayout.replicate_layout 990:Src text UUid:c50c72b1-94e3-4159-a219-37f741e82a7c
11-12 22:57:11 com_github_MitjaNemec_ReplicateLayout.replicate_layout 991:Dst text UUid:842fd965-0335-44b4-9bd2-09069ebdaac4
11-12 22:57:11 com_github_MitjaNemec_ReplicateLayout.replicate_layout 990:Src text UUid:292e74a5-6b55-4359-be57-8b0026051126
11-12 22:57:11 com_github_MitjaNemec_ReplicateLayout.replicate_layout 991:Dst text UUid:b6faf876-edd9-4422-8d01-ce14fef2a590
11-12 22:57:11 com_github_MitjaNemec_ReplicateLayout.replicate_layout 990:Src text UUid:22c9f63c-bdf9-47e9-ae01-74d81cfbd908
11-12 22:57:11 com_github_MitjaNemec_ReplicateLayout.replicate_layout 991:Dst text UUid:4025b4ff-7cbd-416e-8dec-d804888e8674
11-12 22:57:11 com_github_MitjaNemec_ReplicateLayout.replicate_layout 888:Replicating footprint: 'R198'
11-12 22:57:11 com_github_MitjaNemec_ReplicateLayout.replicate_layout 835:Src fp.id: '2D77C678-F455-47D6-93BD-3ED95A089C96'
11-12 22:57:11 com_github_MitjaNemec_ReplicateLayout.replicate_layout 839:Dst fp.id: '2D77C678-F455-47D6-93BD-3ED95A089C96'
11-12 22:57:11 com_github_MitjaNemec_ReplicateLayout.replicate_layout 895:found match in dst footprint: 'R315'
11-12 22:57:11 com_github_MitjaNemec_ReplicateLayout.replicate_layout 990:Src text UUid:026024b2-ee3d-495c-b376-571543d60a54
11-12 22:57:11 com_github_MitjaNemec_ReplicateLayout.replicate_layout 991:Dst text UUid:b09679a8-0b38-4fb5-95cb-f8ebe857445f
11-12 22:57:11 com_github_MitjaNemec_ReplicateLayout.replicate_layout 990:Src text UUid:23dd6946-9981-4c83-9d25-050d5e9bece6
11-12 22:57:11 com_github_MitjaNemec_ReplicateLayout.replicate_layout 991:Dst text UUid:6542b3c4-cdc2-46b5-8d8f-4b2c598b411d
11-12 22:57:11 com_github_MitjaNemec_ReplicateLayout.replicate_layout 990:Src text UUid:8cb67b8b-8668-4222-8264-d0248233162e
11-12 22:57:11 com_github_MitjaNemec_ReplicateLayout.replicate_layout 991:Dst text UUid:7bf250a4-a3b3-4dc7-90c8-26366c8853c6
11-12 22:57:11 com_github_MitjaNemec_ReplicateLayout.replicate_layout 888:Replicating footprint: 'LED143'
11-12 22:57:11 root 345:updating GUI with: 93
11-12 22:57:11 com_github_MitjaNemec_ReplicateLayout.replicate_layout 835:Src fp.id: '2ABC1D4C-0E8C-4F90-9BF0-DF151C3D99F0'
11-12 22:57:11 com_github_MitjaNemec_ReplicateLayout.replicate_layout 839:Dst fp.id: '2ABC1D4C-0E8C-4F90-9BF0-DF151C3D99F0'
11-12 22:57:11 com_github_MitjaNemec_ReplicateLayout.replicate_layout 895:found match in dst footprint: 'LED260'
11-12 22:57:11 com_github_MitjaNemec_ReplicateLayout.replicate_layout 990:Src text UUid:cb110f2a-a8eb-4aca-b5bc-ff7ccb902aef
11-12 22:57:11 com_github_MitjaNemec_ReplicateLayout.replicate_layout 991:Dst text UUid:3bf23a21-4cb2-4b0e-86c2-5ac81876248b
11-12 22:57:11 com_github_MitjaNemec_ReplicateLayout.replicate_layout 990:Src text UUid:cbc54092-ef49-4a91-b324-f6377248bdf9
11-12 22:57:11 com_github_MitjaNemec_ReplicateLayout.replicate_layout 991:Dst text UUid:411f4679-a4ce-4c3d-a1cf-c3d51946b98e
11-12 22:57:11 com_github_MitjaNemec_ReplicateLayout.replicate_layout 990:Src text UUid:a432e7aa-3bd5-4cba-b765-9f5f9481582e
11-12 22:57:11 com_github_MitjaNemec_ReplicateLayout.replicate_layout 991:Dst text UUid:2bbec5cf-6baa-40a7-a366-c43635b4f178
11-12 22:57:11 com_github_MitjaNemec_ReplicateLayout.replicate_layout 888:Replicating footprint: 'LED142'
11-12 22:57:11 com_github_MitjaNemec_ReplicateLayout.replicate_layout 835:Src fp.id: '0C09B42A-D4DF-4F87-AFF4-5296AF118FDF'
11-12 22:57:11 com_github_MitjaNemec_ReplicateLayout.replicate_layout 839:Dst fp.id: '0C09B42A-D4DF-4F87-AFF4-5296AF118FDF'
11-12 22:57:11 com_github_MitjaNemec_ReplicateLayout.replicate_layout 895:found match in dst footprint: 'LED259'
11-12 22:57:11 com_github_MitjaNemec_ReplicateLayout.replicate_layout 990:Src text UUid:9463e9d6-02d6-4857-9f39-9338e5245ef5
11-12 22:57:11 com_github_MitjaNemec_ReplicateLayout.replicate_layout 991:Dst text UUid:600a7717-39c4-42d1-aeea-44dd7db713c3
11-12 22:57:11 com_github_MitjaNemec_ReplicateLayout.replicate_layout 990:Src text UUid:0739365c-df74-44fd-a386-04c3841e72b1
11-12 22:57:11 com_github_MitjaNemec_ReplicateLayout.replicate_layout 991:Dst text UUid:1826875d-06a9-49c2-80e9-06d458bb6036
11-12 22:57:11 com_github_MitjaNemec_ReplicateLayout.replicate_layout 990:Src text UUid:5d666820-e369-4ddd-b676-a3f134ad7960
11-12 22:57:11 com_github_MitjaNemec_ReplicateLayout.replicate_layout 991:Dst text UUid:e2c479bf-e32c-4947-b112-47b47fba6fbe
11-12 22:57:11 com_github_MitjaNemec_ReplicateLayout.replicate_layout 888:Replicating footprint: 'LED144'
11-12 22:57:11 com_github_MitjaNemec_ReplicateLayout.replicate_layout 835:Src fp.id: '0810E186-22BD-4094-A943-28056DB37E18'
11-12 22:57:11 com_github_MitjaNemec_ReplicateLayout.replicate_layout 839:Dst fp.id: '0810E186-22BD-4094-A943-28056DB37E18'
11-12 22:57:11 com_github_MitjaNemec_ReplicateLayout.replicate_layout 895:found match in dst footprint: 'LED261'
11-12 22:57:11 com_github_MitjaNemec_ReplicateLayout.replicate_layout 990:Src text UUid:d4f51115-0b40-4019-a418-64c3b5390a72
11-12 22:57:11 com_github_MitjaNemec_ReplicateLayout.replicate_layout 991:Dst text UUid:08810150-8981-4d1c-a2a3-14520c7b623e
11-12 22:57:11 com_github_MitjaNemec_ReplicateLayout.replicate_layout 990:Src text UUid:0ff00c33-2d97-415c-a383-5b222a06a46e
11-12 22:57:11 com_github_MitjaNemec_ReplicateLayout.replicate_layout 991:Dst text UUid:a4b94bb9-07a4-4a18-b71c-789c0869e168
11-12 22:57:11 com_github_MitjaNemec_ReplicateLayout.replicate_layout 990:Src text UUid:dde8ebf1-c0d6-4c52-86e2-7e3a65d80d5a
11-12 22:57:11 com_github_MitjaNemec_ReplicateLayout.replicate_layout 991:Dst text UUid:187e18bb-70e4-439d-92dc-e4f4461571bc
11-12 22:57:11 com_github_MitjaNemec_ReplicateLayout.replicate_layout 870:Replicating footprints on sheet ['Top', 'LEDs_Bottom', 'LEDS_discreet8', 'LED_single']
11-12 22:57:11 com_github_MitjaNemec_ReplicateLayout.replicate_layout 835:Src fp.id: '0C09B42A-D4DF-4F87-AFF4-5296AF118FDF'
11-12 22:57:11 com_github_MitjaNemec_ReplicateLayout.replicate_layout 839:Dst fp.id: '0C09B42A-D4DF-4F87-AFF4-5296AF118FDF'
11-12 22:57:11 com_github_MitjaNemec_ReplicateLayout.replicate_layout 888:Replicating footprint: 'U153'
11-12 22:57:11 com_github_MitjaNemec_ReplicateLayout.replicate_layout 835:Src fp.id: 'EB896E0D-DC1C-402A-A83E-7193E291B78E'
11-12 22:57:11 com_github_MitjaNemec_ReplicateLayout.replicate_layout 839:Dst fp.id: 'EB896E0D-DC1C-402A-A83E-7193E291B78E'
11-12 22:57:11 com_github_MitjaNemec_ReplicateLayout.replicate_layout 895:found match in dst footprint: 'U250'
11-12 22:57:11 com_github_MitjaNemec_ReplicateLayout.replicate_layout 990:Src text UUid:110b3224-b357-4118-9c08-b3fded705e4b
11-12 22:57:11 com_github_MitjaNemec_ReplicateLayout.replicate_layout 991:Dst text UUid:23abcdcd-afe5-40cb-8cd1-856b1698fd95
11-12 22:57:11 com_github_MitjaNemec_ReplicateLayout.replicate_layout 990:Src text UUid:b9e7f770-21cd-4948-9662-6e0ac7df885e
11-12 22:57:11 com_github_MitjaNemec_ReplicateLayout.replicate_layout 991:Dst text UUid:d89d9735-3d35-4109-9db4-a9013b26b099
11-12 22:57:11 com_github_MitjaNemec_ReplicateLayout.replicate_layout 990:Src text UUid:eaba7cf7-101e-4672-ad3c-d50ac347e980
11-12 22:57:11 com_github_MitjaNemec_ReplicateLayout.replicate_layout 991:Dst text UUid:cbff1b9f-82c4-4524-9f9b-9ce5618d8c2d
11-12 22:57:11 com_github_MitjaNemec_ReplicateLayout.replicate_layout 888:Replicating footprint: 'R196'
11-12 22:57:11 com_github_MitjaNemec_ReplicateLayout.replicate_layout 835:Src fp.id: '28A8D9BC-2140-4FD7-9BA9-4E17A2CADB20'
11-12 22:57:11 com_github_MitjaNemec_ReplicateLayout.replicate_layout 839:Dst fp.id: '28A8D9BC-2140-4FD7-9BA9-4E17A2CADB20'
11-12 22:57:11 com_github_MitjaNemec_ReplicateLayout.replicate_layout 895:found match in dst footprint: 'R328'
11-12 22:57:11 com_github_MitjaNemec_ReplicateLayout.replicate_layout 990:Src text UUid:10a75789-866c-466a-b99e-1669393a4dc9
11-12 22:57:11 com_github_MitjaNemec_ReplicateLayout.replicate_layout 991:Dst text UUid:534e73c9-05e7-4a9a-a72c-fe7f9f100017
11-12 22:57:11 com_github_MitjaNemec_ReplicateLayout.replicate_layout 990:Src text UUid:26f5deef-302c-459b-9fc1-9a4618773440
11-12 22:57:11 com_github_MitjaNemec_ReplicateLayout.replicate_layout 991:Dst text UUid:7b4ebabf-eb2e-4bc6-8ffa-023168b1a6f4
11-12 22:57:11 com_github_MitjaNemec_ReplicateLayout.replicate_layout 990:Src text UUid:a58fc8cd-c2ef-4a2e-8f35-9edf2c2f6adb
11-12 22:57:11 com_github_MitjaNemec_ReplicateLayout.replicate_layout 991:Dst text UUid:1ff58453-d6cf-4187-8170-84fdd2937307
11-12 22:57:11 com_github_MitjaNemec_ReplicateLayout.replicate_layout 888:Replicating footprint: 'R197'
11-12 22:57:11 com_github_MitjaNemec_ReplicateLayout.replicate_layout 835:Src fp.id: '55391442-DACB-4265-94E5-89EFFD14C302'
11-12 22:57:11 com_github_MitjaNemec_ReplicateLayout.replicate_layout 839:Dst fp.id: '55391442-DACB-4265-94E5-89EFFD14C302'
11-12 22:57:11 com_github_MitjaNemec_ReplicateLayout.replicate_layout 895:found match in dst footprint: 'R329'
11-12 22:57:11 com_github_MitjaNemec_ReplicateLayout.replicate_layout 990:Src text UUid:6cd10716-af31-44d4-bad9-a9da97fd4924
11-12 22:57:11 com_github_MitjaNemec_ReplicateLayout.replicate_layout 991:Dst text UUid:500103be-97d2-4ac4-8ee6-d8f2de54a076
11-12 22:57:11 com_github_MitjaNemec_ReplicateLayout.replicate_layout 990:Src text UUid:65380ce8-601c-4762-983f-4bdb6ed67bde
11-12 22:57:11 com_github_MitjaNemec_ReplicateLayout.replicate_layout 991:Dst text UUid:391c80ad-2aa9-444d-a416-ca35f8d30585
11-12 22:57:11 com_github_MitjaNemec_ReplicateLayout.replicate_layout 990:Src text UUid:94d012b9-077f-436c-a4d8-e5bb00c165ba
11-12 22:57:11 com_github_MitjaNemec_ReplicateLayout.replicate_layout 991:Dst text UUid:fce8c434-b4ee-4876-86d1-f1a758887a40
11-12 22:57:11 com_github_MitjaNemec_ReplicateLayout.replicate_layout 888:Replicating footprint: 'U152'
11-12 22:57:11 com_github_MitjaNemec_ReplicateLayout.replicate_layout 835:Src fp.id: '62B3827C-A320-4AD6-A424-1485EF65900D'
11-12 22:57:11 com_github_MitjaNemec_ReplicateLayout.replicate_layout 839:Dst fp.id: '62B3827C-A320-4AD6-A424-1485EF65900D'
11-12 22:57:11 com_github_MitjaNemec_ReplicateLayout.replicate_layout 895:found match in dst footprint: 'U249'
11-12 22:57:11 com_github_MitjaNemec_ReplicateLayout.replicate_layout 990:Src text UUid:c50c72b1-94e3-4159-a219-37f741e82a7c
11-12 22:57:11 com_github_MitjaNemec_ReplicateLayout.replicate_layout 991:Dst text UUid:d44ac9cd-0761-4751-b1d3-d15068312b1d
11-12 22:57:11 com_github_MitjaNemec_ReplicateLayout.replicate_layout 990:Src text UUid:292e74a5-6b55-4359-be57-8b0026051126
11-12 22:57:11 com_github_MitjaNemec_ReplicateLayout.replicate_layout 991:Dst text UUid:3f1c89e0-1427-4666-87ea-94401bc9fcc6
11-12 22:57:11 com_github_MitjaNemec_ReplicateLayout.replicate_layout 990:Src text UUid:22c9f63c-bdf9-47e9-ae01-74d81cfbd908
11-12 22:57:11 com_github_MitjaNemec_ReplicateLayout.replicate_layout 991:Dst text UUid:1ce9b843-e6a5-428b-a937-f0bd24ad0e61
11-12 22:57:11 com_github_MitjaNemec_ReplicateLayout.replicate_layout 888:Replicating footprint: 'R198'
11-12 22:57:11 com_github_MitjaNemec_ReplicateLayout.replicate_layout 835:Src fp.id: '2D77C678-F455-47D6-93BD-3ED95A089C96'
11-12 22:57:11 com_github_MitjaNemec_ReplicateLayout.replicate_layout 839:Dst fp.id: '2D77C678-F455-47D6-93BD-3ED95A089C96'
11-12 22:57:11 com_github_MitjaNemec_ReplicateLayout.replicate_layout 895:found match in dst footprint: 'R330'
11-12 22:57:11 com_github_MitjaNemec_ReplicateLayout.replicate_layout 990:Src text UUid:026024b2-ee3d-495c-b376-571543d60a54
11-12 22:57:11 com_github_MitjaNemec_ReplicateLayout.replicate_layout 991:Dst text UUid:d61e095b-cd44-4bd7-a059-a548c5dd1105
11-12 22:57:11 com_github_MitjaNemec_ReplicateLayout.replicate_layout 990:Src text UUid:23dd6946-9981-4c83-9d25-050d5e9bece6
11-12 22:57:11 com_github_MitjaNemec_ReplicateLayout.replicate_layout 991:Dst text UUid:da23df04-5b52-4fd0-a380-5997de2867b2
11-12 22:57:11 com_github_MitjaNemec_ReplicateLayout.replicate_layout 990:Src text UUid:8cb67b8b-8668-4222-8264-d0248233162e
11-12 22:57:11 com_github_MitjaNemec_ReplicateLayout.replicate_layout 991:Dst text UUid:939f2df8-4364-40ac-814f-b5b12ca9d582
11-12 22:57:11 com_github_MitjaNemec_ReplicateLayout.replicate_layout 888:Replicating footprint: 'LED143'
11-12 22:57:11 com_github_MitjaNemec_ReplicateLayout.replicate_layout 835:Src fp.id: '2ABC1D4C-0E8C-4F90-9BF0-DF151C3D99F0'
11-12 22:57:11 com_github_MitjaNemec_ReplicateLayout.replicate_layout 839:Dst fp.id: '2ABC1D4C-0E8C-4F90-9BF0-DF151C3D99F0'
11-12 22:57:11 com_github_MitjaNemec_ReplicateLayout.replicate_layout 895:found match in dst footprint: 'LED275'
11-12 22:57:11 com_github_MitjaNemec_ReplicateLayout.replicate_layout 990:Src text UUid:cb110f2a-a8eb-4aca-b5bc-ff7ccb902aef
11-12 22:57:11 com_github_MitjaNemec_ReplicateLayout.replicate_layout 991:Dst text UUid:4bd38de9-b374-43f6-8675-1272a4c9b800
11-12 22:57:11 com_github_MitjaNemec_ReplicateLayout.replicate_layout 990:Src text UUid:cbc54092-ef49-4a91-b324-f6377248bdf9
11-12 22:57:11 com_github_MitjaNemec_ReplicateLayout.replicate_layout 991:Dst text UUid:0846f868-858c-4ed8-8142-53b427a86d66
11-12 22:57:11 com_github_MitjaNemec_ReplicateLayout.replicate_layout 990:Src text UUid:a432e7aa-3bd5-4cba-b765-9f5f9481582e
11-12 22:57:11 com_github_MitjaNemec_ReplicateLayout.replicate_layout 991:Dst text UUid:f12db70a-16dd-42b2-93c4-ac0b64e75a73
11-12 22:57:11 com_github_MitjaNemec_ReplicateLayout.replicate_layout 888:Replicating footprint: 'LED142'
11-12 22:57:11 com_github_MitjaNemec_ReplicateLayout.replicate_layout 835:Src fp.id: '0C09B42A-D4DF-4F87-AFF4-5296AF118FDF'
11-12 22:57:11 com_github_MitjaNemec_ReplicateLayout.replicate_layout 839:Dst fp.id: '0C09B42A-D4DF-4F87-AFF4-5296AF118FDF'
11-12 22:57:11 com_github_MitjaNemec_ReplicateLayout.replicate_layout 895:found match in dst footprint: 'LED274'
11-12 22:57:11 com_github_MitjaNemec_ReplicateLayout.replicate_layout 990:Src text UUid:9463e9d6-02d6-4857-9f39-9338e5245ef5
11-12 22:57:11 com_github_MitjaNemec_ReplicateLayout.replicate_layout 991:Dst text UUid:f220383d-a220-4014-9cf0-32d7051c6923
11-12 22:57:11 com_github_MitjaNemec_ReplicateLayout.replicate_layout 990:Src text UUid:0739365c-df74-44fd-a386-04c3841e72b1
11-12 22:57:11 com_github_MitjaNemec_ReplicateLayout.replicate_layout 991:Dst text UUid:76e82ba3-9211-4113-947a-e98dfe9b9da2
11-12 22:57:11 com_github_MitjaNemec_ReplicateLayout.replicate_layout 990:Src text UUid:5d666820-e369-4ddd-b676-a3f134ad7960
11-12 22:57:11 com_github_MitjaNemec_ReplicateLayout.replicate_layout 991:Dst text UUid:6d5aa85c-e433-4e9e-b4c9-b59d11200ebd
11-12 22:57:11 com_github_MitjaNemec_ReplicateLayout.replicate_layout 888:Replicating footprint: 'LED144'
11-12 22:57:11 com_github_MitjaNemec_ReplicateLayout.replicate_layout 835:Src fp.id: '0810E186-22BD-4094-A943-28056DB37E18'
11-12 22:57:11 com_github_MitjaNemec_ReplicateLayout.replicate_layout 839:Dst fp.id: '0810E186-22BD-4094-A943-28056DB37E18'
11-12 22:57:11 com_github_MitjaNemec_ReplicateLayout.replicate_layout 895:found match in dst footprint: 'LED276'
11-12 22:57:11 com_github_MitjaNemec_ReplicateLayout.replicate_layout 990:Src text UUid:d4f51115-0b40-4019-a418-64c3b5390a72
11-12 22:57:11 com_github_MitjaNemec_ReplicateLayout.replicate_layout 991:Dst text UUid:717d6ee2-9a8f-4ec9-95c9-dc1bb6599984
11-12 22:57:11 com_github_MitjaNemec_ReplicateLayout.replicate_layout 990:Src text UUid:0ff00c33-2d97-415c-a383-5b222a06a46e
11-12 22:57:11 com_github_MitjaNemec_ReplicateLayout.replicate_layout 991:Dst text UUid:4475f74c-e136-41fa-95c9-e18c9c595363
11-12 22:57:11 com_github_MitjaNemec_ReplicateLayout.replicate_layout 990:Src text UUid:dde8ebf1-c0d6-4c52-86e2-7e3a65d80d5a
11-12 22:57:11 com_github_MitjaNemec_ReplicateLayout.replicate_layout 991:Dst text UUid:f9038a8c-97ab-41d0-80e5-753a08ff3d67
11-12 22:57:11 com_github_MitjaNemec_ReplicateLayout.replicate_layout 870:Replicating footprints on sheet ['Top', 'LEDs_Bottom', 'LEDS_discreet8', 'LED_single1']
11-12 22:57:11 com_github_MitjaNemec_ReplicateLayout.replicate_layout 835:Src fp.id: '0C09B42A-D4DF-4F87-AFF4-5296AF118FDF'
11-12 22:57:11 com_github_MitjaNemec_ReplicateLayout.replicate_layout 839:Dst fp.id: '0C09B42A-D4DF-4F87-AFF4-5296AF118FDF'
11-12 22:57:11 com_github_MitjaNemec_ReplicateLayout.replicate_layout 888:Replicating footprint: 'U153'
11-12 22:57:11 com_github_MitjaNemec_ReplicateLayout.replicate_layout 835:Src fp.id: 'EB896E0D-DC1C-402A-A83E-7193E291B78E'
11-12 22:57:11 com_github_MitjaNemec_ReplicateLayout.replicate_layout 839:Dst fp.id: 'EB896E0D-DC1C-402A-A83E-7193E291B78E'
11-12 22:57:11 com_github_MitjaNemec_ReplicateLayout.replicate_layout 895:found match in dst footprint: 'U252'
11-12 22:57:11 com_github_MitjaNemec_ReplicateLayout.replicate_layout 990:Src text UUid:110b3224-b357-4118-9c08-b3fded705e4b
11-12 22:57:11 com_github_MitjaNemec_ReplicateLayout.replicate_layout 991:Dst text UUid:a5531c52-021e-4f89-a784-01787eb1c5ff
11-12 22:57:11 com_github_MitjaNemec_ReplicateLayout.replicate_layout 990:Src text UUid:b9e7f770-21cd-4948-9662-6e0ac7df885e
11-12 22:57:11 com_github_MitjaNemec_ReplicateLayout.replicate_layout 991:Dst text UUid:79f69efe-2660-4ec8-ba07-4f43b675ed23
11-12 22:57:11 com_github_MitjaNemec_ReplicateLayout.replicate_layout 990:Src text UUid:eaba7cf7-101e-4672-ad3c-d50ac347e980
11-12 22:57:11 com_github_MitjaNemec_ReplicateLayout.replicate_layout 991:Dst text UUid:aabdffd3-c82b-4f31-a138-98a1626e9025
11-12 22:57:11 com_github_MitjaNemec_ReplicateLayout.replicate_layout 888:Replicating footprint: 'R196'
11-12 22:57:11 com_github_MitjaNemec_ReplicateLayout.replicate_layout 835:Src fp.id: '28A8D9BC-2140-4FD7-9BA9-4E17A2CADB20'
11-12 22:57:11 com_github_MitjaNemec_ReplicateLayout.replicate_layout 839:Dst fp.id: '28A8D9BC-2140-4FD7-9BA9-4E17A2CADB20'
11-12 22:57:11 com_github_MitjaNemec_ReplicateLayout.replicate_layout 895:found match in dst footprint: 'R331'
11-12 22:57:11 com_github_MitjaNemec_ReplicateLayout.replicate_layout 990:Src text UUid:10a75789-866c-466a-b99e-1669393a4dc9
11-12 22:57:11 com_github_MitjaNemec_ReplicateLayout.replicate_layout 991:Dst text UUid:250da638-2c6a-464e-b419-a7f017e9cb9e
11-12 22:57:11 com_github_MitjaNemec_ReplicateLayout.replicate_layout 990:Src text UUid:26f5deef-302c-459b-9fc1-9a4618773440
11-12 22:57:11 com_github_MitjaNemec_ReplicateLayout.replicate_layout 991:Dst text UUid:d6a28569-4e3d-4b9b-821d-638b6d072f20
11-12 22:57:11 com_github_MitjaNemec_ReplicateLayout.replicate_layout 990:Src text UUid:a58fc8cd-c2ef-4a2e-8f35-9edf2c2f6adb
11-12 22:57:11 com_github_MitjaNemec_ReplicateLayout.replicate_layout 991:Dst text UUid:aa7ef608-4b70-4d9c-b209-bc50dcc1106b
11-12 22:57:11 com_github_MitjaNemec_ReplicateLayout.replicate_layout 888:Replicating footprint: 'R197'
11-12 22:57:11 com_github_MitjaNemec_ReplicateLayout.replicate_layout 835:Src fp.id: '55391442-DACB-4265-94E5-89EFFD14C302'
11-12 22:57:11 com_github_MitjaNemec_ReplicateLayout.replicate_layout 839:Dst fp.id: '55391442-DACB-4265-94E5-89EFFD14C302'
11-12 22:57:11 com_github_MitjaNemec_ReplicateLayout.replicate_layout 895:found match in dst footprint: 'R332'
11-12 22:57:11 com_github_MitjaNemec_ReplicateLayout.replicate_layout 990:Src text UUid:6cd10716-af31-44d4-bad9-a9da97fd4924
11-12 22:57:11 com_github_MitjaNemec_ReplicateLayout.replicate_layout 991:Dst text UUid:3d2b54fd-c0c8-4a11-a626-05d9bfcf63a4
11-12 22:57:11 com_github_MitjaNemec_ReplicateLayout.replicate_layout 990:Src text UUid:65380ce8-601c-4762-983f-4bdb6ed67bde
11-12 22:57:11 com_github_MitjaNemec_ReplicateLayout.replicate_layout 991:Dst text UUid:e0c75e45-a1f0-432e-a4ba-b7c3a97645a2
11-12 22:57:11 com_github_MitjaNemec_ReplicateLayout.replicate_layout 990:Src text UUid:94d012b9-077f-436c-a4d8-e5bb00c165ba
11-12 22:57:11 com_github_MitjaNemec_ReplicateLayout.replicate_layout 991:Dst text UUid:10cfa077-077c-4026-af38-ab58d4efee21
11-12 22:57:11 com_github_MitjaNemec_ReplicateLayout.replicate_layout 888:Replicating footprint: 'U152'
11-12 22:57:11 com_github_MitjaNemec_ReplicateLayout.replicate_layout 835:Src fp.id: '62B3827C-A320-4AD6-A424-1485EF65900D'
11-12 22:57:11 com_github_MitjaNemec_ReplicateLayout.replicate_layout 839:Dst fp.id: '62B3827C-A320-4AD6-A424-1485EF65900D'
11-12 22:57:11 com_github_MitjaNemec_ReplicateLayout.replicate_layout 895:found match in dst footprint: 'U251'
11-12 22:57:11 com_github_MitjaNemec_ReplicateLayout.replicate_layout 990:Src text UUid:c50c72b1-94e3-4159-a219-37f741e82a7c
11-12 22:57:11 com_github_MitjaNemec_ReplicateLayout.replicate_layout 991:Dst text UUid:a5dc13e8-2010-4347-9a18-b6f5953e0794
11-12 22:57:11 com_github_MitjaNemec_ReplicateLayout.replicate_layout 990:Src text UUid:292e74a5-6b55-4359-be57-8b0026051126
11-12 22:57:11 com_github_MitjaNemec_ReplicateLayout.replicate_layout 991:Dst text UUid:908a5b84-7da1-4b88-8468-bb0de7b9df44
11-12 22:57:11 com_github_MitjaNemec_ReplicateLayout.replicate_layout 990:Src text UUid:22c9f63c-bdf9-47e9-ae01-74d81cfbd908
11-12 22:57:11 com_github_MitjaNemec_ReplicateLayout.replicate_layout 991:Dst text UUid:53c36739-5ddd-4c62-89d9-1d6195589e05
11-12 22:57:11 com_github_MitjaNemec_ReplicateLayout.replicate_layout 888:Replicating footprint: 'R198'
11-12 22:57:11 com_github_MitjaNemec_ReplicateLayout.replicate_layout 835:Src fp.id: '2D77C678-F455-47D6-93BD-3ED95A089C96'
11-12 22:57:11 com_github_MitjaNemec_ReplicateLayout.replicate_layout 839:Dst fp.id: '2D77C678-F455-47D6-93BD-3ED95A089C96'
11-12 22:57:11 com_github_MitjaNemec_ReplicateLayout.replicate_layout 895:found match in dst footprint: 'R333'
11-12 22:57:11 com_github_MitjaNemec_ReplicateLayout.replicate_layout 990:Src text UUid:026024b2-ee3d-495c-b376-571543d60a54
11-12 22:57:11 com_github_MitjaNemec_ReplicateLayout.replicate_layout 991:Dst text UUid:49fd79f0-ce08-488c-94ed-121ace23519b
11-12 22:57:11 com_github_MitjaNemec_ReplicateLayout.replicate_layout 990:Src text UUid:23dd6946-9981-4c83-9d25-050d5e9bece6
11-12 22:57:11 com_github_MitjaNemec_ReplicateLayout.replicate_layout 991:Dst text UUid:b7704422-281d-4c0a-9eb8-34ce81e748e7
11-12 22:57:11 com_github_MitjaNemec_ReplicateLayout.replicate_layout 990:Src text UUid:8cb67b8b-8668-4222-8264-d0248233162e
11-12 22:57:11 com_github_MitjaNemec_ReplicateLayout.replicate_layout 991:Dst text UUid:37c907da-843b-4f6b-a133-bd55ebfbd28b
11-12 22:57:11 com_github_MitjaNemec_ReplicateLayout.replicate_layout 888:Replicating footprint: 'LED143'
11-12 22:57:11 root 345:updating GUI with: 96
11-12 22:57:11 com_github_MitjaNemec_ReplicateLayout.replicate_layout 835:Src fp.id: '2ABC1D4C-0E8C-4F90-9BF0-DF151C3D99F0'
11-12 22:57:11 com_github_MitjaNemec_ReplicateLayout.replicate_layout 839:Dst fp.id: '2ABC1D4C-0E8C-4F90-9BF0-DF151C3D99F0'
11-12 22:57:11 com_github_MitjaNemec_ReplicateLayout.replicate_layout 895:found match in dst footprint: 'LED278'
11-12 22:57:11 com_github_MitjaNemec_ReplicateLayout.replicate_layout 990:Src text UUid:cb110f2a-a8eb-4aca-b5bc-ff7ccb902aef
11-12 22:57:11 com_github_MitjaNemec_ReplicateLayout.replicate_layout 991:Dst text UUid:29325753-dac0-45cc-baee-8cfd95be642d
11-12 22:57:11 com_github_MitjaNemec_ReplicateLayout.replicate_layout 990:Src text UUid:cbc54092-ef49-4a91-b324-f6377248bdf9
11-12 22:57:11 com_github_MitjaNemec_ReplicateLayout.replicate_layout 991:Dst text UUid:c6e9ab71-8bbd-45c6-b0d2-ee68f1d568b0
11-12 22:57:11 com_github_MitjaNemec_ReplicateLayout.replicate_layout 990:Src text UUid:a432e7aa-3bd5-4cba-b765-9f5f9481582e
11-12 22:57:11 com_github_MitjaNemec_ReplicateLayout.replicate_layout 991:Dst text UUid:686b73dd-b04b-44ca-8502-2bb453713ecc
11-12 22:57:11 com_github_MitjaNemec_ReplicateLayout.replicate_layout 888:Replicating footprint: 'LED142'
11-12 22:57:11 com_github_MitjaNemec_ReplicateLayout.replicate_layout 835:Src fp.id: '0C09B42A-D4DF-4F87-AFF4-5296AF118FDF'
11-12 22:57:11 com_github_MitjaNemec_ReplicateLayout.replicate_layout 839:Dst fp.id: '0C09B42A-D4DF-4F87-AFF4-5296AF118FDF'
11-12 22:57:11 com_github_MitjaNemec_ReplicateLayout.replicate_layout 895:found match in dst footprint: 'LED277'
11-12 22:57:11 com_github_MitjaNemec_ReplicateLayout.replicate_layout 990:Src text UUid:9463e9d6-02d6-4857-9f39-9338e5245ef5
11-12 22:57:11 com_github_MitjaNemec_ReplicateLayout.replicate_layout 991:Dst text UUid:284d5f01-407f-47b3-9483-1b43398ed6df
11-12 22:57:11 com_github_MitjaNemec_ReplicateLayout.replicate_layout 990:Src text UUid:0739365c-df74-44fd-a386-04c3841e72b1
11-12 22:57:11 com_github_MitjaNemec_ReplicateLayout.replicate_layout 991:Dst text UUid:a8da4e3f-3731-4cff-93d0-9e3fa4003758
11-12 22:57:11 com_github_MitjaNemec_ReplicateLayout.replicate_layout 990:Src text UUid:5d666820-e369-4ddd-b676-a3f134ad7960
11-12 22:57:11 com_github_MitjaNemec_ReplicateLayout.replicate_layout 991:Dst text UUid:23e474ff-9ac2-4078-8cf7-1d67d82ae809
11-12 22:57:11 com_github_MitjaNemec_ReplicateLayout.replicate_layout 888:Replicating footprint: 'LED144'
11-12 22:57:11 com_github_MitjaNemec_ReplicateLayout.replicate_layout 835:Src fp.id: '0810E186-22BD-4094-A943-28056DB37E18'
11-12 22:57:11 com_github_MitjaNemec_ReplicateLayout.replicate_layout 839:Dst fp.id: '0810E186-22BD-4094-A943-28056DB37E18'
11-12 22:57:11 com_github_MitjaNemec_ReplicateLayout.replicate_layout 895:found match in dst footprint: 'LED279'
11-12 22:57:11 com_github_MitjaNemec_ReplicateLayout.replicate_layout 990:Src text UUid:d4f51115-0b40-4019-a418-64c3b5390a72
11-12 22:57:11 com_github_MitjaNemec_ReplicateLayout.replicate_layout 991:Dst text UUid:4e0f5655-929e-4a93-868c-19e9e1896a77
11-12 22:57:11 com_github_MitjaNemec_ReplicateLayout.replicate_layout 990:Src text UUid:0ff00c33-2d97-415c-a383-5b222a06a46e
11-12 22:57:11 com_github_MitjaNemec_ReplicateLayout.replicate_layout 991:Dst text UUid:6229f2f4-14e5-4a0c-bcc8-44efca855c6d
11-12 22:57:11 com_github_MitjaNemec_ReplicateLayout.replicate_layout 990:Src text UUid:dde8ebf1-c0d6-4c52-86e2-7e3a65d80d5a
11-12 22:57:11 com_github_MitjaNemec_ReplicateLayout.replicate_layout 991:Dst text UUid:690f7d73-4583-42f1-a27e-4830bc01b6e2
11-12 22:57:11 com_github_MitjaNemec_ReplicateLayout.replicate_layout 870:Replicating footprints on sheet ['Top', 'LEDs_Bottom', 'LEDS_discreet8', 'LED_single2']
11-12 22:57:11 com_github_MitjaNemec_ReplicateLayout.replicate_layout 835:Src fp.id: '0C09B42A-D4DF-4F87-AFF4-5296AF118FDF'
11-12 22:57:11 com_github_MitjaNemec_ReplicateLayout.replicate_layout 839:Dst fp.id: '0C09B42A-D4DF-4F87-AFF4-5296AF118FDF'
11-12 22:57:11 com_github_MitjaNemec_ReplicateLayout.replicate_layout 888:Replicating footprint: 'U153'
11-12 22:57:11 com_github_MitjaNemec_ReplicateLayout.replicate_layout 835:Src fp.id: 'EB896E0D-DC1C-402A-A83E-7193E291B78E'
11-12 22:57:11 com_github_MitjaNemec_ReplicateLayout.replicate_layout 839:Dst fp.id: 'EB896E0D-DC1C-402A-A83E-7193E291B78E'
11-12 22:57:11 com_github_MitjaNemec_ReplicateLayout.replicate_layout 895:found match in dst footprint: 'U254'
11-12 22:57:11 com_github_MitjaNemec_ReplicateLayout.replicate_layout 990:Src text UUid:110b3224-b357-4118-9c08-b3fded705e4b
11-12 22:57:11 com_github_MitjaNemec_ReplicateLayout.replicate_layout 991:Dst text UUid:244952f7-525f-4777-96fe-33406b955226
11-12 22:57:11 com_github_MitjaNemec_ReplicateLayout.replicate_layout 990:Src text UUid:b9e7f770-21cd-4948-9662-6e0ac7df885e
11-12 22:57:11 com_github_MitjaNemec_ReplicateLayout.replicate_layout 991:Dst text UUid:dec395e1-bc51-4441-b3f8-77332cceb287
11-12 22:57:11 com_github_MitjaNemec_ReplicateLayout.replicate_layout 990:Src text UUid:eaba7cf7-101e-4672-ad3c-d50ac347e980
11-12 22:57:11 com_github_MitjaNemec_ReplicateLayout.replicate_layout 991:Dst text UUid:7858bf6a-73dd-4704-947e-a0d615d4b768
11-12 22:57:11 com_github_MitjaNemec_ReplicateLayout.replicate_layout 888:Replicating footprint: 'R196'
11-12 22:57:11 com_github_MitjaNemec_ReplicateLayout.replicate_layout 835:Src fp.id: '28A8D9BC-2140-4FD7-9BA9-4E17A2CADB20'
11-12 22:57:11 com_github_MitjaNemec_ReplicateLayout.replicate_layout 839:Dst fp.id: '28A8D9BC-2140-4FD7-9BA9-4E17A2CADB20'
11-12 22:57:11 com_github_MitjaNemec_ReplicateLayout.replicate_layout 895:found match in dst footprint: 'R334'
11-12 22:57:11 com_github_MitjaNemec_ReplicateLayout.replicate_layout 990:Src text UUid:10a75789-866c-466a-b99e-1669393a4dc9
11-12 22:57:11 com_github_MitjaNemec_ReplicateLayout.replicate_layout 991:Dst text UUid:995ba7a8-83d8-46ad-be41-fd9f0ae92607
11-12 22:57:11 com_github_MitjaNemec_ReplicateLayout.replicate_layout 990:Src text UUid:26f5deef-302c-459b-9fc1-9a4618773440
11-12 22:57:11 com_github_MitjaNemec_ReplicateLayout.replicate_layout 991:Dst text UUid:db0da395-9f20-4ea7-b2ba-0e699929fd2a
11-12 22:57:11 com_github_MitjaNemec_ReplicateLayout.replicate_layout 990:Src text UUid:a58fc8cd-c2ef-4a2e-8f35-9edf2c2f6adb
11-12 22:57:11 com_github_MitjaNemec_ReplicateLayout.replicate_layout 991:Dst text UUid:ecc1d170-be67-479e-ad91-551b3273ac55
11-12 22:57:11 com_github_MitjaNemec_ReplicateLayout.replicate_layout 888:Replicating footprint: 'R197'
11-12 22:57:11 com_github_MitjaNemec_ReplicateLayout.replicate_layout 835:Src fp.id: '55391442-DACB-4265-94E5-89EFFD14C302'
11-12 22:57:11 com_github_MitjaNemec_ReplicateLayout.replicate_layout 839:Dst fp.id: '55391442-DACB-4265-94E5-89EFFD14C302'
11-12 22:57:11 com_github_MitjaNemec_ReplicateLayout.replicate_layout 895:found match in dst footprint: 'R335'
11-12 22:57:11 com_github_MitjaNemec_ReplicateLayout.replicate_layout 990:Src text UUid:6cd10716-af31-44d4-bad9-a9da97fd4924
11-12 22:57:11 com_github_MitjaNemec_ReplicateLayout.replicate_layout 991:Dst text UUid:7bb8a081-740c-4d1d-b931-ebcbaee6bdec
11-12 22:57:11 com_github_MitjaNemec_ReplicateLayout.replicate_layout 990:Src text UUid:65380ce8-601c-4762-983f-4bdb6ed67bde
11-12 22:57:11 com_github_MitjaNemec_ReplicateLayout.replicate_layout 991:Dst text UUid:29381fff-be9d-469d-a145-f18eb2d4ede4
11-12 22:57:11 com_github_MitjaNemec_ReplicateLayout.replicate_layout 990:Src text UUid:94d012b9-077f-436c-a4d8-e5bb00c165ba
11-12 22:57:11 com_github_MitjaNemec_ReplicateLayout.replicate_layout 991:Dst text UUid:394a1eff-d266-4f9f-ae28-846e989e3b77
11-12 22:57:11 com_github_MitjaNemec_ReplicateLayout.replicate_layout 888:Replicating footprint: 'U152'
11-12 22:57:11 com_github_MitjaNemec_ReplicateLayout.replicate_layout 835:Src fp.id: '62B3827C-A320-4AD6-A424-1485EF65900D'
11-12 22:57:11 com_github_MitjaNemec_ReplicateLayout.replicate_layout 839:Dst fp.id: '62B3827C-A320-4AD6-A424-1485EF65900D'
11-12 22:57:11 com_github_MitjaNemec_ReplicateLayout.replicate_layout 895:found match in dst footprint: 'U253'
11-12 22:57:11 com_github_MitjaNemec_ReplicateLayout.replicate_layout 990:Src text UUid:c50c72b1-94e3-4159-a219-37f741e82a7c
11-12 22:57:11 com_github_MitjaNemec_ReplicateLayout.replicate_layout 991:Dst text UUid:dc807804-38c2-435a-90d5-33fdb55b682b
11-12 22:57:11 com_github_MitjaNemec_ReplicateLayout.replicate_layout 990:Src text UUid:292e74a5-6b55-4359-be57-8b0026051126
11-12 22:57:11 com_github_MitjaNemec_ReplicateLayout.replicate_layout 991:Dst text UUid:e4d43eab-9cc8-496b-a595-019de4a4d597
11-12 22:57:11 com_github_MitjaNemec_ReplicateLayout.replicate_layout 990:Src text UUid:22c9f63c-bdf9-47e9-ae01-74d81cfbd908
11-12 22:57:11 com_github_MitjaNemec_ReplicateLayout.replicate_layout 991:Dst text UUid:0bc4324c-5ff0-45e5-bf70-4306b501292d
11-12 22:57:11 com_github_MitjaNemec_ReplicateLayout.replicate_layout 888:Replicating footprint: 'R198'
11-12 22:57:11 com_github_MitjaNemec_ReplicateLayout.replicate_layout 835:Src fp.id: '2D77C678-F455-47D6-93BD-3ED95A089C96'
11-12 22:57:11 com_github_MitjaNemec_ReplicateLayout.replicate_layout 839:Dst fp.id: '2D77C678-F455-47D6-93BD-3ED95A089C96'
11-12 22:57:11 com_github_MitjaNemec_ReplicateLayout.replicate_layout 895:found match in dst footprint: 'R336'
11-12 22:57:11 com_github_MitjaNemec_ReplicateLayout.replicate_layout 990:Src text UUid:026024b2-ee3d-495c-b376-571543d60a54
11-12 22:57:11 com_github_MitjaNemec_ReplicateLayout.replicate_layout 991:Dst text UUid:a03d8208-0e09-45d5-b1ac-70839c4142ad
11-12 22:57:11 com_github_MitjaNemec_ReplicateLayout.replicate_layout 990:Src text UUid:23dd6946-9981-4c83-9d25-050d5e9bece6
11-12 22:57:11 com_github_MitjaNemec_ReplicateLayout.replicate_layout 991:Dst text UUid:aa81ef17-e8f7-492d-81d8-ae456b9d314c
11-12 22:57:11 com_github_MitjaNemec_ReplicateLayout.replicate_layout 990:Src text UUid:8cb67b8b-8668-4222-8264-d0248233162e
11-12 22:57:11 com_github_MitjaNemec_ReplicateLayout.replicate_layout 991:Dst text UUid:28a559ca-c3ae-4742-ba26-93c0ba00ac4b
11-12 22:57:11 com_github_MitjaNemec_ReplicateLayout.replicate_layout 888:Replicating footprint: 'LED143'
11-12 22:57:11 com_github_MitjaNemec_ReplicateLayout.replicate_layout 835:Src fp.id: '2ABC1D4C-0E8C-4F90-9BF0-DF151C3D99F0'
11-12 22:57:11 com_github_MitjaNemec_ReplicateLayout.replicate_layout 839:Dst fp.id: '2ABC1D4C-0E8C-4F90-9BF0-DF151C3D99F0'
11-12 22:57:11 com_github_MitjaNemec_ReplicateLayout.replicate_layout 895:found match in dst footprint: 'LED281'
11-12 22:57:11 com_github_MitjaNemec_ReplicateLayout.replicate_layout 990:Src text UUid:cb110f2a-a8eb-4aca-b5bc-ff7ccb902aef
11-12 22:57:11 com_github_MitjaNemec_ReplicateLayout.replicate_layout 991:Dst text UUid:0d19392a-645f-4126-b1b9-e390dd8d3634
11-12 22:57:11 com_github_MitjaNemec_ReplicateLayout.replicate_layout 990:Src text UUid:cbc54092-ef49-4a91-b324-f6377248bdf9
11-12 22:57:11 com_github_MitjaNemec_ReplicateLayout.replicate_layout 991:Dst text UUid:01e035ee-f94a-4df4-a0ac-e4af066393a0
11-12 22:57:11 com_github_MitjaNemec_ReplicateLayout.replicate_layout 990:Src text UUid:a432e7aa-3bd5-4cba-b765-9f5f9481582e
11-12 22:57:11 com_github_MitjaNemec_ReplicateLayout.replicate_layout 991:Dst text UUid:8c127957-021b-4013-a2e8-defb6a8dfc10
11-12 22:57:11 com_github_MitjaNemec_ReplicateLayout.replicate_layout 888:Replicating footprint: 'LED142'
11-12 22:57:11 com_github_MitjaNemec_ReplicateLayout.replicate_layout 835:Src fp.id: '0C09B42A-D4DF-4F87-AFF4-5296AF118FDF'
11-12 22:57:11 com_github_MitjaNemec_ReplicateLayout.replicate_layout 839:Dst fp.id: '0C09B42A-D4DF-4F87-AFF4-5296AF118FDF'
11-12 22:57:11 com_github_MitjaNemec_ReplicateLayout.replicate_layout 895:found match in dst footprint: 'LED280'
11-12 22:57:11 com_github_MitjaNemec_ReplicateLayout.replicate_layout 990:Src text UUid:9463e9d6-02d6-4857-9f39-9338e5245ef5
11-12 22:57:11 com_github_MitjaNemec_ReplicateLayout.replicate_layout 991:Dst text UUid:44a68d61-734f-4a16-ac00-cdc80b0cdb12
11-12 22:57:11 com_github_MitjaNemec_ReplicateLayout.replicate_layout 990:Src text UUid:0739365c-df74-44fd-a386-04c3841e72b1
11-12 22:57:11 com_github_MitjaNemec_ReplicateLayout.replicate_layout 991:Dst text UUid:7ad0a6f9-3315-447c-bf56-ecaec044946b
11-12 22:57:11 com_github_MitjaNemec_ReplicateLayout.replicate_layout 990:Src text UUid:5d666820-e369-4ddd-b676-a3f134ad7960
11-12 22:57:11 com_github_MitjaNemec_ReplicateLayout.replicate_layout 991:Dst text UUid:35d1cd18-52d1-4250-afde-fea93743f960
11-12 22:57:11 com_github_MitjaNemec_ReplicateLayout.replicate_layout 888:Replicating footprint: 'LED144'
11-12 22:57:11 com_github_MitjaNemec_ReplicateLayout.replicate_layout 835:Src fp.id: '0810E186-22BD-4094-A943-28056DB37E18'
11-12 22:57:11 com_github_MitjaNemec_ReplicateLayout.replicate_layout 839:Dst fp.id: '0810E186-22BD-4094-A943-28056DB37E18'
11-12 22:57:11 com_github_MitjaNemec_ReplicateLayout.replicate_layout 895:found match in dst footprint: 'LED282'
11-12 22:57:11 com_github_MitjaNemec_ReplicateLayout.replicate_layout 990:Src text UUid:d4f51115-0b40-4019-a418-64c3b5390a72
11-12 22:57:11 com_github_MitjaNemec_ReplicateLayout.replicate_layout 991:Dst text UUid:045b470f-4110-491a-ad8a-d49d9b6d5323
11-12 22:57:11 com_github_MitjaNemec_ReplicateLayout.replicate_layout 990:Src text UUid:0ff00c33-2d97-415c-a383-5b222a06a46e
11-12 22:57:11 com_github_MitjaNemec_ReplicateLayout.replicate_layout 991:Dst text UUid:dd2938c0-a63a-4cb2-92e4-51299677e20c
11-12 22:57:11 com_github_MitjaNemec_ReplicateLayout.replicate_layout 990:Src text UUid:dde8ebf1-c0d6-4c52-86e2-7e3a65d80d5a
11-12 22:57:11 com_github_MitjaNemec_ReplicateLayout.replicate_layout 991:Dst text UUid:16473cc4-da1b-4deb-a186-59439690c73c
11-12 22:57:11 com_github_MitjaNemec_ReplicateLayout.replicate_layout 870:Replicating footprints on sheet ['Top', 'LEDs_Bottom', 'LEDS_discreet8', 'LED_single3']
11-12 22:57:11 com_github_MitjaNemec_ReplicateLayout.replicate_layout 835:Src fp.id: '0C09B42A-D4DF-4F87-AFF4-5296AF118FDF'
11-12 22:57:11 com_github_MitjaNemec_ReplicateLayout.replicate_layout 839:Dst fp.id: '0C09B42A-D4DF-4F87-AFF4-5296AF118FDF'
11-12 22:57:11 com_github_MitjaNemec_ReplicateLayout.replicate_layout 888:Replicating footprint: 'U153'
11-12 22:57:11 com_github_MitjaNemec_ReplicateLayout.replicate_layout 835:Src fp.id: 'EB896E0D-DC1C-402A-A83E-7193E291B78E'
11-12 22:57:11 com_github_MitjaNemec_ReplicateLayout.replicate_layout 839:Dst fp.id: 'EB896E0D-DC1C-402A-A83E-7193E291B78E'
11-12 22:57:11 com_github_MitjaNemec_ReplicateLayout.replicate_layout 895:found match in dst footprint: 'U256'
11-12 22:57:11 com_github_MitjaNemec_ReplicateLayout.replicate_layout 990:Src text UUid:110b3224-b357-4118-9c08-b3fded705e4b
11-12 22:57:11 com_github_MitjaNemec_ReplicateLayout.replicate_layout 991:Dst text UUid:dd158567-1dc2-4627-9a71-743c85f1c5c0
11-12 22:57:11 com_github_MitjaNemec_ReplicateLayout.replicate_layout 990:Src text UUid:b9e7f770-21cd-4948-9662-6e0ac7df885e
11-12 22:57:11 com_github_MitjaNemec_ReplicateLayout.replicate_layout 991:Dst text UUid:89ccf477-ecbf-44a2-ac71-ea0f9579cacc
11-12 22:57:11 com_github_MitjaNemec_ReplicateLayout.replicate_layout 990:Src text UUid:eaba7cf7-101e-4672-ad3c-d50ac347e980
11-12 22:57:11 com_github_MitjaNemec_ReplicateLayout.replicate_layout 991:Dst text UUid:63f42b3f-1bb0-4282-aa7b-fd2ca935e0a7
11-12 22:57:11 com_github_MitjaNemec_ReplicateLayout.replicate_layout 888:Replicating footprint: 'R196'
11-12 22:57:11 com_github_MitjaNemec_ReplicateLayout.replicate_layout 835:Src fp.id: '28A8D9BC-2140-4FD7-9BA9-4E17A2CADB20'
11-12 22:57:11 com_github_MitjaNemec_ReplicateLayout.replicate_layout 839:Dst fp.id: '28A8D9BC-2140-4FD7-9BA9-4E17A2CADB20'
11-12 22:57:11 com_github_MitjaNemec_ReplicateLayout.replicate_layout 895:found match in dst footprint: 'R337'
11-12 22:57:11 com_github_MitjaNemec_ReplicateLayout.replicate_layout 990:Src text UUid:10a75789-866c-466a-b99e-1669393a4dc9
11-12 22:57:11 com_github_MitjaNemec_ReplicateLayout.replicate_layout 991:Dst text UUid:ad416105-e20c-44fa-a709-2a0f5e7065c0
11-12 22:57:11 com_github_MitjaNemec_ReplicateLayout.replicate_layout 990:Src text UUid:26f5deef-302c-459b-9fc1-9a4618773440
11-12 22:57:11 com_github_MitjaNemec_ReplicateLayout.replicate_layout 991:Dst text UUid:59941795-bf45-4d1d-a5b8-74c76bc051ed
11-12 22:57:11 com_github_MitjaNemec_ReplicateLayout.replicate_layout 990:Src text UUid:a58fc8cd-c2ef-4a2e-8f35-9edf2c2f6adb
11-12 22:57:11 com_github_MitjaNemec_ReplicateLayout.replicate_layout 991:Dst text UUid:a3053410-e5c9-469c-abda-732b95e1abdb
11-12 22:57:11 com_github_MitjaNemec_ReplicateLayout.replicate_layout 888:Replicating footprint: 'R197'
11-12 22:57:11 com_github_MitjaNemec_ReplicateLayout.replicate_layout 835:Src fp.id: '55391442-DACB-4265-94E5-89EFFD14C302'
11-12 22:57:11 com_github_MitjaNemec_ReplicateLayout.replicate_layout 839:Dst fp.id: '55391442-DACB-4265-94E5-89EFFD14C302'
11-12 22:57:11 com_github_MitjaNemec_ReplicateLayout.replicate_layout 895:found match in dst footprint: 'R338'
11-12 22:57:11 com_github_MitjaNemec_ReplicateLayout.replicate_layout 990:Src text UUid:6cd10716-af31-44d4-bad9-a9da97fd4924
11-12 22:57:11 com_github_MitjaNemec_ReplicateLayout.replicate_layout 991:Dst text UUid:cea37df5-3cb5-4f82-ad3b-da41bad9045f
11-12 22:57:11 com_github_MitjaNemec_ReplicateLayout.replicate_layout 990:Src text UUid:65380ce8-601c-4762-983f-4bdb6ed67bde
11-12 22:57:11 com_github_MitjaNemec_ReplicateLayout.replicate_layout 991:Dst text UUid:9bef13b4-a2a4-41b2-a878-5b7df2337c4b
11-12 22:57:11 com_github_MitjaNemec_ReplicateLayout.replicate_layout 990:Src text UUid:94d012b9-077f-436c-a4d8-e5bb00c165ba
11-12 22:57:11 com_github_MitjaNemec_ReplicateLayout.replicate_layout 991:Dst text UUid:c5d9d03f-a243-4a72-857f-ad16d9d210e0
11-12 22:57:11 com_github_MitjaNemec_ReplicateLayout.replicate_layout 888:Replicating footprint: 'U152'
11-12 22:57:11 root 345:updating GUI with: 99
11-12 22:57:11 com_github_MitjaNemec_ReplicateLayout.replicate_layout 835:Src fp.id: '62B3827C-A320-4AD6-A424-1485EF65900D'
11-12 22:57:11 com_github_MitjaNemec_ReplicateLayout.replicate_layout 839:Dst fp.id: '62B3827C-A320-4AD6-A424-1485EF65900D'
11-12 22:57:11 com_github_MitjaNemec_ReplicateLayout.replicate_layout 895:found match in dst footprint: 'U255'
11-12 22:57:11 com_github_MitjaNemec_ReplicateLayout.replicate_layout 990:Src text UUid:c50c72b1-94e3-4159-a219-37f741e82a7c
11-12 22:57:11 com_github_MitjaNemec_ReplicateLayout.replicate_layout 991:Dst text UUid:59174eff-fad2-4cd3-ab12-4a41dae31c55
11-12 22:57:11 com_github_MitjaNemec_ReplicateLayout.replicate_layout 990:Src text UUid:292e74a5-6b55-4359-be57-8b0026051126
11-12 22:57:11 com_github_MitjaNemec_ReplicateLayout.replicate_layout 991:Dst text UUid:e3afebf7-3571-4aa3-8b4c-81bcb7520fa7
11-12 22:57:11 com_github_MitjaNemec_ReplicateLayout.replicate_layout 990:Src text UUid:22c9f63c-bdf9-47e9-ae01-74d81cfbd908
11-12 22:57:11 com_github_MitjaNemec_ReplicateLayout.replicate_layout 991:Dst text UUid:5d349882-529a-46a5-9281-2da16c39400a
11-12 22:57:11 com_github_MitjaNemec_ReplicateLayout.replicate_layout 888:Replicating footprint: 'R198'
11-12 22:57:11 com_github_MitjaNemec_ReplicateLayout.replicate_layout 835:Src fp.id: '2D77C678-F455-47D6-93BD-3ED95A089C96'
11-12 22:57:11 com_github_MitjaNemec_ReplicateLayout.replicate_layout 839:Dst fp.id: '2D77C678-F455-47D6-93BD-3ED95A089C96'
11-12 22:57:11 com_github_MitjaNemec_ReplicateLayout.replicate_layout 895:found match in dst footprint: 'R339'
11-12 22:57:11 com_github_MitjaNemec_ReplicateLayout.replicate_layout 990:Src text UUid:026024b2-ee3d-495c-b376-571543d60a54
11-12 22:57:11 com_github_MitjaNemec_ReplicateLayout.replicate_layout 991:Dst text UUid:7a0808c0-7bf5-41e4-b5f8-725fb9fe7487
11-12 22:57:11 com_github_MitjaNemec_ReplicateLayout.replicate_layout 990:Src text UUid:23dd6946-9981-4c83-9d25-050d5e9bece6
11-12 22:57:11 com_github_MitjaNemec_ReplicateLayout.replicate_layout 991:Dst text UUid:c5400140-bc4d-4c51-8f69-cccf8be6c741
11-12 22:57:11 com_github_MitjaNemec_ReplicateLayout.replicate_layout 990:Src text UUid:8cb67b8b-8668-4222-8264-d0248233162e
11-12 22:57:11 com_github_MitjaNemec_ReplicateLayout.replicate_layout 991:Dst text UUid:af93b303-0d63-44d7-bf2e-72db0dd1f46e
11-12 22:57:11 com_github_MitjaNemec_ReplicateLayout.replicate_layout 888:Replicating footprint: 'LED143'
11-12 22:57:11 com_github_MitjaNemec_ReplicateLayout.replicate_layout 835:Src fp.id: '2ABC1D4C-0E8C-4F90-9BF0-DF151C3D99F0'
11-12 22:57:11 com_github_MitjaNemec_ReplicateLayout.replicate_layout 839:Dst fp.id: '2ABC1D4C-0E8C-4F90-9BF0-DF151C3D99F0'
11-12 22:57:11 com_github_MitjaNemec_ReplicateLayout.replicate_layout 895:found match in dst footprint: 'LED284'
11-12 22:57:11 com_github_MitjaNemec_ReplicateLayout.replicate_layout 990:Src text UUid:cb110f2a-a8eb-4aca-b5bc-ff7ccb902aef
11-12 22:57:11 com_github_MitjaNemec_ReplicateLayout.replicate_layout 991:Dst text UUid:317cc32b-254f-431b-8c7f-f0db884b0dd4
11-12 22:57:11 com_github_MitjaNemec_ReplicateLayout.replicate_layout 990:Src text UUid:cbc54092-ef49-4a91-b324-f6377248bdf9
11-12 22:57:11 com_github_MitjaNemec_ReplicateLayout.replicate_layout 991:Dst text UUid:98b46d34-ef0a-4752-b81e-5a2c1c24af3f
11-12 22:57:11 com_github_MitjaNemec_ReplicateLayout.replicate_layout 990:Src text UUid:a432e7aa-3bd5-4cba-b765-9f5f9481582e
11-12 22:57:11 com_github_MitjaNemec_ReplicateLayout.replicate_layout 991:Dst text UUid:b9493ce8-9740-4e76-b281-b62a18f20b6a
11-12 22:57:11 com_github_MitjaNemec_ReplicateLayout.replicate_layout 888:Replicating footprint: 'LED142'
11-12 22:57:11 com_github_MitjaNemec_ReplicateLayout.replicate_layout 835:Src fp.id: '0C09B42A-D4DF-4F87-AFF4-5296AF118FDF'
11-12 22:57:11 com_github_MitjaNemec_ReplicateLayout.replicate_layout 839:Dst fp.id: '0C09B42A-D4DF-4F87-AFF4-5296AF118FDF'
11-12 22:57:11 com_github_MitjaNemec_ReplicateLayout.replicate_layout 895:found match in dst footprint: 'LED283'
11-12 22:57:11 com_github_MitjaNemec_ReplicateLayout.replicate_layout 990:Src text UUid:9463e9d6-02d6-4857-9f39-9338e5245ef5
11-12 22:57:11 com_github_MitjaNemec_ReplicateLayout.replicate_layout 991:Dst text UUid:fd1ac0e3-8599-4b64-b9da-f5c0d119a662
11-12 22:57:11 com_github_MitjaNemec_ReplicateLayout.replicate_layout 990:Src text UUid:0739365c-df74-44fd-a386-04c3841e72b1
11-12 22:57:11 com_github_MitjaNemec_ReplicateLayout.replicate_layout 991:Dst text UUid:fd24ab36-907b-436c-a62c-1306c92b4932
11-12 22:57:11 com_github_MitjaNemec_ReplicateLayout.replicate_layout 990:Src text UUid:5d666820-e369-4ddd-b676-a3f134ad7960
11-12 22:57:11 com_github_MitjaNemec_ReplicateLayout.replicate_layout 991:Dst text UUid:58fbbc8a-3b89-4744-b74f-00c98d34df8d
11-12 22:57:11 com_github_MitjaNemec_ReplicateLayout.replicate_layout 888:Replicating footprint: 'LED144'
11-12 22:57:11 com_github_MitjaNemec_ReplicateLayout.replicate_layout 835:Src fp.id: '0810E186-22BD-4094-A943-28056DB37E18'
11-12 22:57:11 com_github_MitjaNemec_ReplicateLayout.replicate_layout 839:Dst fp.id: '0810E186-22BD-4094-A943-28056DB37E18'
11-12 22:57:11 com_github_MitjaNemec_ReplicateLayout.replicate_layout 895:found match in dst footprint: 'LED285'
11-12 22:57:11 com_github_MitjaNemec_ReplicateLayout.replicate_layout 990:Src text UUid:d4f51115-0b40-4019-a418-64c3b5390a72
11-12 22:57:11 com_github_MitjaNemec_ReplicateLayout.replicate_layout 991:Dst text UUid:531dc712-f952-4aac-9935-cc4a9e5cfbf7
11-12 22:57:11 com_github_MitjaNemec_ReplicateLayout.replicate_layout 990:Src text UUid:0ff00c33-2d97-415c-a383-5b222a06a46e
11-12 22:57:11 com_github_MitjaNemec_ReplicateLayout.replicate_layout 991:Dst text UUid:cd5bc5f2-dc3b-4a34-92f4-24fe9fe578c8
11-12 22:57:11 com_github_MitjaNemec_ReplicateLayout.replicate_layout 990:Src text UUid:dde8ebf1-c0d6-4c52-86e2-7e3a65d80d5a
11-12 22:57:11 com_github_MitjaNemec_ReplicateLayout.replicate_layout 991:Dst text UUid:66ade3f8-0052-4929-b213-82c119910f8d
11-12 22:57:11 root 340:updating GUI message: 'Replicating tracks'
11-12 22:57:11 com_github_MitjaNemec_ReplicateLayout.replicate_layout 1014:Replicating tracks
11-12 22:57:11 com_github_MitjaNemec_ReplicateLayout.replicate_layout 1020:Replicating tracks on sheet ['Bottom', 'LEDs_Bottom', 'LEDS_discreet', 'LED_single']
11-12 22:57:11 com_github_MitjaNemec_ReplicateLayout.replicate_layout 835:Src fp.id: '0C09B42A-D4DF-4F87-AFF4-5296AF118FDF'
11-12 22:57:11 com_github_MitjaNemec_ReplicateLayout.replicate_layout 839:Dst fp.id: '0C09B42A-D4DF-4F87-AFF4-5296AF118FDF'
11-12 22:57:11 com_github_MitjaNemec_ReplicateLayout.replicate_layout 792:Net pairs for sheet ['Bottom', 'LEDs_Bottom', 'LEDS_discreet', 'LED_single'] :[('/Top/LEDs_Bottom/LEDS_discreet4/LED_single/LED_GREEN', '/Bottom/LEDs_Bottom/LEDS_discreet/LED_single/LED_GREEN'), ('Net-(LED142-A)', 'Net-(LED109-A)'), ('/Top/GND', 'GND'), ('Net-(LED142-K)', 'Net-(LED109-K)'), ('Net-(LED143-A)', 'Net-(LED110-A)'), ('/Top/LEDs_Bottom/LEDS_discreet4/LED_single/LED_RED', '/Bottom/LEDs_Bottom/LEDS_discreet/LED_single/LED_RED'), ('/Top/VDD', '/Bottom/LEDs_Bottom/VDD'), ('Net-(LED144-A)', 'Net-(LED111-A)'), ('Net-(LED144-K)', 'Net-(LED111-K)')]
11-12 22:57:11 com_github_MitjaNemec_ReplicateLayout.replicate_layout 1020:Replicating tracks on sheet ['Bottom', 'LEDs_Bottom', 'LEDS_discreet', 'LED_single1']
11-12 22:57:11 com_github_MitjaNemec_ReplicateLayout.replicate_layout 835:Src fp.id: '0C09B42A-D4DF-4F87-AFF4-5296AF118FDF'
11-12 22:57:11 com_github_MitjaNemec_ReplicateLayout.replicate_layout 839:Dst fp.id: '0C09B42A-D4DF-4F87-AFF4-5296AF118FDF'
11-12 22:57:11 com_github_MitjaNemec_ReplicateLayout.replicate_layout 792:Net pairs for sheet ['Bottom', 'LEDs_Bottom', 'LEDS_discreet', 'LED_single1'] :[('Net-(LED142-A)', 'Net-(LED104-A)'), ('Net-(LED144-K)', 'Net-(LED106-K)'), ('/Top/GND', 'GND'), ('Net-(LED142-K)', 'Net-(LED104-K)'), ('Net-(LED144-A)', 'Net-(LED106-A)'), ('/Top/LEDs_Bottom/LEDS_discreet4/LED_single/LED_RED', '/Bottom/LEDs_Bottom/LEDS_discreet/LED_single1/LED_RED'), ('/Top/LEDs_Bottom/LEDS_discreet4/LED_single/LED_GREEN', '/Bottom/LEDs_Bottom/LEDS_discreet/LED_single1/LED_GREEN'), ('Net-(LED143-A)', 'Net-(LED105-A)'), ('/Top/VDD', '/Bottom/LEDs_Bottom/VDD')]
11-12 22:57:11 root 345:updating GUI with: 1
11-12 22:57:11 com_github_MitjaNemec_ReplicateLayout.replicate_layout 1020:Replicating tracks on sheet ['Bottom', 'LEDs_Bottom', 'LEDS_discreet', 'LED_single2']
11-12 22:57:11 com_github_MitjaNemec_ReplicateLayout.replicate_layout 835:Src fp.id: '0C09B42A-D4DF-4F87-AFF4-5296AF118FDF'
11-12 22:57:11 com_github_MitjaNemec_ReplicateLayout.replicate_layout 839:Dst fp.id: '0C09B42A-D4DF-4F87-AFF4-5296AF118FDF'
11-12 22:57:11 com_github_MitjaNemec_ReplicateLayout.replicate_layout 792:Net pairs for sheet ['Bottom', 'LEDs_Bottom', 'LEDS_discreet', 'LED_single2'] :[('Net-(LED142-A)', 'Net-(LED139-A)'), ('/Top/LEDs_Bottom/LEDS_discreet4/LED_single/LED_GREEN', '/Bottom/LEDs_Bottom/LEDS_discreet/LED_single2/LED_GREEN'), ('Net-(LED143-A)', 'Net-(LED140-A)'), ('/Top/GND', 'GND'), ('Net-(LED144-A)', 'Net-(LED141-A)'), ('/Top/VDD', '/Bottom/LEDs_Bottom/VDD'), ('/Top/LEDs_Bottom/LEDS_discreet4/LED_single/LED_RED', '/Bottom/LEDs_Bottom/LEDS_discreet/LED_single2/LED_RED'), ('Net-(LED144-K)', 'Net-(LED141-K)'), ('Net-(LED142-K)', 'Net-(LED139-K)')]
11-12 22:57:11 com_github_MitjaNemec_ReplicateLayout.replicate_layout 1020:Replicating tracks on sheet ['Bottom', 'LEDs_Bottom', 'LEDS_discreet', 'LED_single3']
11-12 22:57:11 com_github_MitjaNemec_ReplicateLayout.replicate_layout 835:Src fp.id: '0C09B42A-D4DF-4F87-AFF4-5296AF118FDF'
11-12 22:57:11 com_github_MitjaNemec_ReplicateLayout.replicate_layout 839:Dst fp.id: '0C09B42A-D4DF-4F87-AFF4-5296AF118FDF'
11-12 22:57:11 com_github_MitjaNemec_ReplicateLayout.replicate_layout 792:Net pairs for sheet ['Bottom', 'LEDs_Bottom', 'LEDS_discreet', 'LED_single3'] :[('Net-(LED142-A)', 'Net-(LED163-A)'), ('Net-(LED144-K)', 'Net-(LED165-K)'), ('/Top/GND', 'GND'), ('Net-(LED143-A)', 'Net-(LED164-A)'), ('Net-(LED142-K)', 'Net-(LED163-K)'), ('/Top/VDD', '/Bottom/LEDs_Bottom/VDD'), ('/Top/LEDs_Bottom/LEDS_discreet4/LED_single/LED_RED', '/Bottom/LEDs_Bottom/LEDS_discreet/LED_single3/LED_RED'), ('Net-(LED144-A)', 'Net-(LED165-A)'), ('/Top/LEDs_Bottom/LEDS_discreet4/LED_single/LED_GREEN', '/Bottom/LEDs_Bottom/LEDS_discreet/LED_single3/LED_GREEN')]
11-12 22:57:11 com_github_MitjaNemec_ReplicateLayout.replicate_layout 1020:Replicating tracks on sheet ['Bottom', 'LEDs_Bottom', 'LEDS_discreet2', 'LED_single']
11-12 22:57:11 com_github_MitjaNemec_ReplicateLayout.replicate_layout 835:Src fp.id: '0C09B42A-D4DF-4F87-AFF4-5296AF118FDF'
11-12 22:57:11 com_github_MitjaNemec_ReplicateLayout.replicate_layout 839:Dst fp.id: '0C09B42A-D4DF-4F87-AFF4-5296AF118FDF'
11-12 22:57:11 com_github_MitjaNemec_ReplicateLayout.replicate_layout 792:Net pairs for sheet ['Bottom', 'LEDs_Bottom', 'LEDS_discreet2', 'LED_single'] :[('Net-(LED142-A)', 'Net-(LED187-A)'), ('/Top/LEDs_Bottom/LEDS_discreet4/LED_single/LED_RED', '/Bottom/LEDs_Bottom/LEDS_discreet2/LED_single/LED_RED'), ('Net-(LED144-A)', 'Net-(LED189-A)'), ('Net-(LED144-K)', 'Net-(LED189-K)'), ('Net-(LED143-A)', 'Net-(LED188-A)'), ('Net-(LED142-K)', 'Net-(LED187-K)'), ('/Top/GND', 'GND'), ('/Top/LEDs_Bottom/LEDS_discreet4/LED_single/LED_GREEN', '/Bottom/LEDs_Bottom/LEDS_discreet2/LED_single/LED_GREEN'), ('/Top/VDD', '/Bottom/LEDs_Bottom/VDD')]
11-12 22:57:11 root 345:updating GUI with: 7
11-12 22:57:11 com_github_MitjaNemec_ReplicateLayout.replicate_layout 1020:Replicating tracks on sheet ['Bottom', 'LEDs_Bottom', 'LEDS_discreet2', 'LED_single1']
11-12 22:57:11 com_github_MitjaNemec_ReplicateLayout.replicate_layout 835:Src fp.id: '0C09B42A-D4DF-4F87-AFF4-5296AF118FDF'
11-12 22:57:11 com_github_MitjaNemec_ReplicateLayout.replicate_layout 839:Dst fp.id: '0C09B42A-D4DF-4F87-AFF4-5296AF118FDF'
11-12 22:57:11 com_github_MitjaNemec_ReplicateLayout.replicate_layout 792:Net pairs for sheet ['Bottom', 'LEDs_Bottom', 'LEDS_discreet2', 'LED_single1'] :[('Net-(LED142-A)', 'Net-(LED190-A)'), ('Net-(LED144-K)', 'Net-(LED192-K)'), ('/Top/LEDs_Bottom/LEDS_discreet4/LED_single/LED_RED', '/Bottom/LEDs_Bottom/LEDS_discreet2/LED_single1/LED_RED'), ('/Top/LEDs_Bottom/LEDS_discreet4/LED_single/LED_GREEN', '/Bottom/LEDs_Bottom/LEDS_discreet2/LED_single1/LED_GREEN'), ('Net-(LED144-A)', 'Net-(LED192-A)'), ('Net-(LED143-A)', 'Net-(LED191-A)'), ('Net-(LED142-K)', 'Net-(LED190-K)'), ('/Top/GND', 'GND'), ('/Top/VDD', '/Bottom/LEDs_Bottom/VDD')]
11-12 22:57:11 com_github_MitjaNemec_ReplicateLayout.replicate_layout 1020:Replicating tracks on sheet ['Bottom', 'LEDs_Bottom', 'LEDS_discreet2', 'LED_single2']
11-12 22:57:11 com_github_MitjaNemec_ReplicateLayout.replicate_layout 835:Src fp.id: '0C09B42A-D4DF-4F87-AFF4-5296AF118FDF'
11-12 22:57:11 com_github_MitjaNemec_ReplicateLayout.replicate_layout 839:Dst fp.id: '0C09B42A-D4DF-4F87-AFF4-5296AF118FDF'
11-12 22:57:11 com_github_MitjaNemec_ReplicateLayout.replicate_layout 792:Net pairs for sheet ['Bottom', 'LEDs_Bottom', 'LEDS_discreet2', 'LED_single2'] :[('Net-(LED144-K)', 'Net-(LED195-K)'), ('Net-(LED143-A)', 'Net-(LED194-A)'), ('Net-(LED142-K)', 'Net-(LED193-K)'), ('/Top/GND', 'GND'), ('/Top/LEDs_Bottom/LEDS_discreet4/LED_single/LED_GREEN', '/Bottom/LEDs_Bottom/LEDS_discreet2/LED_single2/LED_GREEN'), ('/Top/LEDs_Bottom/LEDS_discreet4/LED_single/LED_RED', '/Bottom/LEDs_Bottom/LEDS_discreet2/LED_single2/LED_RED'), ('Net-(LED144-A)', 'Net-(LED195-A)'), ('Net-(LED142-A)', 'Net-(LED193-A)'), ('/Top/VDD', '/Bottom/LEDs_Bottom/VDD')]
11-12 22:57:11 com_github_MitjaNemec_ReplicateLayout.replicate_layout 1020:Replicating tracks on sheet ['Bottom', 'LEDs_Bottom', 'LEDS_discreet2', 'LED_single3']
11-12 22:57:11 com_github_MitjaNemec_ReplicateLayout.replicate_layout 835:Src fp.id: '0C09B42A-D4DF-4F87-AFF4-5296AF118FDF'
11-12 22:57:11 com_github_MitjaNemec_ReplicateLayout.replicate_layout 839:Dst fp.id: '0C09B42A-D4DF-4F87-AFF4-5296AF118FDF'
11-12 22:57:11 com_github_MitjaNemec_ReplicateLayout.replicate_layout 792:Net pairs for sheet ['Bottom', 'LEDs_Bottom', 'LEDS_discreet2', 'LED_single3'] :[('/Top/LEDs_Bottom/LEDS_discreet4/LED_single/LED_GREEN', '/Bottom/LEDs_Bottom/LEDS_discreet2/LED_single3/LED_GREEN'), ('/Top/GND', 'GND'), ('/Top/LEDs_Bottom/LEDS_discreet4/LED_single/LED_RED', '/Bottom/LEDs_Bottom/LEDS_discreet2/LED_single3/LED_RED'), ('Net-(LED144-K)', 'Net-(LED198-K)'), ('Net-(LED142-A)', 'Net-(LED196-A)'), ('/Top/VDD', '/Bottom/LEDs_Bottom/VDD'), ('Net-(LED144-A)', 'Net-(LED198-A)'), ('Net-(LED142-K)', 'Net-(LED196-K)'), ('Net-(LED143-A)', 'Net-(LED197-A)')]
11-12 22:57:11 com_github_MitjaNemec_ReplicateLayout.replicate_layout 1020:Replicating tracks on sheet ['Bottom', 'LEDs_Bottom', 'LEDS_discreet3', 'LED_single']
11-12 22:57:11 com_github_MitjaNemec_ReplicateLayout.replicate_layout 835:Src fp.id: '0C09B42A-D4DF-4F87-AFF4-5296AF118FDF'
11-12 22:57:11 com_github_MitjaNemec_ReplicateLayout.replicate_layout 839:Dst fp.id: '0C09B42A-D4DF-4F87-AFF4-5296AF118FDF'
11-12 22:57:11 com_github_MitjaNemec_ReplicateLayout.replicate_layout 792:Net pairs for sheet ['Bottom', 'LEDs_Bottom', 'LEDS_discreet3', 'LED_single'] :[('Net-(LED144-K)', 'Net-(LED129-K)'), ('Net-(LED142-A)', 'Net-(LED127-A)'), ('Net-(LED143-A)', 'Net-(LED128-A)'), ('Net-(LED142-K)', 'Net-(LED127-K)'), ('/Top/LEDs_Bottom/LEDS_discreet4/LED_single/LED_RED', '/Bottom/LEDs_Bottom/LEDS_discreet3/LED_single/LED_RED'), ('/Top/LEDs_Bottom/LEDS_discreet4/LED_single/LED_GREEN', '/Bottom/LEDs_Bottom/LEDS_discreet3/LED_single/LED_GREEN'), ('/Top/GND', 'GND'), ('Net-(LED144-A)', 'Net-(LED129-A)'), ('/Top/VDD', '/Bottom/LEDs_Bottom/VDD')]
11-12 22:57:11 root 345:updating GUI with: 12
11-12 22:57:11 com_github_MitjaNemec_ReplicateLayout.replicate_layout 1020:Replicating tracks on sheet ['Bottom', 'LEDs_Bottom', 'LEDS_discreet3', 'LED_single1']
11-12 22:57:11 com_github_MitjaNemec_ReplicateLayout.replicate_layout 835:Src fp.id: '0C09B42A-D4DF-4F87-AFF4-5296AF118FDF'
11-12 22:57:11 com_github_MitjaNemec_ReplicateLayout.replicate_layout 839:Dst fp.id: '0C09B42A-D4DF-4F87-AFF4-5296AF118FDF'
11-12 22:57:11 com_github_MitjaNemec_ReplicateLayout.replicate_layout 792:Net pairs for sheet ['Bottom', 'LEDs_Bottom', 'LEDS_discreet3', 'LED_single1'] :[('Net-(LED144-A)', 'Net-(LED132-A)'), ('Net-(LED143-A)', 'Net-(LED131-A)'), ('Net-(LED144-K)', 'Net-(LED132-K)'), ('/Top/GND', 'GND'), ('/Top/LEDs_Bottom/LEDS_discreet4/LED_single/LED_RED', '/Bottom/LEDs_Bottom/LEDS_discreet3/LED_single1/LED_RED'), ('/Top/LEDs_Bottom/LEDS_discreet4/LED_single/LED_GREEN', '/Bottom/LEDs_Bottom/LEDS_discreet3/LED_single1/LED_GREEN'), ('Net-(LED142-K)', 'Net-(LED130-K)'), ('Net-(LED142-A)', 'Net-(LED130-A)'), ('/Top/VDD', '/Bottom/LEDs_Bottom/VDD')]
11-12 22:57:11 com_github_MitjaNemec_ReplicateLayout.replicate_layout 1020:Replicating tracks on sheet ['Bottom', 'LEDs_Bottom', 'LEDS_discreet3', 'LED_single2']
11-12 22:57:11 com_github_MitjaNemec_ReplicateLayout.replicate_layout 835:Src fp.id: '0C09B42A-D4DF-4F87-AFF4-5296AF118FDF'
11-12 22:57:11 com_github_MitjaNemec_ReplicateLayout.replicate_layout 839:Dst fp.id: '0C09B42A-D4DF-4F87-AFF4-5296AF118FDF'
11-12 22:57:11 com_github_MitjaNemec_ReplicateLayout.replicate_layout 792:Net pairs for sheet ['Bottom', 'LEDs_Bottom', 'LEDS_discreet3', 'LED_single2'] :[('Net-(LED144-K)', 'Net-(LED135-K)'), ('/Top/LEDs_Bottom/LEDS_discreet4/LED_single/LED_GREEN', '/Bottom/LEDs_Bottom/LEDS_discreet3/LED_single2/LED_GREEN'), ('Net-(LED142-K)', 'Net-(LED133-K)'), ('Net-(LED142-A)', 'Net-(LED133-A)'), ('Net-(LED144-A)', 'Net-(LED135-A)'), ('/Top/GND', 'GND'), ('Net-(LED143-A)', 'Net-(LED134-A)'), ('/Top/LEDs_Bottom/LEDS_discreet4/LED_single/LED_RED', '/Bottom/LEDs_Bottom/LEDS_discreet3/LED_single2/LED_RED'), ('/Top/VDD', '/Bottom/LEDs_Bottom/VDD')]
11-12 22:57:11 com_github_MitjaNemec_ReplicateLayout.replicate_layout 1020:Replicating tracks on sheet ['Bottom', 'LEDs_Bottom', 'LEDS_discreet3', 'LED_single3']
11-12 22:57:11 com_github_MitjaNemec_ReplicateLayout.replicate_layout 835:Src fp.id: '0C09B42A-D4DF-4F87-AFF4-5296AF118FDF'
11-12 22:57:11 com_github_MitjaNemec_ReplicateLayout.replicate_layout 839:Dst fp.id: '0C09B42A-D4DF-4F87-AFF4-5296AF118FDF'
11-12 22:57:11 com_github_MitjaNemec_ReplicateLayout.replicate_layout 792:Net pairs for sheet ['Bottom', 'LEDs_Bottom', 'LEDS_discreet3', 'LED_single3'] :[('Net-(LED142-K)', 'Net-(LED136-K)'), ('/Top/LEDs_Bottom/LEDS_discreet4/LED_single/LED_RED', '/Bottom/LEDs_Bottom/LEDS_discreet3/LED_single3/LED_RED'), ('Net-(LED144-A)', 'Net-(LED138-A)'), ('Net-(LED143-A)', 'Net-(LED137-A)'), ('Net-(LED144-K)', 'Net-(LED138-K)'), ('/Top/GND', 'GND'), ('/Top/LEDs_Bottom/LEDS_discreet4/LED_single/LED_GREEN', '/Bottom/LEDs_Bottom/LEDS_discreet3/LED_single3/LED_GREEN'), ('/Top/VDD', '/Bottom/LEDs_Bottom/VDD'), ('Net-(LED142-A)', 'Net-(LED136-A)')]
11-12 22:57:11 com_github_MitjaNemec_ReplicateLayout.replicate_layout 1020:Replicating tracks on sheet ['Bottom', 'LEDs_Bottom', 'LEDS_discreet4', 'LED_single']
11-12 22:57:11 com_github_MitjaNemec_ReplicateLayout.replicate_layout 835:Src fp.id: '0C09B42A-D4DF-4F87-AFF4-5296AF118FDF'
11-12 22:57:11 com_github_MitjaNemec_ReplicateLayout.replicate_layout 839:Dst fp.id: '0C09B42A-D4DF-4F87-AFF4-5296AF118FDF'
11-12 22:57:11 com_github_MitjaNemec_ReplicateLayout.replicate_layout 792:Net pairs for sheet ['Bottom', 'LEDs_Bottom', 'LEDS_discreet4', 'LED_single'] :[('Net-(LED144-K)', 'Net-(LED159-K)'), ('Net-(LED143-A)', 'Net-(LED158-A)'), ('Net-(LED142-A)', 'Net-(LED157-A)'), ('Net-(LED142-K)', 'Net-(LED157-K)'), ('/Top/GND', 'GND'), ('Net-(LED144-A)', 'Net-(LED159-A)'), ('/Top/VDD', '/Bottom/LEDs_Bottom/VDD'), ('/Top/LEDs_Bottom/LEDS_discreet4/LED_single/LED_GREEN', '/Bottom/LEDs_Bottom/LEDS_discreet4/LED_single/LED_GREEN'), ('/Top/LEDs_Bottom/LEDS_discreet4/LED_single/LED_RED', '/Bottom/LEDs_Bottom/LEDS_discreet4/LED_single/LED_RED')]
11-12 22:57:11 root 345:updating GUI with: 19
11-12 22:57:11 com_github_MitjaNemec_ReplicateLayout.replicate_layout 1020:Replicating tracks on sheet ['Bottom', 'LEDs_Bottom', 'LEDS_discreet4', 'LED_single1']
11-12 22:57:11 com_github_MitjaNemec_ReplicateLayout.replicate_layout 835:Src fp.id: '0C09B42A-D4DF-4F87-AFF4-5296AF118FDF'
11-12 22:57:11 com_github_MitjaNemec_ReplicateLayout.replicate_layout 839:Dst fp.id: '0C09B42A-D4DF-4F87-AFF4-5296AF118FDF'
11-12 22:57:11 com_github_MitjaNemec_ReplicateLayout.replicate_layout 792:Net pairs for sheet ['Bottom', 'LEDs_Bottom', 'LEDS_discreet4', 'LED_single1'] :[('Net-(LED142-A)', 'Net-(LED160-A)'), ('Net-(LED144-A)', 'Net-(LED162-A)'), ('/Top/LEDs_Bottom/LEDS_discreet4/LED_single/LED_GREEN', '/Bottom/LEDs_Bottom/LEDS_discreet4/LED_single1/LED_GREEN'), ('Net-(LED143-A)', 'Net-(LED161-A)'), ('Net-(LED142-K)', 'Net-(LED160-K)'), ('/Top/LEDs_Bottom/LEDS_discreet4/LED_single/LED_RED', '/Bottom/LEDs_Bottom/LEDS_discreet4/LED_single1/LED_RED'), ('/Top/GND', 'GND'), ('Net-(LED144-K)', 'Net-(LED162-K)'), ('/Top/VDD', '/Bottom/LEDs_Bottom/VDD')]
11-12 22:57:11 com_github_MitjaNemec_ReplicateLayout.replicate_layout 1020:Replicating tracks on sheet ['Bottom', 'LEDs_Bottom', 'LEDS_discreet4', 'LED_single2']
11-12 22:57:11 com_github_MitjaNemec_ReplicateLayout.replicate_layout 835:Src fp.id: '0C09B42A-D4DF-4F87-AFF4-5296AF118FDF'
11-12 22:57:11 com_github_MitjaNemec_ReplicateLayout.replicate_layout 839:Dst fp.id: '0C09B42A-D4DF-4F87-AFF4-5296AF118FDF'
11-12 22:57:11 com_github_MitjaNemec_ReplicateLayout.replicate_layout 792:Net pairs for sheet ['Bottom', 'LEDs_Bottom', 'LEDS_discreet4', 'LED_single2'] :[('Net-(LED142-K)', 'Net-(LED166-K)'), ('Net-(LED144-A)', 'Net-(LED168-A)'), ('Net-(LED142-A)', 'Net-(LED166-A)'), ('/Top/LEDs_Bottom/LEDS_discreet4/LED_single/LED_RED', '/Bottom/LEDs_Bottom/LEDS_discreet4/LED_single2/LED_RED'), ('/Top/LEDs_Bottom/LEDS_discreet4/LED_single/LED_GREEN', '/Bottom/LEDs_Bottom/LEDS_discreet4/LED_single2/LED_GREEN'), ('/Top/GND', 'GND'), ('Net-(LED144-K)', 'Net-(LED168-K)'), ('/Top/VDD', '/Bottom/LEDs_Bottom/VDD'), ('Net-(LED143-A)', 'Net-(LED167-A)')]
11-12 22:57:11 com_github_MitjaNemec_ReplicateLayout.replicate_layout 1020:Replicating tracks on sheet ['Bottom', 'LEDs_Bottom', 'LEDS_discreet4', 'LED_single3']
11-12 22:57:11 com_github_MitjaNemec_ReplicateLayout.replicate_layout 835:Src fp.id: '0C09B42A-D4DF-4F87-AFF4-5296AF118FDF'
11-12 22:57:11 com_github_MitjaNemec_ReplicateLayout.replicate_layout 839:Dst fp.id: '0C09B42A-D4DF-4F87-AFF4-5296AF118FDF'
11-12 22:57:11 com_github_MitjaNemec_ReplicateLayout.replicate_layout 792:Net pairs for sheet ['Bottom', 'LEDs_Bottom', 'LEDS_discreet4', 'LED_single3'] :[('/Top/LEDs_Bottom/LEDS_discreet4/LED_single/LED_GREEN', '/Bottom/LEDs_Bottom/LEDS_discreet4/LED_single3/LED_GREEN'), ('Net-(LED142-A)', 'Net-(LED169-A)'), ('Net-(LED144-A)', 'Net-(LED171-A)'), ('Net-(LED144-K)', 'Net-(LED171-K)'), ('/Top/GND', 'GND'), ('Net-(LED143-A)', 'Net-(LED170-A)'), ('/Top/LEDs_Bottom/LEDS_discreet4/LED_single/LED_RED', '/Bottom/LEDs_Bottom/LEDS_discreet4/LED_single3/LED_RED'), ('/Top/VDD', '/Bottom/LEDs_Bottom/VDD'), ('Net-(LED142-K)', 'Net-(LED169-K)')]
11-12 22:57:11 com_github_MitjaNemec_ReplicateLayout.replicate_layout 1020:Replicating tracks on sheet ['Bottom', 'LEDs_Bottom', 'LEDS_discreet5', 'LED_single']
11-12 22:57:11 com_github_MitjaNemec_ReplicateLayout.replicate_layout 835:Src fp.id: '0C09B42A-D4DF-4F87-AFF4-5296AF118FDF'
11-12 22:57:11 com_github_MitjaNemec_ReplicateLayout.replicate_layout 839:Dst fp.id: '0C09B42A-D4DF-4F87-AFF4-5296AF118FDF'
11-12 22:57:11 com_github_MitjaNemec_ReplicateLayout.replicate_layout 792:Net pairs for sheet ['Bottom', 'LEDs_Bottom', 'LEDS_discreet5', 'LED_single'] :[('Net-(LED144-A)', 'Net-(LED216-A)'), ('Net-(LED142-A)', 'Net-(LED214-A)'), ('Net-(LED142-K)', 'Net-(LED214-K)'), ('/Top/LEDs_Bottom/LEDS_discreet4/LED_single/LED_RED', '/Bottom/LEDs_Bottom/LEDS_discreet5/LED_single/LED_RED'), ('Net-(LED143-A)', 'Net-(LED215-A)'), ('/Top/GND', 'GND'), ('/Top/LEDs_Bottom/LEDS_discreet4/LED_single/LED_GREEN', '/Bottom/LEDs_Bottom/LEDS_discreet5/LED_single/LED_GREEN'), ('/Top/VDD', '/Bottom/LEDs_Bottom/VDD'), ('Net-(LED144-K)', 'Net-(LED216-K)')]
11-12 22:57:11 root 345:updating GUI with: 25
11-12 22:57:11 com_github_MitjaNemec_ReplicateLayout.replicate_layout 1020:Replicating tracks on sheet ['Bottom', 'LEDs_Bottom', 'LEDS_discreet5', 'LED_single1']
11-12 22:57:11 com_github_MitjaNemec_ReplicateLayout.replicate_layout 835:Src fp.id: '0C09B42A-D4DF-4F87-AFF4-5296AF118FDF'
11-12 22:57:11 com_github_MitjaNemec_ReplicateLayout.replicate_layout 839:Dst fp.id: '0C09B42A-D4DF-4F87-AFF4-5296AF118FDF'
11-12 22:57:11 com_github_MitjaNemec_ReplicateLayout.replicate_layout 792:Net pairs for sheet ['Bottom', 'LEDs_Bottom', 'LEDS_discreet5', 'LED_single1'] :[('Net-(LED144-K)', 'Net-(LED219-K)'), ('/Top/LEDs_Bottom/LEDS_discreet4/LED_single/LED_RED', '/Bottom/LEDs_Bottom/LEDS_discreet5/LED_single1/LED_RED'), ('Net-(LED143-A)', 'Net-(LED218-A)'), ('/Top/LEDs_Bottom/LEDS_discreet4/LED_single/LED_GREEN', '/Bottom/LEDs_Bottom/LEDS_discreet5/LED_single1/LED_GREEN'), ('/Top/GND', 'GND'), ('Net-(LED144-A)', 'Net-(LED219-A)'), ('/Top/VDD', '/Bottom/LEDs_Bottom/VDD'), ('Net-(LED142-K)', 'Net-(LED217-K)'), ('Net-(LED142-A)', 'Net-(LED217-A)')]
11-12 22:57:11 com_github_MitjaNemec_ReplicateLayout.replicate_layout 1020:Replicating tracks on sheet ['Bottom', 'LEDs_Bottom', 'LEDS_discreet5', 'LED_single2']
11-12 22:57:11 com_github_MitjaNemec_ReplicateLayout.replicate_layout 835:Src fp.id: '0C09B42A-D4DF-4F87-AFF4-5296AF118FDF'
11-12 22:57:11 com_github_MitjaNemec_ReplicateLayout.replicate_layout 839:Dst fp.id: '0C09B42A-D4DF-4F87-AFF4-5296AF118FDF'
11-12 22:57:11 com_github_MitjaNemec_ReplicateLayout.replicate_layout 792:Net pairs for sheet ['Bottom', 'LEDs_Bottom', 'LEDS_discreet5', 'LED_single2'] :[('Net-(LED142-A)', 'Net-(LED220-A)'), ('/Top/LEDs_Bottom/LEDS_discreet4/LED_single/LED_RED', '/Bottom/LEDs_Bottom/LEDS_discreet5/LED_single2/LED_RED'), ('/Top/LEDs_Bottom/LEDS_discreet4/LED_single/LED_GREEN', '/Bottom/LEDs_Bottom/LEDS_discreet5/LED_single2/LED_GREEN'), ('Net-(LED144-A)', 'Net-(LED222-A)'), ('Net-(LED143-A)', 'Net-(LED221-A)'), ('Net-(LED142-K)', 'Net-(LED220-K)'), ('/Top/GND', 'GND'), ('Net-(LED144-K)', 'Net-(LED222-K)'), ('/Top/VDD', '/Bottom/LEDs_Bottom/VDD')]
11-12 22:57:11 com_github_MitjaNemec_ReplicateLayout.replicate_layout 1020:Replicating tracks on sheet ['Bottom', 'LEDs_Bottom', 'LEDS_discreet5', 'LED_single3']
11-12 22:57:11 com_github_MitjaNemec_ReplicateLayout.replicate_layout 835:Src fp.id: '0C09B42A-D4DF-4F87-AFF4-5296AF118FDF'
11-12 22:57:11 com_github_MitjaNemec_ReplicateLayout.replicate_layout 839:Dst fp.id: '0C09B42A-D4DF-4F87-AFF4-5296AF118FDF'
11-12 22:57:11 com_github_MitjaNemec_ReplicateLayout.replicate_layout 792:Net pairs for sheet ['Bottom', 'LEDs_Bottom', 'LEDS_discreet5', 'LED_single3'] :[('/Top/LEDs_Bottom/LEDS_discreet4/LED_single/LED_RED', '/Bottom/LEDs_Bottom/LEDS_discreet5/LED_single3/LED_RED'), ('Net-(LED143-A)', 'Net-(LED224-A)'), ('/Top/LEDs_Bottom/LEDS_discreet4/LED_single/LED_GREEN', '/Bottom/LEDs_Bottom/LEDS_discreet5/LED_single3/LED_GREEN'), ('Net-(LED144-K)', 'Net-(LED225-K)'), ('/Top/GND', 'GND'), ('/Top/VDD', '/Bottom/LEDs_Bottom/VDD'), ('Net-(LED142-A)', 'Net-(LED223-A)'), ('Net-(LED144-A)', 'Net-(LED225-A)'), ('Net-(LED142-K)', 'Net-(LED223-K)')]
11-12 22:57:11 com_github_MitjaNemec_ReplicateLayout.replicate_layout 1020:Replicating tracks on sheet ['Bottom', 'LEDs_Bottom', 'LEDS_discreet6', 'LED_single']
11-12 22:57:11 com_github_MitjaNemec_ReplicateLayout.replicate_layout 835:Src fp.id: '0C09B42A-D4DF-4F87-AFF4-5296AF118FDF'
11-12 22:57:11 com_github_MitjaNemec_ReplicateLayout.replicate_layout 839:Dst fp.id: '0C09B42A-D4DF-4F87-AFF4-5296AF118FDF'
11-12 22:57:11 com_github_MitjaNemec_ReplicateLayout.replicate_layout 792:Net pairs for sheet ['Bottom', 'LEDs_Bottom', 'LEDS_discreet6', 'LED_single'] :[('Net-(LED143-A)', 'Net-(LED239-A)'), ('/Top/LEDs_Bottom/LEDS_discreet4/LED_single/LED_GREEN', '/Bottom/LEDs_Bottom/LEDS_discreet6/LED_single/LED_GREEN'), ('Net-(LED144-A)', 'Net-(LED240-A)'), ('Net-(LED142-A)', 'Net-(LED238-A)'), ('Net-(LED142-K)', 'Net-(LED238-K)'), ('/Top/LEDs_Bottom/LEDS_discreet4/LED_single/LED_RED', '/Bottom/LEDs_Bottom/LEDS_discreet6/LED_single/LED_RED'), ('/Top/GND', 'GND'), ('Net-(LED144-K)', 'Net-(LED240-K)'), ('/Top/VDD', '/Bottom/LEDs_Bottom/VDD')]
11-12 22:57:11 root 345:updating GUI with: 31
11-12 22:57:11 com_github_MitjaNemec_ReplicateLayout.replicate_layout 1020:Replicating tracks on sheet ['Bottom', 'LEDs_Bottom', 'LEDS_discreet6', 'LED_single1']
11-12 22:57:11 com_github_MitjaNemec_ReplicateLayout.replicate_layout 835:Src fp.id: '0C09B42A-D4DF-4F87-AFF4-5296AF118FDF'
11-12 22:57:11 com_github_MitjaNemec_ReplicateLayout.replicate_layout 839:Dst fp.id: '0C09B42A-D4DF-4F87-AFF4-5296AF118FDF'
11-12 22:57:11 com_github_MitjaNemec_ReplicateLayout.replicate_layout 792:Net pairs for sheet ['Bottom', 'LEDs_Bottom', 'LEDS_discreet6', 'LED_single1'] :[('Net-(LED142-A)', 'Net-(LED241-A)'), ('Net-(LED142-K)', 'Net-(LED241-K)'), ('Net-(LED144-K)', 'Net-(LED243-K)'), ('/Top/GND', 'GND'), ('Net-(LED144-A)', 'Net-(LED243-A)'), ('Net-(LED143-A)', 'Net-(LED242-A)'), ('/Top/LEDs_Bottom/LEDS_discreet4/LED_single/LED_GREEN', '/Bottom/LEDs_Bottom/LEDS_discreet6/LED_single1/LED_GREEN'), ('/Top/VDD', '/Bottom/LEDs_Bottom/VDD'), ('/Top/LEDs_Bottom/LEDS_discreet4/LED_single/LED_RED', '/Bottom/LEDs_Bottom/LEDS_discreet6/LED_single1/LED_RED')]
11-12 22:57:11 com_github_MitjaNemec_ReplicateLayout.replicate_layout 1020:Replicating tracks on sheet ['Bottom', 'LEDs_Bottom', 'LEDS_discreet6', 'LED_single2']
11-12 22:57:11 com_github_MitjaNemec_ReplicateLayout.replicate_layout 835:Src fp.id: '0C09B42A-D4DF-4F87-AFF4-5296AF118FDF'
11-12 22:57:11 com_github_MitjaNemec_ReplicateLayout.replicate_layout 839:Dst fp.id: '0C09B42A-D4DF-4F87-AFF4-5296AF118FDF'
11-12 22:57:11 com_github_MitjaNemec_ReplicateLayout.replicate_layout 792:Net pairs for sheet ['Bottom', 'LEDs_Bottom', 'LEDS_discreet6', 'LED_single2'] :[('Net-(LED143-A)', 'Net-(LED245-A)'), ('/Top/LEDs_Bottom/LEDS_discreet4/LED_single/LED_RED', '/Bottom/LEDs_Bottom/LEDS_discreet6/LED_single2/LED_RED'), ('Net-(LED144-A)', 'Net-(LED246-A)'), ('Net-(LED142-A)', 'Net-(LED244-A)'), ('/Top/LEDs_Bottom/LEDS_discreet4/LED_single/LED_GREEN', '/Bottom/LEDs_Bottom/LEDS_discreet6/LED_single2/LED_GREEN'), ('/Top/GND', 'GND'), ('Net-(LED144-K)', 'Net-(LED246-K)'), ('Net-(LED142-K)', 'Net-(LED244-K)'), ('/Top/VDD', '/Bottom/LEDs_Bottom/VDD')]
11-12 22:57:11 com_github_MitjaNemec_ReplicateLayout.replicate_layout 1020:Replicating tracks on sheet ['Bottom', 'LEDs_Bottom', 'LEDS_discreet6', 'LED_single3']
11-12 22:57:11 com_github_MitjaNemec_ReplicateLayout.replicate_layout 835:Src fp.id: '0C09B42A-D4DF-4F87-AFF4-5296AF118FDF'
11-12 22:57:11 com_github_MitjaNemec_ReplicateLayout.replicate_layout 839:Dst fp.id: '0C09B42A-D4DF-4F87-AFF4-5296AF118FDF'
11-12 22:57:11 com_github_MitjaNemec_ReplicateLayout.replicate_layout 792:Net pairs for sheet ['Bottom', 'LEDs_Bottom', 'LEDS_discreet6', 'LED_single3'] :[('Net-(LED143-A)', 'Net-(LED248-A)'), ('Net-(LED144-A)', 'Net-(LED249-A)'), ('Net-(LED142-K)', 'Net-(LED247-K)'), ('/Top/LEDs_Bottom/LEDS_discreet4/LED_single/LED_GREEN', '/Bottom/LEDs_Bottom/LEDS_discreet6/LED_single3/LED_GREEN'), ('Net-(LED144-K)', 'Net-(LED249-K)'), ('/Top/LEDs_Bottom/LEDS_discreet4/LED_single/LED_RED', '/Bottom/LEDs_Bottom/LEDS_discreet6/LED_single3/LED_RED'), ('/Top/GND', 'GND'), ('Net-(LED142-A)', 'Net-(LED247-A)'), ('/Top/VDD', '/Bottom/LEDs_Bottom/VDD')]
11-12 22:57:11 com_github_MitjaNemec_ReplicateLayout.replicate_layout 1020:Replicating tracks on sheet ['Bottom', 'LEDs_Bottom', 'LEDS_discreet7', 'LED_single']
11-12 22:57:11 com_github_MitjaNemec_ReplicateLayout.replicate_layout 835:Src fp.id: '0C09B42A-D4DF-4F87-AFF4-5296AF118FDF'
11-12 22:57:11 com_github_MitjaNemec_ReplicateLayout.replicate_layout 839:Dst fp.id: '0C09B42A-D4DF-4F87-AFF4-5296AF118FDF'
11-12 22:57:11 com_github_MitjaNemec_ReplicateLayout.replicate_layout 792:Net pairs for sheet ['Bottom', 'LEDs_Bottom', 'LEDS_discreet7', 'LED_single'] :[('Net-(LED143-A)', 'Net-(LED263-A)'), ('/Top/LEDs_Bottom/LEDS_discreet4/LED_single/LED_GREEN', '/Bottom/LEDs_Bottom/LEDS_discreet7/LED_single/LED_GREEN'), ('Net-(LED144-A)', 'Net-(LED264-A)'), ('/Top/GND', 'GND'), ('/Top/LEDs_Bottom/LEDS_discreet4/LED_single/LED_RED', '/Bottom/LEDs_Bottom/LEDS_discreet7/LED_single/LED_RED'), ('Net-(LED144-K)', 'Net-(LED264-K)'), ('Net-(LED142-A)', 'Net-(LED262-A)'), ('/Top/VDD', '/Bottom/LEDs_Bottom/VDD'), ('Net-(LED142-K)', 'Net-(LED262-K)')]
11-12 22:57:11 root 345:updating GUI with: 38
11-12 22:57:11 com_github_MitjaNemec_ReplicateLayout.replicate_layout 1020:Replicating tracks on sheet ['Bottom', 'LEDs_Bottom', 'LEDS_discreet7', 'LED_single1']
11-12 22:57:11 com_github_MitjaNemec_ReplicateLayout.replicate_layout 835:Src fp.id: '0C09B42A-D4DF-4F87-AFF4-5296AF118FDF'
11-12 22:57:11 com_github_MitjaNemec_ReplicateLayout.replicate_layout 839:Dst fp.id: '0C09B42A-D4DF-4F87-AFF4-5296AF118FDF'
11-12 22:57:11 com_github_MitjaNemec_ReplicateLayout.replicate_layout 792:Net pairs for sheet ['Bottom', 'LEDs_Bottom', 'LEDS_discreet7', 'LED_single1'] :[('Net-(LED143-A)', 'Net-(LED266-A)'), ('/Top/LEDs_Bottom/LEDS_discreet4/LED_single/LED_GREEN', '/Bottom/LEDs_Bottom/LEDS_discreet7/LED_single1/LED_GREEN'), ('Net-(LED142-A)', 'Net-(LED265-A)'), ('/Top/LEDs_Bottom/LEDS_discreet4/LED_single/LED_RED', '/Bottom/LEDs_Bottom/LEDS_discreet7/LED_single1/LED_RED'), ('/Top/GND', 'GND'), ('Net-(LED144-A)', 'Net-(LED267-A)'), ('Net-(LED142-K)', 'Net-(LED265-K)'), ('/Top/VDD', '/Bottom/LEDs_Bottom/VDD'), ('Net-(LED144-K)', 'Net-(LED267-K)')]
11-12 22:57:11 com_github_MitjaNemec_ReplicateLayout.replicate_layout 1020:Replicating tracks on sheet ['Bottom', 'LEDs_Bottom', 'LEDS_discreet7', 'LED_single2']
11-12 22:57:11 com_github_MitjaNemec_ReplicateLayout.replicate_layout 835:Src fp.id: '0C09B42A-D4DF-4F87-AFF4-5296AF118FDF'
11-12 22:57:11 com_github_MitjaNemec_ReplicateLayout.replicate_layout 839:Dst fp.id: '0C09B42A-D4DF-4F87-AFF4-5296AF118FDF'
11-12 22:57:11 com_github_MitjaNemec_ReplicateLayout.replicate_layout 792:Net pairs for sheet ['Bottom', 'LEDs_Bottom', 'LEDS_discreet7', 'LED_single2'] :[('/Top/LEDs_Bottom/LEDS_discreet4/LED_single/LED_GREEN', '/Bottom/LEDs_Bottom/LEDS_discreet7/LED_single2/LED_GREEN'), ('Net-(LED144-K)', 'Net-(LED270-K)'), ('Net-(LED142-K)', 'Net-(LED268-K)'), ('Net-(LED142-A)', 'Net-(LED268-A)'), ('Net-(LED144-A)', 'Net-(LED270-A)'), ('/Top/LEDs_Bottom/LEDS_discreet4/LED_single/LED_RED', '/Bottom/LEDs_Bottom/LEDS_discreet7/LED_single2/LED_RED'), ('/Top/GND', 'GND'), ('/Top/VDD', '/Bottom/LEDs_Bottom/VDD'), ('Net-(LED143-A)', 'Net-(LED269-A)')]
11-12 22:57:11 com_github_MitjaNemec_ReplicateLayout.replicate_layout 1020:Replicating tracks on sheet ['Bottom', 'LEDs_Bottom', 'LEDS_discreet7', 'LED_single3']
11-12 22:57:11 com_github_MitjaNemec_ReplicateLayout.replicate_layout 835:Src fp.id: '0C09B42A-D4DF-4F87-AFF4-5296AF118FDF'
11-12 22:57:11 com_github_MitjaNemec_ReplicateLayout.replicate_layout 839:Dst fp.id: '0C09B42A-D4DF-4F87-AFF4-5296AF118FDF'
11-12 22:57:11 com_github_MitjaNemec_ReplicateLayout.replicate_layout 792:Net pairs for sheet ['Bottom', 'LEDs_Bottom', 'LEDS_discreet7', 'LED_single3'] :[('Net-(LED142-A)', 'Net-(LED271-A)'), ('Net-(LED143-A)', 'Net-(LED272-A)'), ('Net-(LED142-K)', 'Net-(LED271-K)'), ('/Top/LEDs_Bottom/LEDS_discreet4/LED_single/LED_RED', '/Bottom/LEDs_Bottom/LEDS_discreet7/LED_single3/LED_RED'), ('Net-(LED144-A)', 'Net-(LED273-A)'), ('/Top/GND', 'GND'), ('Net-(LED144-K)', 'Net-(LED273-K)'), ('/Top/VDD', '/Bottom/LEDs_Bottom/VDD'), ('/Top/LEDs_Bottom/LEDS_discreet4/LED_single/LED_GREEN', '/Bottom/LEDs_Bottom/LEDS_discreet7/LED_single3/LED_GREEN')]
11-12 22:57:11 root 345:updating GUI with: 44
11-12 22:57:11 com_github_MitjaNemec_ReplicateLayout.replicate_layout 1020:Replicating tracks on sheet ['Bottom', 'LEDs_Bottom', 'LEDS_discreet8', 'LED_single']
11-12 22:57:11 com_github_MitjaNemec_ReplicateLayout.replicate_layout 835:Src fp.id: '0C09B42A-D4DF-4F87-AFF4-5296AF118FDF'
11-12 22:57:11 com_github_MitjaNemec_ReplicateLayout.replicate_layout 839:Dst fp.id: '0C09B42A-D4DF-4F87-AFF4-5296AF118FDF'
11-12 22:57:11 com_github_MitjaNemec_ReplicateLayout.replicate_layout 792:Net pairs for sheet ['Bottom', 'LEDs_Bottom', 'LEDS_discreet8', 'LED_single'] :[('/Top/LEDs_Bottom/LEDS_discreet4/LED_single/LED_RED', '/Bottom/LEDs_Bottom/LEDS_discreet8/LED_single/LED_RED'), ('Net-(LED144-A)', 'Net-(LED288-A)'), ('Net-(LED143-A)', 'Net-(LED287-A)'), ('/Top/LEDs_Bottom/LEDS_discreet4/LED_single/LED_GREEN', '/Bottom/LEDs_Bottom/LEDS_discreet8/LED_single/LED_GREEN'), ('Net-(LED142-A)', 'Net-(LED286-A)'), ('/Top/GND', 'GND'), ('/Top/VDD', '/Bottom/LEDs_Bottom/VDD'), ('Net-(LED144-K)', 'Net-(LED288-K)'), ('Net-(LED142-K)', 'Net-(LED286-K)')]
11-12 22:57:11 com_github_MitjaNemec_ReplicateLayout.replicate_layout 1020:Replicating tracks on sheet ['Bottom', 'LEDs_Bottom', 'LEDS_discreet8', 'LED_single1']
11-12 22:57:11 com_github_MitjaNemec_ReplicateLayout.replicate_layout 835:Src fp.id: '0C09B42A-D4DF-4F87-AFF4-5296AF118FDF'
11-12 22:57:11 com_github_MitjaNemec_ReplicateLayout.replicate_layout 839:Dst fp.id: '0C09B42A-D4DF-4F87-AFF4-5296AF118FDF'
11-12 22:57:11 com_github_MitjaNemec_ReplicateLayout.replicate_layout 792:Net pairs for sheet ['Bottom', 'LEDs_Bottom', 'LEDS_discreet8', 'LED_single1'] :[('/Top/LEDs_Bottom/LEDS_discreet4/LED_single/LED_GREEN', '/Bottom/LEDs_Bottom/LEDS_discreet8/LED_single1/LED_GREEN'), ('Net-(LED142-A)', 'Net-(LED289-A)'), ('Net-(LED142-K)', 'Net-(LED289-K)'), ('Net-(LED143-A)', 'Net-(LED290-A)'), ('/Top/GND', 'GND'), ('Net-(LED144-K)', 'Net-(LED291-K)'), ('/Top/LEDs_Bottom/LEDS_discreet4/LED_single/LED_RED', '/Bottom/LEDs_Bottom/LEDS_discreet8/LED_single1/LED_RED'), ('Net-(LED144-A)', 'Net-(LED291-A)'), ('/Top/VDD', '/Bottom/LEDs_Bottom/VDD')]
11-12 22:57:11 com_github_MitjaNemec_ReplicateLayout.replicate_layout 1020:Replicating tracks on sheet ['Bottom', 'LEDs_Bottom', 'LEDS_discreet8', 'LED_single2']
11-12 22:57:11 com_github_MitjaNemec_ReplicateLayout.replicate_layout 835:Src fp.id: '0C09B42A-D4DF-4F87-AFF4-5296AF118FDF'
11-12 22:57:11 com_github_MitjaNemec_ReplicateLayout.replicate_layout 839:Dst fp.id: '0C09B42A-D4DF-4F87-AFF4-5296AF118FDF'
11-12 22:57:11 com_github_MitjaNemec_ReplicateLayout.replicate_layout 792:Net pairs for sheet ['Bottom', 'LEDs_Bottom', 'LEDS_discreet8', 'LED_single2'] :[('Net-(LED144-K)', 'Net-(LED294-K)'), ('/Top/LEDs_Bottom/LEDS_discreet4/LED_single/LED_GREEN', '/Bottom/LEDs_Bottom/LEDS_discreet8/LED_single2/LED_GREEN'), ('Net-(LED142-A)', 'Net-(LED292-A)'), ('Net-(LED143-A)', 'Net-(LED293-A)'), ('/Top/LEDs_Bottom/LEDS_discreet4/LED_single/LED_RED', '/Bottom/LEDs_Bottom/LEDS_discreet8/LED_single2/LED_RED'), ('/Top/GND', 'GND'), ('Net-(LED144-A)', 'Net-(LED294-A)'), ('Net-(LED142-K)', 'Net-(LED292-K)'), ('/Top/VDD', '/Bottom/LEDs_Bottom/VDD')]
11-12 22:57:11 com_github_MitjaNemec_ReplicateLayout.replicate_layout 1020:Replicating tracks on sheet ['Bottom', 'LEDs_Bottom', 'LEDS_discreet8', 'LED_single3']
11-12 22:57:11 com_github_MitjaNemec_ReplicateLayout.replicate_layout 835:Src fp.id: '0C09B42A-D4DF-4F87-AFF4-5296AF118FDF'
11-12 22:57:11 com_github_MitjaNemec_ReplicateLayout.replicate_layout 839:Dst fp.id: '0C09B42A-D4DF-4F87-AFF4-5296AF118FDF'
11-12 22:57:11 com_github_MitjaNemec_ReplicateLayout.replicate_layout 792:Net pairs for sheet ['Bottom', 'LEDs_Bottom', 'LEDS_discreet8', 'LED_single3'] :[('/Top/LEDs_Bottom/LEDS_discreet4/LED_single/LED_GREEN', '/Bottom/LEDs_Bottom/LEDS_discreet8/LED_single3/LED_GREEN'), ('Net-(LED144-K)', 'Net-(LED297-K)'), ('Net-(LED143-A)', 'Net-(LED296-A)'), ('/Top/GND', 'GND'), ('/Top/LEDs_Bottom/LEDS_discreet4/LED_single/LED_RED', '/Bottom/LEDs_Bottom/LEDS_discreet8/LED_single3/LED_RED'), ('/Top/VDD', '/Bottom/LEDs_Bottom/VDD'), ('Net-(LED142-K)', 'Net-(LED295-K)'), ('Net-(LED144-A)', 'Net-(LED297-A)'), ('Net-(LED142-A)', 'Net-(LED295-A)')]
11-12 22:57:11 root 345:updating GUI with: 49
11-12 22:57:11 com_github_MitjaNemec_ReplicateLayout.replicate_layout 1020:Replicating tracks on sheet ['Top', 'LEDs_Bottom', 'LEDS_discreet', 'LED_single']
11-12 22:57:11 com_github_MitjaNemec_ReplicateLayout.replicate_layout 835:Src fp.id: '0C09B42A-D4DF-4F87-AFF4-5296AF118FDF'
11-12 22:57:11 com_github_MitjaNemec_ReplicateLayout.replicate_layout 839:Dst fp.id: '0C09B42A-D4DF-4F87-AFF4-5296AF118FDF'
11-12 22:57:11 com_github_MitjaNemec_ReplicateLayout.replicate_layout 792:Net pairs for sheet ['Top', 'LEDs_Bottom', 'LEDS_discreet', 'LED_single'] :[('/Top/LEDs_Bottom/LEDS_discreet4/LED_single/LED_RED', '/Top/LEDs_Bottom/LEDS_discreet/LED_single/LED_RED'), ('Net-(LED142-K)', 'Net-(LED199-K)'), ('Net-(LED142-A)', 'Net-(LED199-A)'), ('/Top/LEDs_Bottom/LEDS_discreet4/LED_single/LED_GREEN', '/Top/LEDs_Bottom/LEDS_discreet/LED_single/LED_GREEN'), ('Net-(LED143-A)', 'Net-(LED200-A)'), ('Net-(LED144-K)', 'Net-(LED201-K)'), ('/Top/GND', '/Top/GND'), ('/Top/VDD', '/Top/VDD'), ('Net-(LED144-A)', 'Net-(LED201-A)')]
11-12 22:57:11 com_github_MitjaNemec_ReplicateLayout.replicate_layout 1020:Replicating tracks on sheet ['Top', 'LEDs_Bottom', 'LEDS_discreet', 'LED_single1']
11-12 22:57:11 com_github_MitjaNemec_ReplicateLayout.replicate_layout 835:Src fp.id: '0C09B42A-D4DF-4F87-AFF4-5296AF118FDF'
11-12 22:57:11 com_github_MitjaNemec_ReplicateLayout.replicate_layout 839:Dst fp.id: '0C09B42A-D4DF-4F87-AFF4-5296AF118FDF'
11-12 22:57:11 com_github_MitjaNemec_ReplicateLayout.replicate_layout 792:Net pairs for sheet ['Top', 'LEDs_Bottom', 'LEDS_discreet', 'LED_single1'] :[('Net-(LED144-A)', 'Net-(LED126-A)'), ('Net-(LED143-A)', 'Net-(LED125-A)'), ('Net-(LED142-K)', 'Net-(LED124-K)'), ('/Top/GND', '/Top/GND'), ('/Top/LEDs_Bottom/LEDS_discreet4/LED_single/LED_RED', '/Top/LEDs_Bottom/LEDS_discreet/LED_single1/LED_RED'), ('Net-(LED144-K)', 'Net-(LED126-K)'), ('Net-(LED142-A)', 'Net-(LED124-A)'), ('/Top/LEDs_Bottom/LEDS_discreet4/LED_single/LED_GREEN', '/Top/LEDs_Bottom/LEDS_discreet/LED_single1/LED_GREEN'), ('/Top/VDD', '/Top/VDD')]
11-12 22:57:11 com_github_MitjaNemec_ReplicateLayout.replicate_layout 1020:Replicating tracks on sheet ['Top', 'LEDs_Bottom', 'LEDS_discreet', 'LED_single2']
11-12 22:57:11 com_github_MitjaNemec_ReplicateLayout.replicate_layout 835:Src fp.id: '0C09B42A-D4DF-4F87-AFF4-5296AF118FDF'
11-12 22:57:11 com_github_MitjaNemec_ReplicateLayout.replicate_layout 839:Dst fp.id: '0C09B42A-D4DF-4F87-AFF4-5296AF118FDF'
11-12 22:57:11 com_github_MitjaNemec_ReplicateLayout.replicate_layout 792:Net pairs for sheet ['Top', 'LEDs_Bottom', 'LEDS_discreet', 'LED_single2'] :[('Net-(LED143-A)', 'Net-(LED155-A)'), ('Net-(LED144-K)', 'Net-(LED156-K)'), ('/Top/LEDs_Bottom/LEDS_discreet4/LED_single/LED_GREEN', '/Top/LEDs_Bottom/LEDS_discreet/LED_single2/LED_GREEN'), ('/Top/GND', '/Top/GND'), ('Net-(LED142-K)', 'Net-(LED154-K)'), ('Net-(LED144-A)', 'Net-(LED156-A)'), ('/Top/VDD', '/Top/VDD'), ('Net-(LED142-A)', 'Net-(LED154-A)'), ('/Top/LEDs_Bottom/LEDS_discreet4/LED_single/LED_RED', '/Top/LEDs_Bottom/LEDS_discreet/LED_single2/LED_RED')]
11-12 22:57:11 com_github_MitjaNemec_ReplicateLayout.replicate_layout 1020:Replicating tracks on sheet ['Top', 'LEDs_Bottom', 'LEDS_discreet', 'LED_single3']
11-12 22:57:11 com_github_MitjaNemec_ReplicateLayout.replicate_layout 835:Src fp.id: '0C09B42A-D4DF-4F87-AFF4-5296AF118FDF'
11-12 22:57:11 com_github_MitjaNemec_ReplicateLayout.replicate_layout 839:Dst fp.id: '0C09B42A-D4DF-4F87-AFF4-5296AF118FDF'
11-12 22:57:11 com_github_MitjaNemec_ReplicateLayout.replicate_layout 792:Net pairs for sheet ['Top', 'LEDs_Bottom', 'LEDS_discreet', 'LED_single3'] :[('/Top/LEDs_Bottom/LEDS_discreet4/LED_single/LED_GREEN', '/Top/LEDs_Bottom/LEDS_discreet/LED_single3/LED_GREEN'), ('Net-(LED144-A)', 'Net-(LED174-A)'), ('Net-(LED142-A)', 'Net-(LED172-A)'), ('/Top/GND', '/Top/GND'), ('Net-(LED143-A)', 'Net-(LED173-A)'), ('Net-(LED144-K)', 'Net-(LED174-K)'), ('Net-(LED142-K)', 'Net-(LED172-K)'), ('/Top/VDD', '/Top/VDD'), ('/Top/LEDs_Bottom/LEDS_discreet4/LED_single/LED_RED', '/Top/LEDs_Bottom/LEDS_discreet/LED_single3/LED_RED')]
11-12 22:57:11 root 345:updating GUI with: 55
11-12 22:57:11 com_github_MitjaNemec_ReplicateLayout.replicate_layout 1020:Replicating tracks on sheet ['Top', 'LEDs_Bottom', 'LEDS_discreet2', 'LED_single']
11-12 22:57:11 com_github_MitjaNemec_ReplicateLayout.replicate_layout 835:Src fp.id: '0C09B42A-D4DF-4F87-AFF4-5296AF118FDF'
11-12 22:57:11 com_github_MitjaNemec_ReplicateLayout.replicate_layout 839:Dst fp.id: '0C09B42A-D4DF-4F87-AFF4-5296AF118FDF'
11-12 22:57:11 com_github_MitjaNemec_ReplicateLayout.replicate_layout 792:Net pairs for sheet ['Top', 'LEDs_Bottom', 'LEDS_discreet2', 'LED_single'] :[('/Top/LEDs_Bottom/LEDS_discreet4/LED_single/LED_GREEN', '/Top/LEDs_Bottom/LEDS_discreet2/LED_single/LED_GREEN'), ('/Top/LEDs_Bottom/LEDS_discreet4/LED_single/LED_RED', '/Top/LEDs_Bottom/LEDS_discreet2/LED_single/LED_RED'), ('Net-(LED143-A)', 'Net-(LED176-A)'), ('/Top/GND', '/Top/GND'), ('Net-(LED142-K)', 'Net-(LED175-K)'), ('Net-(LED142-A)', 'Net-(LED175-A)'), ('Net-(LED144-A)', 'Net-(LED177-A)'), ('/Top/VDD', '/Top/VDD'), ('Net-(LED144-K)', 'Net-(LED177-K)')]
11-12 22:57:11 com_github_MitjaNemec_ReplicateLayout.replicate_layout 1020:Replicating tracks on sheet ['Top', 'LEDs_Bottom', 'LEDS_discreet2', 'LED_single1']
11-12 22:57:11 com_github_MitjaNemec_ReplicateLayout.replicate_layout 835:Src fp.id: '0C09B42A-D4DF-4F87-AFF4-5296AF118FDF'
11-12 22:57:11 com_github_MitjaNemec_ReplicateLayout.replicate_layout 839:Dst fp.id: '0C09B42A-D4DF-4F87-AFF4-5296AF118FDF'
11-12 22:57:11 com_github_MitjaNemec_ReplicateLayout.replicate_layout 792:Net pairs for sheet ['Top', 'LEDs_Bottom', 'LEDS_discreet2', 'LED_single1'] :[('Net-(LED142-A)', 'Net-(LED178-A)'), ('/Top/LEDs_Bottom/LEDS_discreet4/LED_single/LED_GREEN', '/Top/LEDs_Bottom/LEDS_discreet2/LED_single1/LED_GREEN'), ('/Top/LEDs_Bottom/LEDS_discreet4/LED_single/LED_RED', '/Top/LEDs_Bottom/LEDS_discreet2/LED_single1/LED_RED'), ('Net-(LED144-K)', 'Net-(LED180-K)'), ('/Top/GND', '/Top/GND'), ('Net-(LED143-A)', 'Net-(LED179-A)'), ('Net-(LED144-A)', 'Net-(LED180-A)'), ('Net-(LED142-K)', 'Net-(LED178-K)'), ('/Top/VDD', '/Top/VDD')]
11-12 22:57:11 com_github_MitjaNemec_ReplicateLayout.replicate_layout 1020:Replicating tracks on sheet ['Top', 'LEDs_Bottom', 'LEDS_discreet2', 'LED_single2']
11-12 22:57:11 com_github_MitjaNemec_ReplicateLayout.replicate_layout 835:Src fp.id: '0C09B42A-D4DF-4F87-AFF4-5296AF118FDF'
11-12 22:57:11 com_github_MitjaNemec_ReplicateLayout.replicate_layout 839:Dst fp.id: '0C09B42A-D4DF-4F87-AFF4-5296AF118FDF'
11-12 22:57:11 com_github_MitjaNemec_ReplicateLayout.replicate_layout 792:Net pairs for sheet ['Top', 'LEDs_Bottom', 'LEDS_discreet2', 'LED_single2'] :[('/Top/LEDs_Bottom/LEDS_discreet4/LED_single/LED_GREEN', '/Top/LEDs_Bottom/LEDS_discreet2/LED_single2/LED_GREEN'), ('Net-(LED143-A)', 'Net-(LED182-A)'), ('/Top/GND', '/Top/GND'), ('Net-(LED144-K)', 'Net-(LED183-K)'), ('Net-(LED144-A)', 'Net-(LED183-A)'), ('/Top/LEDs_Bottom/LEDS_discreet4/LED_single/LED_RED', '/Top/LEDs_Bottom/LEDS_discreet2/LED_single2/LED_RED'), ('Net-(LED142-K)', 'Net-(LED181-K)'), ('/Top/VDD', '/Top/VDD'), ('Net-(LED142-A)', 'Net-(LED181-A)')]
11-12 22:57:11 root 345:updating GUI with: 60
11-12 22:57:11 com_github_MitjaNemec_ReplicateLayout.replicate_layout 1020:Replicating tracks on sheet ['Top', 'LEDs_Bottom', 'LEDS_discreet2', 'LED_single3']
11-12 22:57:11 com_github_MitjaNemec_ReplicateLayout.replicate_layout 835:Src fp.id: '0C09B42A-D4DF-4F87-AFF4-5296AF118FDF'
11-12 22:57:11 com_github_MitjaNemec_ReplicateLayout.replicate_layout 839:Dst fp.id: '0C09B42A-D4DF-4F87-AFF4-5296AF118FDF'
11-12 22:57:11 com_github_MitjaNemec_ReplicateLayout.replicate_layout 792:Net pairs for sheet ['Top', 'LEDs_Bottom', 'LEDS_discreet2', 'LED_single3'] :[('Net-(LED143-A)', 'Net-(LED185-A)'), ('/Top/VDD', '/Top/VDD'), ('Net-(LED142-K)', 'Net-(LED184-K)'), ('/Top/LEDs_Bottom/LEDS_discreet4/LED_single/LED_GREEN', '/Top/LEDs_Bottom/LEDS_discreet2/LED_single3/LED_GREEN'), ('Net-(LED142-A)', 'Net-(LED184-A)'), ('/Top/GND', '/Top/GND'), ('Net-(LED144-A)', 'Net-(LED186-A)'), ('Net-(LED144-K)', 'Net-(LED186-K)'), ('/Top/LEDs_Bottom/LEDS_discreet4/LED_single/LED_RED', '/Top/LEDs_Bottom/LEDS_discreet2/LED_single3/LED_RED')]
11-12 22:57:11 com_github_MitjaNemec_ReplicateLayout.replicate_layout 1020:Replicating tracks on sheet ['Top', 'LEDs_Bottom', 'LEDS_discreet3', 'LED_single']
11-12 22:57:11 com_github_MitjaNemec_ReplicateLayout.replicate_layout 835:Src fp.id: '0C09B42A-D4DF-4F87-AFF4-5296AF118FDF'
11-12 22:57:11 com_github_MitjaNemec_ReplicateLayout.replicate_layout 839:Dst fp.id: '0C09B42A-D4DF-4F87-AFF4-5296AF118FDF'
11-12 22:57:11 com_github_MitjaNemec_ReplicateLayout.replicate_layout 792:Net pairs for sheet ['Top', 'LEDs_Bottom', 'LEDS_discreet3', 'LED_single'] :[('Net-(LED142-K)', 'Net-(LED112-K)'), ('/Top/LEDs_Bottom/LEDS_discreet4/LED_single/LED_GREEN', '/Top/LEDs_Bottom/LEDS_discreet3/LED_single/LED_GREEN'), ('Net-(LED144-K)', 'Net-(LED114-K)'), ('Net-(LED143-A)', 'Net-(LED113-A)'), ('/Top/GND', '/Top/GND'), ('Net-(LED142-A)', 'Net-(LED112-A)'), ('Net-(LED144-A)', 'Net-(LED114-A)'), ('/Top/VDD', '/Top/VDD'), ('/Top/LEDs_Bottom/LEDS_discreet4/LED_single/LED_RED', '/Top/LEDs_Bottom/LEDS_discreet3/LED_single/LED_RED')]
11-12 22:57:11 com_github_MitjaNemec_ReplicateLayout.replicate_layout 1020:Replicating tracks on sheet ['Top', 'LEDs_Bottom', 'LEDS_discreet3', 'LED_single1']
11-12 22:57:11 com_github_MitjaNemec_ReplicateLayout.replicate_layout 835:Src fp.id: '0C09B42A-D4DF-4F87-AFF4-5296AF118FDF'
11-12 22:57:11 com_github_MitjaNemec_ReplicateLayout.replicate_layout 839:Dst fp.id: '0C09B42A-D4DF-4F87-AFF4-5296AF118FDF'
11-12 22:57:11 com_github_MitjaNemec_ReplicateLayout.replicate_layout 792:Net pairs for sheet ['Top', 'LEDs_Bottom', 'LEDS_discreet3', 'LED_single1'] :[('/Top/LEDs_Bottom/LEDS_discreet4/LED_single/LED_RED', '/Top/LEDs_Bottom/LEDS_discreet3/LED_single1/LED_RED'), ('Net-(LED142-A)', 'Net-(LED115-A)'), ('/Top/GND', '/Top/GND'), ('Net-(LED144-K)', 'Net-(LED117-K)'), ('Net-(LED143-A)', 'Net-(LED116-A)'), ('/Top/LEDs_Bottom/LEDS_discreet4/LED_single/LED_GREEN', '/Top/LEDs_Bottom/LEDS_discreet3/LED_single1/LED_GREEN'), ('/Top/VDD', '/Top/VDD'), ('Net-(LED142-K)', 'Net-(LED115-K)'), ('Net-(LED144-A)', 'Net-(LED117-A)')]
11-12 22:57:11 com_github_MitjaNemec_ReplicateLayout.replicate_layout 1020:Replicating tracks on sheet ['Top', 'LEDs_Bottom', 'LEDS_discreet3', 'LED_single2']
11-12 22:57:11 com_github_MitjaNemec_ReplicateLayout.replicate_layout 835:Src fp.id: '0C09B42A-D4DF-4F87-AFF4-5296AF118FDF'
11-12 22:57:11 com_github_MitjaNemec_ReplicateLayout.replicate_layout 839:Dst fp.id: '0C09B42A-D4DF-4F87-AFF4-5296AF118FDF'
11-12 22:57:11 com_github_MitjaNemec_ReplicateLayout.replicate_layout 792:Net pairs for sheet ['Top', 'LEDs_Bottom', 'LEDS_discreet3', 'LED_single2'] :[('Net-(LED142-A)', 'Net-(LED118-A)'), ('Net-(LED144-K)', 'Net-(LED120-K)'), ('Net-(LED143-A)', 'Net-(LED119-A)'), ('/Top/LEDs_Bottom/LEDS_discreet4/LED_single/LED_GREEN', '/Top/LEDs_Bottom/LEDS_discreet3/LED_single2/LED_GREEN'), ('/Top/GND', '/Top/GND'), ('Net-(LED144-A)', 'Net-(LED120-A)'), ('Net-(LED142-K)', 'Net-(LED118-K)'), ('/Top/VDD', '/Top/VDD'), ('/Top/LEDs_Bottom/LEDS_discreet4/LED_single/LED_RED', '/Top/LEDs_Bottom/LEDS_discreet3/LED_single2/LED_RED')]
11-12 22:57:11 root 345:updating GUI with: 66
11-12 22:57:11 com_github_MitjaNemec_ReplicateLayout.replicate_layout 1020:Replicating tracks on sheet ['Top', 'LEDs_Bottom', 'LEDS_discreet3', 'LED_single3']
11-12 22:57:11 com_github_MitjaNemec_ReplicateLayout.replicate_layout 835:Src fp.id: '0C09B42A-D4DF-4F87-AFF4-5296AF118FDF'
11-12 22:57:11 com_github_MitjaNemec_ReplicateLayout.replicate_layout 839:Dst fp.id: '0C09B42A-D4DF-4F87-AFF4-5296AF118FDF'
11-12 22:57:11 com_github_MitjaNemec_ReplicateLayout.replicate_layout 792:Net pairs for sheet ['Top', 'LEDs_Bottom', 'LEDS_discreet3', 'LED_single3'] :[('/Top/LEDs_Bottom/LEDS_discreet4/LED_single/LED_RED', '/Top/LEDs_Bottom/LEDS_discreet3/LED_single3/LED_RED'), ('/Top/LEDs_Bottom/LEDS_discreet4/LED_single/LED_GREEN', '/Top/LEDs_Bottom/LEDS_discreet3/LED_single3/LED_GREEN'), ('Net-(LED144-K)', 'Net-(LED123-K)'), ('Net-(LED142-A)', 'Net-(LED121-A)'), ('Net-(LED142-K)', 'Net-(LED121-K)'), ('Net-(LED143-A)', 'Net-(LED122-A)'), ('/Top/GND', '/Top/GND'), ('/Top/VDD', '/Top/VDD'), ('Net-(LED144-A)', 'Net-(LED123-A)')]
11-12 22:57:11 com_github_MitjaNemec_ReplicateLayout.replicate_layout 1020:Replicating tracks on sheet ['Top', 'LEDs_Bottom', 'LEDS_discreet4', 'LED_single1']
11-12 22:57:11 com_github_MitjaNemec_ReplicateLayout.replicate_layout 835:Src fp.id: '0C09B42A-D4DF-4F87-AFF4-5296AF118FDF'
11-12 22:57:11 com_github_MitjaNemec_ReplicateLayout.replicate_layout 839:Dst fp.id: '0C09B42A-D4DF-4F87-AFF4-5296AF118FDF'
11-12 22:57:11 com_github_MitjaNemec_ReplicateLayout.replicate_layout 792:Net pairs for sheet ['Top', 'LEDs_Bottom', 'LEDS_discreet4', 'LED_single1'] :[('Net-(LED142-K)', 'Net-(LED145-K)'), ('/Top/LEDs_Bottom/LEDS_discreet4/LED_single/LED_RED', '/Top/LEDs_Bottom/LEDS_discreet4/LED_single1/LED_RED'), ('/Top/LEDs_Bottom/LEDS_discreet4/LED_single/LED_GREEN', '/Top/LEDs_Bottom/LEDS_discreet4/LED_single1/LED_GREEN'), ('Net-(LED144-A)', 'Net-(LED147-A)'), ('Net-(LED143-A)', 'Net-(LED146-A)'), ('/Top/GND', '/Top/GND'), ('Net-(LED144-K)', 'Net-(LED147-K)'), ('Net-(LED142-A)', 'Net-(LED145-A)'), ('/Top/VDD', '/Top/VDD')]
11-12 22:57:11 com_github_MitjaNemec_ReplicateLayout.replicate_layout 1020:Replicating tracks on sheet ['Top', 'LEDs_Bottom', 'LEDS_discreet4', 'LED_single2']
11-12 22:57:11 com_github_MitjaNemec_ReplicateLayout.replicate_layout 835:Src fp.id: '0C09B42A-D4DF-4F87-AFF4-5296AF118FDF'
11-12 22:57:11 com_github_MitjaNemec_ReplicateLayout.replicate_layout 839:Dst fp.id: '0C09B42A-D4DF-4F87-AFF4-5296AF118FDF'
11-12 22:57:11 com_github_MitjaNemec_ReplicateLayout.replicate_layout 792:Net pairs for sheet ['Top', 'LEDs_Bottom', 'LEDS_discreet4', 'LED_single2'] :[('Net-(LED144-A)', 'Net-(LED150-A)'), ('Net-(LED143-A)', 'Net-(LED149-A)'), ('/Top/LEDs_Bottom/LEDS_discreet4/LED_single/LED_RED', '/Top/LEDs_Bottom/LEDS_discreet4/LED_single2/LED_RED'), ('Net-(LED144-K)', 'Net-(LED150-K)'), ('Net-(LED142-A)', 'Net-(LED148-A)'), ('/Top/GND', '/Top/GND'), ('/Top/LEDs_Bottom/LEDS_discreet4/LED_single/LED_GREEN', '/Top/LEDs_Bottom/LEDS_discreet4/LED_single2/LED_GREEN'), ('Net-(LED142-K)', 'Net-(LED148-K)'), ('/Top/VDD', '/Top/VDD')]
11-12 22:57:11 com_github_MitjaNemec_ReplicateLayout.replicate_layout 1020:Replicating tracks on sheet ['Top', 'LEDs_Bottom', 'LEDS_discreet4', 'LED_single3']
11-12 22:57:11 com_github_MitjaNemec_ReplicateLayout.replicate_layout 835:Src fp.id: '0C09B42A-D4DF-4F87-AFF4-5296AF118FDF'
11-12 22:57:11 com_github_MitjaNemec_ReplicateLayout.replicate_layout 839:Dst fp.id: '0C09B42A-D4DF-4F87-AFF4-5296AF118FDF'
11-12 22:57:11 com_github_MitjaNemec_ReplicateLayout.replicate_layout 792:Net pairs for sheet ['Top', 'LEDs_Bottom', 'LEDS_discreet4', 'LED_single3'] :[('/Top/LEDs_Bottom/LEDS_discreet4/LED_single/LED_GREEN', '/Top/LEDs_Bottom/LEDS_discreet4/LED_single3/LED_GREEN'), ('Net-(LED142-K)', 'Net-(LED151-K)'), ('Net-(LED142-A)', 'Net-(LED151-A)'), ('/Top/GND', '/Top/GND'), ('Net-(LED144-A)', 'Net-(LED153-A)'), ('Net-(LED143-A)', 'Net-(LED152-A)'), ('/Top/LEDs_Bottom/LEDS_discreet4/LED_single/LED_RED', '/Top/LEDs_Bottom/LEDS_discreet4/LED_single3/LED_RED'), ('Net-(LED144-K)', 'Net-(LED153-K)'), ('/Top/VDD', '/Top/VDD')]
11-12 22:57:11 root 345:updating GUI with: 73
11-12 22:57:11 com_github_MitjaNemec_ReplicateLayout.replicate_layout 1020:Replicating tracks on sheet ['Top', 'LEDs_Bottom', 'LEDS_discreet5', 'LED_single']
11-12 22:57:11 com_github_MitjaNemec_ReplicateLayout.replicate_layout 835:Src fp.id: '0C09B42A-D4DF-4F87-AFF4-5296AF118FDF'
11-12 22:57:11 com_github_MitjaNemec_ReplicateLayout.replicate_layout 839:Dst fp.id: '0C09B42A-D4DF-4F87-AFF4-5296AF118FDF'
11-12 22:57:11 com_github_MitjaNemec_ReplicateLayout.replicate_layout 792:Net pairs for sheet ['Top', 'LEDs_Bottom', 'LEDS_discreet5', 'LED_single'] :[('Net-(LED143-A)', 'Net-(LED203-A)'), ('/Top/LEDs_Bottom/LEDS_discreet4/LED_single/LED_RED', '/Top/LEDs_Bottom/LEDS_discreet5/LED_single/LED_RED'), ('Net-(LED142-K)', 'Net-(LED202-K)'), ('/Top/LEDs_Bottom/LEDS_discreet4/LED_single/LED_GREEN', '/Top/LEDs_Bottom/LEDS_discreet5/LED_single/LED_GREEN'), ('Net-(LED144-K)', 'Net-(LED204-K)'), ('/Top/GND', '/Top/GND'), ('Net-(LED144-A)', 'Net-(LED204-A)'), ('/Top/VDD', '/Top/VDD'), ('Net-(LED142-A)', 'Net-(LED202-A)')]
11-12 22:57:11 com_github_MitjaNemec_ReplicateLayout.replicate_layout 1020:Replicating tracks on sheet ['Top', 'LEDs_Bottom', 'LEDS_discreet5', 'LED_single1']
11-12 22:57:11 com_github_MitjaNemec_ReplicateLayout.replicate_layout 835:Src fp.id: '0C09B42A-D4DF-4F87-AFF4-5296AF118FDF'
11-12 22:57:11 com_github_MitjaNemec_ReplicateLayout.replicate_layout 839:Dst fp.id: '0C09B42A-D4DF-4F87-AFF4-5296AF118FDF'
11-12 22:57:11 com_github_MitjaNemec_ReplicateLayout.replicate_layout 792:Net pairs for sheet ['Top', 'LEDs_Bottom', 'LEDS_discreet5', 'LED_single1'] :[('Net-(LED144-K)', 'Net-(LED207-K)'), ('/Top/LEDs_Bottom/LEDS_discreet4/LED_single/LED_GREEN', '/Top/LEDs_Bottom/LEDS_discreet5/LED_single1/LED_GREEN'), ('Net-(LED142-A)', 'Net-(LED205-A)'), ('/Top/LEDs_Bottom/LEDS_discreet4/LED_single/LED_RED', '/Top/LEDs_Bottom/LEDS_discreet5/LED_single1/LED_RED'), ('Net-(LED144-A)', 'Net-(LED207-A)'), ('/Top/GND', '/Top/GND'), ('Net-(LED143-A)', 'Net-(LED206-A)'), ('Net-(LED142-K)', 'Net-(LED205-K)'), ('/Top/VDD', '/Top/VDD')]
11-12 22:57:11 com_github_MitjaNemec_ReplicateLayout.replicate_layout 1020:Replicating tracks on sheet ['Top', 'LEDs_Bottom', 'LEDS_discreet5', 'LED_single2']
11-12 22:57:11 com_github_MitjaNemec_ReplicateLayout.replicate_layout 835:Src fp.id: '0C09B42A-D4DF-4F87-AFF4-5296AF118FDF'
11-12 22:57:11 com_github_MitjaNemec_ReplicateLayout.replicate_layout 839:Dst fp.id: '0C09B42A-D4DF-4F87-AFF4-5296AF118FDF'
11-12 22:57:11 com_github_MitjaNemec_ReplicateLayout.replicate_layout 792:Net pairs for sheet ['Top', 'LEDs_Bottom', 'LEDS_discreet5', 'LED_single2'] :[('Net-(LED142-K)', 'Net-(LED208-K)'), ('/Top/LEDs_Bottom/LEDS_discreet4/LED_single/LED_RED', '/Top/LEDs_Bottom/LEDS_discreet5/LED_single2/LED_RED'), ('Net-(LED143-A)', 'Net-(LED209-A)'), ('Net-(LED142-A)', 'Net-(LED208-A)'), ('/Top/GND', '/Top/GND'), ('Net-(LED144-A)', 'Net-(LED210-A)'), ('/Top/LEDs_Bottom/LEDS_discreet4/LED_single/LED_GREEN', '/Top/LEDs_Bottom/LEDS_discreet5/LED_single2/LED_GREEN'), ('Net-(LED144-K)', 'Net-(LED210-K)'), ('/Top/VDD', '/Top/VDD')]
11-12 22:57:11 com_github_MitjaNemec_ReplicateLayout.replicate_layout 1020:Replicating tracks on sheet ['Top', 'LEDs_Bottom', 'LEDS_discreet5', 'LED_single3']
11-12 22:57:11 com_github_MitjaNemec_ReplicateLayout.replicate_layout 835:Src fp.id: '0C09B42A-D4DF-4F87-AFF4-5296AF118FDF'
11-12 22:57:11 com_github_MitjaNemec_ReplicateLayout.replicate_layout 839:Dst fp.id: '0C09B42A-D4DF-4F87-AFF4-5296AF118FDF'
11-12 22:57:11 com_github_MitjaNemec_ReplicateLayout.replicate_layout 792:Net pairs for sheet ['Top', 'LEDs_Bottom', 'LEDS_discreet5', 'LED_single3'] :[('Net-(LED144-A)', 'Net-(LED213-A)'), ('Net-(LED142-K)', 'Net-(LED211-K)'), ('Net-(LED143-A)', 'Net-(LED212-A)'), ('Net-(LED144-K)', 'Net-(LED213-K)'), ('/Top/GND', '/Top/GND'), ('/Top/LEDs_Bottom/LEDS_discreet4/LED_single/LED_GREEN', '/Top/LEDs_Bottom/LEDS_discreet5/LED_single3/LED_GREEN'), ('Net-(LED142-A)', 'Net-(LED211-A)'), ('/Top/VDD', '/Top/VDD'), ('/Top/LEDs_Bottom/LEDS_discreet4/LED_single/LED_RED', '/Top/LEDs_Bottom/LEDS_discreet5/LED_single3/LED_RED')]
11-12 22:57:11 root 345:updating GUI with: 79
11-12 22:57:11 com_github_MitjaNemec_ReplicateLayout.replicate_layout 1020:Replicating tracks on sheet ['Top', 'LEDs_Bottom', 'LEDS_discreet6', 'LED_single']
11-12 22:57:11 com_github_MitjaNemec_ReplicateLayout.replicate_layout 835:Src fp.id: '0C09B42A-D4DF-4F87-AFF4-5296AF118FDF'
11-12 22:57:11 com_github_MitjaNemec_ReplicateLayout.replicate_layout 839:Dst fp.id: '0C09B42A-D4DF-4F87-AFF4-5296AF118FDF'
11-12 22:57:11 com_github_MitjaNemec_ReplicateLayout.replicate_layout 792:Net pairs for sheet ['Top', 'LEDs_Bottom', 'LEDS_discreet6', 'LED_single'] :[('Net-(LED143-A)', 'Net-(LED227-A)'), ('Net-(LED142-K)', 'Net-(LED226-K)'), ('Net-(LED144-A)', 'Net-(LED228-A)'), ('/Top/GND', '/Top/GND'), ('/Top/LEDs_Bottom/LEDS_discreet4/LED_single/LED_RED', '/Top/LEDs_Bottom/LEDS_discreet6/LED_single/LED_RED'), ('Net-(LED144-K)', 'Net-(LED228-K)'), ('/Top/LEDs_Bottom/LEDS_discreet4/LED_single/LED_GREEN', '/Top/LEDs_Bottom/LEDS_discreet6/LED_single/LED_GREEN'), ('/Top/VDD', '/Top/VDD'), ('Net-(LED142-A)', 'Net-(LED226-A)')]
11-12 22:57:11 com_github_MitjaNemec_ReplicateLayout.replicate_layout 1020:Replicating tracks on sheet ['Top', 'LEDs_Bottom', 'LEDS_discreet6', 'LED_single1']
11-12 22:57:11 com_github_MitjaNemec_ReplicateLayout.replicate_layout 835:Src fp.id: '0C09B42A-D4DF-4F87-AFF4-5296AF118FDF'
11-12 22:57:11 com_github_MitjaNemec_ReplicateLayout.replicate_layout 839:Dst fp.id: '0C09B42A-D4DF-4F87-AFF4-5296AF118FDF'
11-12 22:57:11 com_github_MitjaNemec_ReplicateLayout.replicate_layout 792:Net pairs for sheet ['Top', 'LEDs_Bottom', 'LEDS_discreet6', 'LED_single1'] :[('Net-(LED144-A)', 'Net-(LED231-A)'), ('Net-(LED144-K)', 'Net-(LED231-K)'), ('/Top/LEDs_Bottom/LEDS_discreet4/LED_single/LED_RED', '/Top/LEDs_Bottom/LEDS_discreet6/LED_single1/LED_RED'), ('/Top/LEDs_Bottom/LEDS_discreet4/LED_single/LED_GREEN', '/Top/LEDs_Bottom/LEDS_discreet6/LED_single1/LED_GREEN'), ('Net-(LED142-K)', 'Net-(LED229-K)'), ('Net-(LED143-A)', 'Net-(LED230-A)'), ('/Top/GND', '/Top/GND'), ('Net-(LED142-A)', 'Net-(LED229-A)'), ('/Top/VDD', '/Top/VDD')]
11-12 22:57:11 com_github_MitjaNemec_ReplicateLayout.replicate_layout 1020:Replicating tracks on sheet ['Top', 'LEDs_Bottom', 'LEDS_discreet6', 'LED_single2']
11-12 22:57:11 com_github_MitjaNemec_ReplicateLayout.replicate_layout 835:Src fp.id: '0C09B42A-D4DF-4F87-AFF4-5296AF118FDF'
11-12 22:57:11 com_github_MitjaNemec_ReplicateLayout.replicate_layout 839:Dst fp.id: '0C09B42A-D4DF-4F87-AFF4-5296AF118FDF'
11-12 22:57:11 com_github_MitjaNemec_ReplicateLayout.replicate_layout 792:Net pairs for sheet ['Top', 'LEDs_Bottom', 'LEDS_discreet6', 'LED_single2'] :[('Net-(LED142-K)', 'Net-(LED232-K)'), ('Net-(LED144-K)', 'Net-(LED234-K)'), ('Net-(LED143-A)', 'Net-(LED233-A)'), ('/Top/GND', '/Top/GND'), ('/Top/LEDs_Bottom/LEDS_discreet4/LED_single/LED_RED', '/Top/LEDs_Bottom/LEDS_discreet6/LED_single2/LED_RED'), ('/Top/LEDs_Bottom/LEDS_discreet4/LED_single/LED_GREEN', '/Top/LEDs_Bottom/LEDS_discreet6/LED_single2/LED_GREEN'), ('/Top/VDD', '/Top/VDD'), ('Net-(LED142-A)', 'Net-(LED232-A)'), ('Net-(LED144-A)', 'Net-(LED234-A)')]
11-12 22:57:11 com_github_MitjaNemec_ReplicateLayout.replicate_layout 1020:Replicating tracks on sheet ['Top', 'LEDs_Bottom', 'LEDS_discreet6', 'LED_single3']
11-12 22:57:11 com_github_MitjaNemec_ReplicateLayout.replicate_layout 835:Src fp.id: '0C09B42A-D4DF-4F87-AFF4-5296AF118FDF'
11-12 22:57:11 com_github_MitjaNemec_ReplicateLayout.replicate_layout 839:Dst fp.id: '0C09B42A-D4DF-4F87-AFF4-5296AF118FDF'
11-12 22:57:11 com_github_MitjaNemec_ReplicateLayout.replicate_layout 792:Net pairs for sheet ['Top', 'LEDs_Bottom', 'LEDS_discreet6', 'LED_single3'] :[('/Top/LEDs_Bottom/LEDS_discreet4/LED_single/LED_GREEN', '/Top/LEDs_Bottom/LEDS_discreet6/LED_single3/LED_GREEN'), ('Net-(LED142-A)', 'Net-(LED235-A)'), ('/Top/LEDs_Bottom/LEDS_discreet4/LED_single/LED_RED', '/Top/LEDs_Bottom/LEDS_discreet6/LED_single3/LED_RED'), ('Net-(LED144-K)', 'Net-(LED237-K)'), ('Net-(LED142-K)', 'Net-(LED235-K)'), ('/Top/GND', '/Top/GND'), ('Net-(LED144-A)', 'Net-(LED237-A)'), ('Net-(LED143-A)', 'Net-(LED236-A)'), ('/Top/VDD', '/Top/VDD')]
11-12 22:57:11 root 345:updating GUI with: 85
11-12 22:57:11 com_github_MitjaNemec_ReplicateLayout.replicate_layout 1020:Replicating tracks on sheet ['Top', 'LEDs_Bottom', 'LEDS_discreet7', 'LED_single']
11-12 22:57:11 com_github_MitjaNemec_ReplicateLayout.replicate_layout 835:Src fp.id: '0C09B42A-D4DF-4F87-AFF4-5296AF118FDF'
11-12 22:57:11 com_github_MitjaNemec_ReplicateLayout.replicate_layout 839:Dst fp.id: '0C09B42A-D4DF-4F87-AFF4-5296AF118FDF'
11-12 22:57:11 com_github_MitjaNemec_ReplicateLayout.replicate_layout 792:Net pairs for sheet ['Top', 'LEDs_Bottom', 'LEDS_discreet7', 'LED_single'] :[('/Top/VDD', '/Top/VDD'), ('/Top/LEDs_Bottom/LEDS_discreet4/LED_single/LED_GREEN', '/Top/LEDs_Bottom/LEDS_discreet7/LED_single/LED_GREEN'), ('Net-(LED144-K)', 'Net-(LED252-K)'), ('/Top/GND', '/Top/GND'), ('Net-(LED142-A)', 'Net-(LED250-A)'), ('Net-(LED144-A)', 'Net-(LED252-A)'), ('/Top/LEDs_Bottom/LEDS_discreet4/LED_single/LED_RED', '/Top/LEDs_Bottom/LEDS_discreet7/LED_single/LED_RED'), ('Net-(LED143-A)', 'Net-(LED251-A)'), ('Net-(LED142-K)', 'Net-(LED250-K)')]
11-12 22:57:11 com_github_MitjaNemec_ReplicateLayout.replicate_layout 1020:Replicating tracks on sheet ['Top', 'LEDs_Bottom', 'LEDS_discreet7', 'LED_single1']
11-12 22:57:11 com_github_MitjaNemec_ReplicateLayout.replicate_layout 835:Src fp.id: '0C09B42A-D4DF-4F87-AFF4-5296AF118FDF'
11-12 22:57:11 com_github_MitjaNemec_ReplicateLayout.replicate_layout 839:Dst fp.id: '0C09B42A-D4DF-4F87-AFF4-5296AF118FDF'
11-12 22:57:11 com_github_MitjaNemec_ReplicateLayout.replicate_layout 792:Net pairs for sheet ['Top', 'LEDs_Bottom', 'LEDS_discreet7', 'LED_single1'] :[('Net-(LED142-K)', 'Net-(LED253-K)'), ('/Top/GND', '/Top/GND'), ('/Top/LEDs_Bottom/LEDS_discreet4/LED_single/LED_GREEN', '/Top/LEDs_Bottom/LEDS_discreet7/LED_single1/LED_GREEN'), ('Net-(LED144-K)', 'Net-(LED255-K)'), ('/Top/LEDs_Bottom/LEDS_discreet4/LED_single/LED_RED', '/Top/LEDs_Bottom/LEDS_discreet7/LED_single1/LED_RED'), ('Net-(LED144-A)', 'Net-(LED255-A)'), ('Net-(LED143-A)', 'Net-(LED254-A)'), ('Net-(LED142-A)', 'Net-(LED253-A)'), ('/Top/VDD', '/Top/VDD')]
11-12 22:57:11 com_github_MitjaNemec_ReplicateLayout.replicate_layout 1020:Replicating tracks on sheet ['Top', 'LEDs_Bottom', 'LEDS_discreet7', 'LED_single2']
11-12 22:57:11 com_github_MitjaNemec_ReplicateLayout.replicate_layout 835:Src fp.id: '0C09B42A-D4DF-4F87-AFF4-5296AF118FDF'
11-12 22:57:11 com_github_MitjaNemec_ReplicateLayout.replicate_layout 839:Dst fp.id: '0C09B42A-D4DF-4F87-AFF4-5296AF118FDF'
11-12 22:57:11 com_github_MitjaNemec_ReplicateLayout.replicate_layout 792:Net pairs for sheet ['Top', 'LEDs_Bottom', 'LEDS_discreet7', 'LED_single2'] :[('Net-(LED142-K)', 'Net-(LED256-K)'), ('/Top/GND', '/Top/GND'), ('Net-(LED142-A)', 'Net-(LED256-A)'), ('/Top/LEDs_Bottom/LEDS_discreet4/LED_single/LED_RED', '/Top/LEDs_Bottom/LEDS_discreet7/LED_single2/LED_RED'), ('Net-(LED144-K)', 'Net-(LED258-K)'), ('/Top/LEDs_Bottom/LEDS_discreet4/LED_single/LED_GREEN', '/Top/LEDs_Bottom/LEDS_discreet7/LED_single2/LED_GREEN'), ('/Top/VDD', '/Top/VDD'), ('Net-(LED143-A)', 'Net-(LED257-A)'), ('Net-(LED144-A)', 'Net-(LED258-A)')]
11-12 22:57:11 com_github_MitjaNemec_ReplicateLayout.replicate_layout 1020:Replicating tracks on sheet ['Top', 'LEDs_Bottom', 'LEDS_discreet7', 'LED_single3']
11-12 22:57:11 com_github_MitjaNemec_ReplicateLayout.replicate_layout 835:Src fp.id: '0C09B42A-D4DF-4F87-AFF4-5296AF118FDF'
11-12 22:57:11 com_github_MitjaNemec_ReplicateLayout.replicate_layout 839:Dst fp.id: '0C09B42A-D4DF-4F87-AFF4-5296AF118FDF'
11-12 22:57:11 com_github_MitjaNemec_ReplicateLayout.replicate_layout 792:Net pairs for sheet ['Top', 'LEDs_Bottom', 'LEDS_discreet7', 'LED_single3'] :[('Net-(LED142-K)', 'Net-(LED259-K)'), ('/Top/VDD', '/Top/VDD'), ('Net-(LED142-A)', 'Net-(LED259-A)'), ('/Top/LEDs_Bottom/LEDS_discreet4/LED_single/LED_RED', '/Top/LEDs_Bottom/LEDS_discreet7/LED_single3/LED_RED'), ('/Top/GND', '/Top/GND'), ('Net-(LED143-A)', 'Net-(LED260-A)'), ('Net-(LED144-A)', 'Net-(LED261-A)'), ('Net-(LED144-K)', 'Net-(LED261-K)'), ('/Top/LEDs_Bottom/LEDS_discreet4/LED_single/LED_GREEN', '/Top/LEDs_Bottom/LEDS_discreet7/LED_single3/LED_GREEN')]
11-12 22:57:11 root 345:updating GUI with: 92
11-12 22:57:11 com_github_MitjaNemec_ReplicateLayout.replicate_layout 1020:Replicating tracks on sheet ['Top', 'LEDs_Bottom', 'LEDS_discreet8', 'LED_single']
11-12 22:57:11 com_github_MitjaNemec_ReplicateLayout.replicate_layout 835:Src fp.id: '0C09B42A-D4DF-4F87-AFF4-5296AF118FDF'
11-12 22:57:11 com_github_MitjaNemec_ReplicateLayout.replicate_layout 839:Dst fp.id: '0C09B42A-D4DF-4F87-AFF4-5296AF118FDF'
11-12 22:57:11 com_github_MitjaNemec_ReplicateLayout.replicate_layout 792:Net pairs for sheet ['Top', 'LEDs_Bottom', 'LEDS_discreet8', 'LED_single'] :[('Net-(LED144-K)', 'Net-(LED276-K)'), ('Net-(LED142-K)', 'Net-(LED274-K)'), ('/Top/LEDs_Bottom/LEDS_discreet4/LED_single/LED_RED', '/Top/LEDs_Bottom/LEDS_discreet8/LED_single/LED_RED'), ('Net-(LED144-A)', 'Net-(LED276-A)'), ('/Top/GND', '/Top/GND'), ('Net-(LED143-A)', 'Net-(LED275-A)'), ('Net-(LED142-A)', 'Net-(LED274-A)'), ('/Top/LEDs_Bottom/LEDS_discreet4/LED_single/LED_GREEN', '/Top/LEDs_Bottom/LEDS_discreet8/LED_single/LED_GREEN'), ('/Top/VDD', '/Top/VDD')]
11-12 22:57:11 com_github_MitjaNemec_ReplicateLayout.replicate_layout 1020:Replicating tracks on sheet ['Top', 'LEDs_Bottom', 'LEDS_discreet8', 'LED_single1']
11-12 22:57:11 com_github_MitjaNemec_ReplicateLayout.replicate_layout 835:Src fp.id: '0C09B42A-D4DF-4F87-AFF4-5296AF118FDF'
11-12 22:57:11 com_github_MitjaNemec_ReplicateLayout.replicate_layout 839:Dst fp.id: '0C09B42A-D4DF-4F87-AFF4-5296AF118FDF'
11-12 22:57:11 com_github_MitjaNemec_ReplicateLayout.replicate_layout 792:Net pairs for sheet ['Top', 'LEDs_Bottom', 'LEDS_discreet8', 'LED_single1'] :[('Net-(LED143-A)', 'Net-(LED278-A)'), ('/Top/LEDs_Bottom/LEDS_discreet4/LED_single/LED_GREEN', '/Top/LEDs_Bottom/LEDS_discreet8/LED_single1/LED_GREEN'), ('/Top/LEDs_Bottom/LEDS_discreet4/LED_single/LED_RED', '/Top/LEDs_Bottom/LEDS_discreet8/LED_single1/LED_RED'), ('Net-(LED142-K)', 'Net-(LED277-K)'), ('/Top/GND', '/Top/GND'), ('Net-(LED144-A)', 'Net-(LED279-A)'), ('Net-(LED142-A)', 'Net-(LED277-A)'), ('Net-(LED144-K)', 'Net-(LED279-K)'), ('/Top/VDD', '/Top/VDD')]
11-12 22:57:11 com_github_MitjaNemec_ReplicateLayout.replicate_layout 1020:Replicating tracks on sheet ['Top', 'LEDs_Bottom', 'LEDS_discreet8', 'LED_single2']
11-12 22:57:11 com_github_MitjaNemec_ReplicateLayout.replicate_layout 835:Src fp.id: '0C09B42A-D4DF-4F87-AFF4-5296AF118FDF'
11-12 22:57:11 com_github_MitjaNemec_ReplicateLayout.replicate_layout 839:Dst fp.id: '0C09B42A-D4DF-4F87-AFF4-5296AF118FDF'
11-12 22:57:11 com_github_MitjaNemec_ReplicateLayout.replicate_layout 792:Net pairs for sheet ['Top', 'LEDs_Bottom', 'LEDS_discreet8', 'LED_single2'] :[('Net-(LED142-A)', 'Net-(LED280-A)'), ('/Top/LEDs_Bottom/LEDS_discreet4/LED_single/LED_GREEN', '/Top/LEDs_Bottom/LEDS_discreet8/LED_single2/LED_GREEN'), ('Net-(LED144-K)', 'Net-(LED282-K)'), ('/Top/LEDs_Bottom/LEDS_discreet4/LED_single/LED_RED', '/Top/LEDs_Bottom/LEDS_discreet8/LED_single2/LED_RED'), ('Net-(LED143-A)', 'Net-(LED281-A)'), ('/Top/GND', '/Top/GND'), ('Net-(LED142-K)', 'Net-(LED280-K)'), ('/Top/VDD', '/Top/VDD'), ('Net-(LED144-A)', 'Net-(LED282-A)')]
11-12 22:57:11 com_github_MitjaNemec_ReplicateLayout.replicate_layout 1020:Replicating tracks on sheet ['Top', 'LEDs_Bottom', 'LEDS_discreet8', 'LED_single3']
11-12 22:57:11 com_github_MitjaNemec_ReplicateLayout.replicate_layout 835:Src fp.id: '0C09B42A-D4DF-4F87-AFF4-5296AF118FDF'
11-12 22:57:11 com_github_MitjaNemec_ReplicateLayout.replicate_layout 839:Dst fp.id: '0C09B42A-D4DF-4F87-AFF4-5296AF118FDF'
11-12 22:57:11 com_github_MitjaNemec_ReplicateLayout.replicate_layout 792:Net pairs for sheet ['Top', 'LEDs_Bottom', 'LEDS_discreet8', 'LED_single3'] :[('/Top/VDD', '/Top/VDD'), ('Net-(LED142-K)', 'Net-(LED283-K)'), ('Net-(LED144-K)', 'Net-(LED285-K)'), ('/Top/LEDs_Bottom/LEDS_discreet4/LED_single/LED_GREEN', '/Top/LEDs_Bottom/LEDS_discreet8/LED_single3/LED_GREEN'), ('Net-(LED142-A)', 'Net-(LED283-A)'), ('Net-(LED144-A)', 'Net-(LED285-A)'), ('/Top/GND', '/Top/GND'), ('Net-(LED143-A)', 'Net-(LED284-A)'), ('/Top/LEDs_Bottom/LEDS_discreet4/LED_single/LED_RED', '/Top/LEDs_Bottom/LEDS_discreet8/LED_single3/LED_RED')]
11-12 22:57:11 root 345:updating GUI with: 99
11-12 22:57:11 com_github_MitjaNemec_ReplicateLayout.action_replicate_layout 264:Replication complete
